"CsFile","CsLine","RawRef","RefFile","RefLineLo","RefLineHi","Status","Detail"
"Parser/Parser.cs","632","LILYPOND-REF: lily/context-property.cc","lily/context-property.cc",,,"NoRange","rangeRaw=''"
"Parser/Parser.cs","673","LILYPOND-REF: lily/context-property.cc","lily/context-property.cc",,,"NoRange","rangeRaw=''"
"Parser/Parser.cs","686","LILYPOND-REF: lily/context-property.cc","lily/context-property.cc",,,"NoRange","rangeRaw=''"
"Parser/Parser.cs","1146","LILYPOND-REF: lily/lyric-engraver.cc:90-120 ","lily/lyric-engraver.cc","90","120","OK","lo=90 hi=120 totalLines=221"
"Parser/Parser.cs","1187","LILYPOND-REF: lily/lyric-engraver.cc:60-88 ","lily/lyric-engraver.cc","60","88","OK","lo=60 hi=88 totalLines=221"
"Parser/Parser.cs","1372","LILYPOND-REF: lily/figured-bass-engraver.cc","lily/figured-bass-engraver.cc",,,"NoRange","rangeRaw=''"
"Pdf/PdfGenerator.cs","30","LILYPOND-REF: lily/cairo.cc","lily/cairo.cc",,,"NoRange","rangeRaw=''"
"Pdf/Renderer/PdfRenderer.cs","29","LILYPOND-REF: lily/cairo.cc","lily/cairo.cc",,,"NoRange","rangeRaw=''"
"Svg/EmmentalerGlyphs.cs","32","LILYPOND-REF: lily/clef.cc:29-52 ","lily/clef.cc","29","52","OK","lo=29 hi=52 totalLines=82"
"Svg/EmmentalerGlyphs.cs","71","LILYPOND-REF: lily/accidental.cc:35-46 ","lily/accidental.cc","35","46","OK","lo=35 hi=46 totalLines=167"
"Svg/EmmentalerGlyphs.cs","72","LILYPOND-REF: mf/feta-parenthesis.mf","mf/feta-parenthesis.mf",,,"NoRange","rangeRaw=''"
"Svg/EngravingDefaults.cs","24","LILYPOND-REF: lily/spacing-options.cc:52-63 ","lily/spacing-options.cc","52","63","OK","lo=52 hi=63 totalLines=108"
"Svg/EngravingDefaults.cs","25","LILYPOND-REF: scm/define-grobs.scm","scm/define-grobs.scm",,,"NoRange","rangeRaw=''"
"Svg/EngravingDefaults.cs","92","LILYPOND-REF: lily/stem.cc","lily/stem.cc",,,"NoRange","rangeRaw=''"
"Svg/EngravingRules.cs","24","LILYPOND-REF: scm/define-grobs.scm","scm/define-grobs.scm",,,"NoRange","rangeRaw=''"
"Svg/EngravingRules.cs","32","LILYPOND-REF: scm/define-grobs.scm","scm/define-grobs.scm",,,"NoRange","rangeRaw=''"
"Svg/EngravingRules.cs","37","LILYPOND-REF: scm/define-grobs.scm","scm/define-grobs.scm",,,"NoRange","rangeRaw=''"
"Svg/EngravingRules.cs","43","LILYPOND-REF: scm/define-grobs.scm:3239-3247 ","scm/define-grobs.scm","3239","3247","OK","lo=3239 hi=3247 totalLines=4414"
"Svg/EngravingRules.cs","77","LILYPOND-REF: lily/note-spacing.cc","lily/note-spacing.cc",,,"NoRange","rangeRaw=''"
"Svg/EngravingRules.cs","81","LILYPOND-REF: scm/define-grobs.scm","scm/define-grobs.scm",,,"NoRange","rangeRaw=''"
"Svg/EngravingRules.cs","87","LILYPOND-REF: scm/define-grobs.scm","scm/define-grobs.scm",,,"NoRange","rangeRaw=''"
"Svg/EngravingRules.cs","91","LILYPOND-REF: scm/define-grobs.scm","scm/define-grobs.scm",,,"NoRange","rangeRaw=''"
"Svg/EngravingRules.cs","95","LILYPOND-REF: scm/define-grobs.scm","scm/define-grobs.scm",,,"NoRange","rangeRaw=''"
"Svg/EngravingRules.cs","99","LILYPOND-REF: scm/define-grobs.scm","scm/define-grobs.scm",,,"NoRange","rangeRaw=''"
"Svg/SvgGenerator.cs","131","LILYPOND-REF: lily/book.cc","lily/book.cc",,,"NoRange","rangeRaw=''"
"Svg/Collector/BeamDetector.cs","28","LILYPOND-REF: lily/beaming-pattern.cc","lily/beaming-pattern.cc",,,"NoRange","rangeRaw=''"
"Svg/Collector/BeamDetector.cs","29","LILYPOND-REF: lily/auto-beam-engraver.cc","lily/auto-beam-engraver.cc",,,"NoRange","rangeRaw=''"
"Svg/Collector/BeamDetector.cs","162","LILYPOND-REF: lily/beaming-pattern.cc","lily/beaming-pattern.cc",,,"NoRange","rangeRaw=''"
"Svg/Collector/GlissandoDetector.cs","26","LILYPOND-REF: scm/scheme-engravers.scm","scm/scheme-engravers.scm",,,"NoRange","rangeRaw=''"
"Svg/Collector/LyricCollector.cs","27","LILYPOND-REF: lily/lyric-engraver.cc:60-88 ","lily/lyric-engraver.cc","60","88","OK","lo=60 hi=88 totalLines=221"
"Svg/Collector/LyricCollector.cs","28","LILYPOND-REF: lily/lyric-combine-music-iterator.cc:1-200","lily/lyric-combine-music-iterator.cc","1","200","OK","lo=1 hi=200 totalLines=378"
"Svg/Collector/LyricCollector.cs","95","LILYPOND-REF: lily/lyric-engraver.cc:40-60 ","lily/lyric-engraver.cc","40","60","OK","lo=40 hi=60 totalLines=221"
"Svg/Collector/MeasureCollector.cs","378","LILYPOND-REF: lily/accidental-engraver.cc","lily/accidental-engraver.cc",,,"NoRange","rangeRaw=''"
"Svg/Collector/MeasureCollector.cs","766","LILYPOND-REF: lily/clef-engraver.cc","lily/clef-engraver.cc",,,"NoRange","rangeRaw=''"
"Svg/Collector/MeasureCollector.cs","778","LILYPOND-REF: lily/key-engraver.cc","lily/key-engraver.cc",,,"NoRange","rangeRaw=''"
"Svg/Collector/MeasureCollector.cs","795","LILYPOND-REF: lily/tuplet-engraver.cc","lily/tuplet-engraver.cc",,,"NoRange","rangeRaw=''"
"Svg/Collector/MeasureCollector.cs","800","LILYPOND-REF: lily/percent-repeat-engraver.cc","lily/percent-repeat-engraver.cc",,,"NoRange","rangeRaw=''"
"Svg/Collector/MeasureCollector.cs","826","LILYPOND-REF: lily/tuplet-engraver.cc","lily/tuplet-engraver.cc",,,"NoRange","rangeRaw=''"
"Svg/Collector/MeasureCollector.cs","827","LILYPOND-REF: lily/tuplet-bracket.cc:400-500 - ","lily/tuplet-bracket.cc","400","500","OK","lo=400 hi=500 totalLines=915"
"Svg/Collector/MeasureCollector.cs","872","LILYPOND-REF: lily/tuplet-bracket.cc","lily/tuplet-bracket.cc",,,"NoRange","rangeRaw=''"
"Svg/Collector/MeasureCollector.cs","883","LILYPOND-REF: lily/tuplet-bracket.cc","lily/tuplet-bracket.cc",,,"NoRange","rangeRaw=''"
"Svg/Collector/MeasureCollector.cs","1107","LILYPOND-REF: lily/accidental-engraver.cc","lily/accidental-engraver.cc",,,"NoRange","rangeRaw=''"
"Svg/Collector/MeasureCollector.cs","1138","LILYPOND-REF: lily/accidental-engraver.cc","lily/accidental-engraver.cc",,,"NoRange","rangeRaw=''"
"Svg/Collector/MeasureCollector.cs","1166","LILYPOND-REF: lily/accidental-engraver.cc","lily/accidental-engraver.cc",,,"NoRange","rangeRaw=''"
"Svg/Collector/MeasureCollector.cs","1190","LILYPOND-REF: lily/accidental-engraver.cc","lily/accidental-engraver.cc",,,"NoRange","rangeRaw=''"
"Svg/Collector/MeasureCollector.cs","1332","LILYPOND-REF: lily/tuplet-bracket.cc","lily/tuplet-bracket.cc",,,"NoRange","rangeRaw=''"
"Svg/Collector/MeasureCollector.cs","1614","LILYPOND-REF: lily/arpeggio.cc","lily/arpeggio.cc",,,"NoRange","rangeRaw=''"
"Svg/Collector/MeasureCollector.cs","1638","LILYPOND-REF: scm/scheme-engravers.scm","scm/scheme-engravers.scm",,,"NoRange","rangeRaw=''"
"Svg/Collector/MeasureCollector.cs","1707","LILYPOND-REF: lily/percent-repeat-engraver.cc","lily/percent-repeat-engraver.cc",,,"NoRange","rangeRaw=''"
"Svg/Collector/MeasureCollector.cs","1708","LILYPOND-REF: lily/percent-repeat-iterator.cc","lily/percent-repeat-iterator.cc",,,"NoRange","rangeRaw=''"
"Svg/Collector/MeasureCollector.cs","1757","LILYPOND-REF: lily/figured-bass-engraver.cc","lily/figured-bass-engraver.cc",,,"NoRange","rangeRaw=''"
"Svg/Collector/MeasureCollector.cs","1790","LILYPOND-REF: scm/scheme-engravers.scm:1309 - ","scm/scheme-engravers.scm","1309","1309","OK","lo=1309 hi=1309 totalLines=2641"
"Svg/Collector/MeasureCollector.cs","1823","LILYPOND-REF: lily/beam.cc:1451-1459 - ","lily/beam.cc","1451","1459","OK","lo=1451 hi=1459 totalLines=1612"
"Svg/Collector/MeasureCollector.cs","1858","LILYPOND-REF: lily/context-property.cc","lily/context-property.cc",,,"NoRange","rangeRaw=''"
"Svg/Collector/MeasureCollector.cs","1870","LILYPOND-REF: lily/context-property.cc","lily/context-property.cc",,,"NoRange","rangeRaw=''"
"Svg/Collector/MeasureCollector.cs","1951","LILYPOND-REF: scm/scheme-engravers.scm","scm/scheme-engravers.scm",,,"NoRange","rangeRaw=''"
"Svg/Collector/MeasureCollector.cs","1964","LILYPOND-REF: lily/accidental.cc:147-148 ","lily/accidental.cc","147","148","OK","lo=147 hi=148 totalLines=167"
"Svg/Collector/MeasureCollector.cs","2007","LILYPOND-REF: scm/scheme-engravers.scm:47-85 ","scm/scheme-engravers.scm","47","85","OK","lo=47 hi=85 totalLines=2641"
"Svg/Collector/MeasureCollector.cs","2053","LILYPOND-REF: lily/grace-spacing-engraver.cc","lily/grace-spacing-engraver.cc",,,"NoRange","rangeRaw=''"
"Svg/Collector/MeasureCollector.cs","2271","LILYPOND-REF: lily/lyric-engraver.cc:60-88 ","lily/lyric-engraver.cc","60","88","OK","lo=60 hi=88 totalLines=221"
"Svg/Collector/MeasureCollector.cs","2272","LILYPOND-REF: lily/lyric-combine-music-iterator.cc:100-150 ","lily/lyric-combine-music-iterator.cc","100","150","OK","lo=100 hi=150 totalLines=378"
"Svg/Layout/AccidentalPlacement.cs","38","LILYPOND-REF: lily/accidental.cc:130-166","lily/accidental.cc","130","166","OK","lo=130 hi=166 totalLines=167"
"Svg/Layout/AccidentalPlacement.cs","49","LILYPOND-REF: lily/accidental-placement.cc:393-439 ","lily/accidental-placement.cc","393","439","OK","lo=393 hi=439 totalLines=534"
"Svg/Layout/AccidentalPlacement.cs","50","LILYPOND-REF: scm/define-grobs.scm:84 ","scm/define-grobs.scm","84","84","OK","lo=84 hi=84 totalLines=4414"
"Svg/Layout/AccidentalPlacement.cs","74","LILYPOND-REF: lily/accidental-placement.cc","lily/accidental-placement.cc",,,"NoRange","rangeRaw=''"
"Svg/Layout/AccidentalPlacement.cs","313","LILYPOND-REF: lily/accidental-placement.cc:261-336 ","lily/accidental-placement.cc","261","336","OK","lo=261 hi=336 totalLines=534"
"Svg/Layout/ArpeggioEngraver.cs","36","LILYPOND-REF: lily/arpeggio.cc","lily/arpeggio.cc",,,"NoRange","rangeRaw=''"
"Svg/Layout/ArpeggioEngraver.cs","42","LILYPOND-REF: scm/define-grobs.scm:209 ","scm/define-grobs.scm","209","209","OK","lo=209 hi=209 totalLines=4414"
"Svg/Layout/ArpeggioEngraver.cs","76","LILYPOND-REF: scm/define-grobs.scm:206 ","scm/define-grobs.scm","206","206","OK","lo=206 hi=206 totalLines=4414"
"Svg/Layout/ArpeggioEngraver.cs","88","LILYPOND-REF: scm/define-grobs.scm:211 ","scm/define-grobs.scm","211","211","OK","lo=211 hi=211 totalLines=4414"
"Svg/Layout/ArticulationEngraver.cs","169","LILYPOND-REF: mf/feta-scripts.mf","mf/feta-scripts.mf",,,"NoRange","rangeRaw=''"
"Svg/Layout/ArticulationEngraver.cs","232","LILYPOND-REF: scm/script.scm","scm/script.scm",,,"NoRange","rangeRaw=''"
"Svg/Layout/ArticulationEngraver.cs","279","LILYPOND-REF: scm/script.scm","scm/script.scm",,,"NoRange","rangeRaw=''"
"Svg/Layout/BeamConfiguration.cs","21","LILYPOND-REF: lily/include/beam-scoring-problem.hh:1-203 ","lily/include/beam-scoring-problem.hh","1","203","OK","lo=1 hi=203 totalLines=204"
"Svg/Layout/BeamConfiguration.cs","89","LILYPOND-REF: lily/beam-quanting.cc:624-651 ","lily/beam-quanting.cc","624","651","OK","lo=624 hi=651 totalLines=1402"
"Svg/Layout/BeamConfiguration.cs","113","LILYPOND-REF: lily/beam-quanting.cc:69-77 ","lily/beam-quanting.cc","69","77","OK","lo=69 hi=77 totalLines=1402"
"Svg/Layout/BeamEngraver.cs","27","LILYPOND-REF: lily/beam.cc:1-1554 ","lily/beam.cc","1","1554","OK","lo=1 hi=1554 totalLines=1612"
"Svg/Layout/BeamEngraver.cs","28","LILYPOND-REF: lily/beam-quanting.cc:1-1397 ","lily/beam-quanting.cc","1","1397","OK","lo=1 hi=1397 totalLines=1402"
"Svg/Layout/BeamQuantParameters.cs","21","LILYPOND-REF: lily/include/beam-scoring-problem.hh:1-203 ","lily/include/beam-scoring-problem.hh","1","203","OK","lo=1 hi=203 totalLines=204"
"Svg/Layout/BeamQuantParameters.cs","64","LILYPOND-REF: lily/beam-quanting.cc:754-755","lily/beam-quanting.cc","754","755","OK","lo=754 hi=755 totalLines=1402"
"Svg/Layout/BeamQuantParameters.cs","73","LILYPOND-REF: lily/beam-quanting.cc:1390 ","lily/beam-quanting.cc","1390","1390","OK","lo=1390 hi=1390 totalLines=1402"
"Svg/Layout/BeamQuantParameters.cs","81","LILYPOND-REF: lily/beam-quanting.cc:123-124","lily/beam-quanting.cc","123","124","OK","lo=123 hi=124 totalLines=1402"
"Svg/Layout/BeamScoringProblem.cs","27","LILYPOND-REF: lily/beam-quanting.cc","lily/beam-quanting.cc",,,"NoRange","rangeRaw=''"
"Svg/Layout/BeamScoringProblem.cs","28","LILYPOND-REF: lily/include/beam-scoring-problem.hh","lily/include/beam-scoring-problem.hh",,,"NoRange","rangeRaw=''"
"Svg/Layout/BeamScoringProblem.cs","53","LILYPOND-REF: lily/beam-quanting.cc:236 ","lily/beam-quanting.cc","236","236","OK","lo=236 hi=236 totalLines=1402"
"Svg/Layout/BeamScoringProblem.cs","125","LILYPOND-REF: lily/beam-quanting.cc:236-238","lily/beam-quanting.cc","236","238","OK","lo=236 hi=238 totalLines=1402"
"Svg/Layout/BeamScoringProblem.cs","138","LILYPOND-REF: lily/beam-quanting.cc:1022-1114 ","lily/beam-quanting.cc","1022","1114","OK","lo=1022 hi=1114 totalLines=1402"
"Svg/Layout/BeamScoringProblem.cs","148","LILYPOND-REF: lily/beam-quanting.cc:748-779","lily/beam-quanting.cc","748","779","OK","lo=748 hi=779 totalLines=1402"
"Svg/Layout/BeamScoringProblem.cs","152","LILYPOND-REF: lily/beam-quanting.cc:781-894","lily/beam-quanting.cc","781","894","OK","lo=781 hi=894 totalLines=1402"
"Svg/Layout/BeamScoringProblem.cs","156","LILYPOND-REF: lily/beam-quanting.cc:896-958","lily/beam-quanting.cc","896","958","OK","lo=896 hi=958 totalLines=1402"
"Svg/Layout/BeamScoringProblem.cs","163","LILYPOND-REF: lily/beam-quanting.cc:1050-1083","lily/beam-quanting.cc","1050","1083","OK","lo=1050 hi=1083 totalLines=1402"
"Svg/Layout/BeamScoringProblem.cs","190","LILYPOND-REF: lily/beam-quanting.cc:543-608 ","lily/beam-quanting.cc","543","608","OK","lo=543 hi=608 totalLines=1402"
"Svg/Layout/BeamScoringProblem.cs","207","LILYPOND-REF: lily/beam-quanting.cc:588-603","lily/beam-quanting.cc","588","603","OK","lo=588 hi=603 totalLines=1402"
"Svg/Layout/BeamScoringProblem.cs","233","LILYPOND-REF: lily/beam-quanting.cc:470-489 ","lily/beam-quanting.cc","470","489","OK","lo=470 hi=489 totalLines=1402"
"Svg/Layout/BeamScoringProblem.cs","260","LILYPOND-REF: lily/least-squares.cc","lily/least-squares.cc",,,"NoRange","rangeRaw=''"
"Svg/Layout/BeamScoringProblem.cs","322","LILYPOND-REF: lily/beam-quanting.cc:748-779 ","lily/beam-quanting.cc","748","779","OK","lo=748 hi=779 totalLines=1402"
"Svg/Layout/BeamScoringProblem.cs","335","LILYPOND-REF: lily/beam-quanting.cc:757-762","lily/beam-quanting.cc","757","762","OK","lo=757 hi=762 totalLines=1402"
"Svg/Layout/BeamScoringProblem.cs","346","LILYPOND-REF: lily/beam-quanting.cc:770","lily/beam-quanting.cc","770","770","OK","lo=770 hi=770 totalLines=1402"
"Svg/Layout/BeamScoringProblem.cs","351","LILYPOND-REF: lily/beam-quanting.cc:776-777","lily/beam-quanting.cc","776","777","OK","lo=776 hi=777 totalLines=1402"
"Svg/Layout/BeamScoringProblem.cs","361","LILYPOND-REF: lily/beam-quanting.cc:694-746 ","lily/beam-quanting.cc","694","746","OK","lo=694 hi=746 totalLines=1402"
"Svg/Layout/BeamScoringProblem.cs","362","LILYPOND-REF: lily/beam-quanting.cc:624-669 ","lily/beam-quanting.cc","624","669","OK","lo=624 hi=669 totalLines=1402"
"Svg/Layout/BeamScoringProblem.cs","363","LILYPOND-REF: lily/beam-quanting.cc:671-692 ","lily/beam-quanting.cc","671","692","OK","lo=671 hi=692 totalLines=1402"
"Svg/Layout/BeamScoringProblem.cs","370","LILYPOND-REF: lily/beam-quanting.cc:733-737","lily/beam-quanting.cc","733","737","OK","lo=733 hi=737 totalLines=1402"
"Svg/Layout/BeamScoringProblem.cs","375","LILYPOND-REF: lily/beam-quanting.cc:740-743","lily/beam-quanting.cc","740","743","OK","lo=740 hi=743 totalLines=1402"
"Svg/Layout/BeamScoringProblem.cs","382","LILYPOND-REF: lily/beam-quanting.cc:624-669","lily/beam-quanting.cc","624","669","OK","lo=624 hi=669 totalLines=1402"
"Svg/Layout/BeamScoringProblem.cs","433","LILYPOND-REF: lily/beam-quanting.cc:671-692","lily/beam-quanting.cc","671","692","OK","lo=671 hi=692 totalLines=1402"
"Svg/Layout/BeamScoringProblem.cs","462","LILYPOND-REF: lily/beam-quanting.cc:781-894 ","lily/beam-quanting.cc","781","894","OK","lo=781 hi=894 totalLines=1402"
"Svg/Layout/BeamScoringProblem.cs","476","LILYPOND-REF: lily/beam-quanting.cc:794-812","lily/beam-quanting.cc","794","812","OK","lo=794 hi=812 totalLines=1402"
"Svg/Layout/BeamScoringProblem.cs","514","LILYPOND-REF: lily/beam-quanting.cc:896-958 ","lily/beam-quanting.cc","896","958","OK","lo=896 hi=958 totalLines=1402"
"Svg/Layout/BeamScoringProblem.cs","528","LILYPOND-REF: lily/beam-quanting.cc:901-906","lily/beam-quanting.cc","901","906","OK","lo=901 hi=906 totalLines=1402"
"Svg/Layout/BeamScoringProblem.cs","535","LILYPOND-REF: lily/beam-quanting.cc:908-912","lily/beam-quanting.cc","908","912","OK","lo=908 hi=912 totalLines=1402"
"Svg/Layout/BeamScoringProblem.cs","547","LILYPOND-REF: lily/beam-quanting.cc:927-932","lily/beam-quanting.cc","927","932","OK","lo=927 hi=932 totalLines=1402"
"Svg/Layout/BeamScoringProblem.cs","555","LILYPOND-REF: lily/beam-quanting.cc:934-957","lily/beam-quanting.cc","934","957","OK","lo=934 hi=957 totalLines=1402"
"Svg/Layout/BeamScoringProblem.cs","562","LILYPOND-REF: lily/beam-quanting.cc:161","lily/beam-quanting.cc","161","161","OK","lo=161 hi=161 totalLines=1402"
"Svg/Layout/BeamScoringProblem.cs","570","LILYPOND-REF: lily/beam-quanting.cc:166-167","lily/beam-quanting.cc","166","167","OK","lo=166 hi=167 totalLines=1402"
"Svg/Layout/BeamScoringProblem.cs","593","LILYPOND-REF: lily/beam-quanting.cc:960-993 ","lily/beam-quanting.cc","960","993","OK","lo=960 hi=993 totalLines=1402"
"Svg/Layout/BeamScoringProblem.cs","627","LILYPOND-REF: lily/beam-quanting.cc:1217-1235 ","lily/beam-quanting.cc","1217","1235","OK","lo=1217 hi=1235 totalLines=1402"
"Svg/Layout/BeamScoringProblem.cs","637","LILYPOND-REF: lily/beam-quanting.cc:1231-1232","lily/beam-quanting.cc","1231","1232","OK","lo=1231 hi=1232 totalLines=1402"
"Svg/Layout/BeamScoringProblem.cs","648","LILYPOND-REF: lily/beam-quanting.cc:1177-1203 ","lily/beam-quanting.cc","1177","1203","OK","lo=1177 hi=1203 totalLines=1402"
"Svg/Layout/BeamScoringProblem.cs","656","LILYPOND-REF: lily/beam-quanting.cc:1189-1200","lily/beam-quanting.cc","1189","1200","OK","lo=1189 hi=1200 totalLines=1402"
"Svg/Layout/BeamScoringProblem.cs","679","LILYPOND-REF: lily/beam-quanting.cc:1206-1213 ","lily/beam-quanting.cc","1206","1213","OK","lo=1206 hi=1213 totalLines=1402"
"Svg/Layout/BeamScoringProblem.cs","685","LILYPOND-REF: lily/beam-quanting.cc:1210-1211","lily/beam-quanting.cc","1210","1211","OK","lo=1210 hi=1211 totalLines=1402"
"Svg/Layout/BeamScoringProblem.cs","696","LILYPOND-REF: lily/beam-quanting.cc:1247-1257 ","lily/beam-quanting.cc","1247","1257","OK","lo=1247 hi=1257 totalLines=1402"
"Svg/Layout/BeamScoringProblem.cs","705","LILYPOND-REF: lily/beam-quanting.cc:1250-1251","lily/beam-quanting.cc","1250","1251","OK","lo=1250 hi=1251 totalLines=1402"
"Svg/Layout/BeamScoringProblem.cs","725","LILYPOND-REF: lily/beam-quanting.cc:1264-1369 ","lily/beam-quanting.cc","1264","1369","OK","lo=1264 hi=1369 totalLines=1402"
"Svg/Layout/BeamScoringProblem.cs","732","LILYPOND-REF: lily/beam-quanting.cc:1270-1271","lily/beam-quanting.cc","1270","1271","OK","lo=1270 hi=1271 totalLines=1402"
"Svg/Layout/BeamScoringProblem.cs","740","LILYPOND-REF: lily/beam-quanting.cc:1276-1325","lily/beam-quanting.cc","1276","1325","OK","lo=1276 hi=1325 totalLines=1402"
"Svg/Layout/BeamScoringProblem.cs","747","LILYPOND-REF: lily/beam-quanting.cc:1289-1297","lily/beam-quanting.cc","1289","1297","OK","lo=1289 hi=1297 totalLines=1402"
"Svg/Layout/BeamScoringProblem.cs","760","LILYPOND-REF: lily/beam-quanting.cc:1303-1323","lily/beam-quanting.cc","1303","1323","OK","lo=1303 hi=1323 totalLines=1402"
"Svg/Layout/BeamScoringProblem.cs","777","LILYPOND-REF: lily/beam-quanting.cc:1329-1366","lily/beam-quanting.cc","1329","1366","OK","lo=1329 hi=1366 totalLines=1402"
"Svg/Layout/BeamScoringProblem.cs","817","LILYPOND-REF: lily/beam-quanting.cc:1117-1174 ","lily/beam-quanting.cc","1117","1174","OK","lo=1117 hi=1174 totalLines=1402"
"Svg/Layout/BeamScoringProblem.cs","827","LILYPOND-REF: lily/beam-quanting.cc:1120-1121","lily/beam-quanting.cc","1120","1121","OK","lo=1120 hi=1121 totalLines=1402"
"Svg/Layout/BeamScoringProblem.cs","837","LILYPOND-REF: lily/beam-quanting.cc:1130-1133","lily/beam-quanting.cc","1130","1133","OK","lo=1130 hi=1133 totalLines=1402"
"Svg/Layout/BeamScoringProblem.cs","848","LILYPOND-REF: lily/beam-quanting.cc:1139-1140","lily/beam-quanting.cc","1139","1140","OK","lo=1139 hi=1140 totalLines=1402"
"Svg/Layout/BeamScoringProblem.cs","853","LILYPOND-REF: lily/beam-quanting.cc:1142-1143","lily/beam-quanting.cc","1142","1143","OK","lo=1142 hi=1143 totalLines=1402"
"Svg/Layout/BeamScoringProblem.cs","859","LILYPOND-REF: lily/beam-quanting.cc:1145-1149","lily/beam-quanting.cc","1145","1149","OK","lo=1145 hi=1149 totalLines=1402"
"Svg/Layout/BeamScoringProblem.cs","870","LILYPOND-REF: lily/beam-quanting.cc:1156-1157","lily/beam-quanting.cc","1156","1157","OK","lo=1156 hi=1157 totalLines=1402"
"Svg/Layout/BeamScoringProblem.cs","876","LILYPOND-REF: lily/beam-quanting.cc","lily/beam-quanting.cc",,,"NoRange","rangeRaw=''"
"Svg/Layout/BeamScoringProblem.cs","888","LILYPOND-REF: lily/beam-quanting.cc:1372-1403 ","lily/beam-quanting.cc","1372","1403","RangeOOB","lo=1372 hi=1403 totalLines=1402"
"Svg/Layout/BeamScoringProblem.cs","904","LILYPOND-REF: lily/beam-quanting.cc:1380","lily/beam-quanting.cc","1380","1380","OK","lo=1380 hi=1380 totalLines=1402"
"Svg/Layout/BeamScoringProblem.cs","925","LILYPOND-REF: lily/beam-quanting.cc:1390-1394","lily/beam-quanting.cc","1390","1394","OK","lo=1390 hi=1394 totalLines=1402"
"Svg/Layout/BeamScoringProblem.cs","947","LILYPOND-REF: lily/beam-quanting.cc:128-132 ","lily/beam-quanting.cc","128","132","OK","lo=128 hi=132 totalLines=1402"
"Svg/Layout/BreakAlignSpacing.cs","23","LILYPOND-REF: scm/define-grobs.scm","scm/define-grobs.scm",,,"NoRange","rangeRaw=''"
"Svg/Layout/BreakAlignSpacing.cs","24","LILYPOND-REF: lily/break-alignment-interface.cc","lily/break-alignment-interface.cc",,,"NoRange","rangeRaw=''"
"Svg/Layout/BreakAlignSpacing.cs","46","LILYPOND-REF: lily/break-alignment-interface.cc:108-150 ","lily/break-alignment-interface.cc","108","150","OK","lo=108 hi=150 totalLines=563"
"Svg/Layout/BreakAlignSpacing.cs","73","LILYPOND-REF: lily/break-alignment-interface.cc:1-200","lily/break-alignment-interface.cc","1","200","OK","lo=1 hi=200 totalLines=563"
"Svg/Layout/BreakAlignSpacing.cs","74","LILYPOND-REF: scm/define-grobs.scm","scm/define-grobs.scm",,,"NoRange","rangeRaw=''"
"Svg/Layout/BreakAlignSpacing.cs","87","LILYPOND-REF: scm/define-grobs.scm","scm/define-grobs.scm",,,"NoRange","rangeRaw=''"
"Svg/Layout/BreakAlignSpacing.cs","109","LILYPOND-REF: lily/break-alignment-interface.cc:108-150","lily/break-alignment-interface.cc","108","150","OK","lo=108 hi=150 totalLines=563"
"Svg/Layout/BreakAlignSpacing.cs","131","LILYPOND-REF: scm/define-grobs.scm:800-834 ","scm/define-grobs.scm","800","834","OK","lo=800 hi=834 totalLines=4414"
"Svg/Layout/BreakAlignSpacing.cs","160","LILYPOND-REF: scm/define-grobs.scm:1800-1825 ","scm/define-grobs.scm","1800","1825","OK","lo=1800 hi=1825 totalLines=4414"
"Svg/Layout/BreakAlignSpacing.cs","183","LILYPOND-REF: scm/define-grobs.scm:1830-1845 ","scm/define-grobs.scm","1830","1845","OK","lo=1830 hi=1845 totalLines=4414"
"Svg/Layout/BreakAlignSpacing.cs","206","LILYPOND-REF: scm/define-grobs.scm:3595-3610 ","scm/define-grobs.scm","3595","3610","OK","lo=3595 hi=3610 totalLines=4414"
"Svg/Layout/BreakAlignSpacing.cs","226","LILYPOND-REF: scm/define-grobs.scm","scm/define-grobs.scm",,,"NoRange","rangeRaw=''"
"Svg/Layout/BreakAlignSpacing.cs","241","LILYPOND-REF: lily/break-alignment-interface.cc:108-150","lily/break-alignment-interface.cc","108","150","OK","lo=108 hi=150 totalLines=563"
"Svg/Layout/BreakAlignSpacing.cs","290","LILYPOND-REF: lily/break-alignment-interface.cc","lily/break-alignment-interface.cc",,,"NoRange","rangeRaw=''"
"Svg/Layout/ChordNameEngraver.cs","26","LILYPOND-REF: scm/define-grobs.scm","scm/define-grobs.scm",,,"NoRange","rangeRaw=''"
"Svg/Layout/ChordNameEngraver.cs","40","LILYPOND-REF: lily/chord-name.cc","lily/chord-name.cc",,,"NoRange","rangeRaw=''"
"Svg/Layout/ChordNameEngraver.cs","41","LILYPOND-REF: scm/define-grobs.scm","scm/define-grobs.scm",,,"NoRange","rangeRaw=''"
"Svg/Layout/ChordNameEngraver.cs","52","LILYPOND-REF: scm/define-grobs.scm","scm/define-grobs.scm",,,"NoRange","rangeRaw=''"
"Svg/Layout/CrossStaffEngraver.cs","27","LILYPOND-REF: lily/beam.cc:1451-1459 - ","lily/beam.cc","1451","1459","OK","lo=1451 hi=1459 totalLines=1612"
"Svg/Layout/CrossStaffEngraver.cs","28","LILYPOND-REF: lily/stem.cc:1168-1179 - ","lily/stem.cc","1168","1179","OK","lo=1168 hi=1179 totalLines=1371"
"Svg/Layout/CrossStaffEngraver.cs","48","LILYPOND-REF: lily/beam.cc:1451-1459 - ","lily/beam.cc","1451","1459","OK","lo=1451 hi=1459 totalLines=1612"
"Svg/Layout/CrossStaffEngraver.cs","49","LILYPOND-REF: lily/stem.cc:1168-1179 - ","lily/stem.cc","1168","1179","OK","lo=1168 hi=1179 totalLines=1371"
"Svg/Layout/CrossStaffEngraver.cs","50","LILYPOND-REF: scm/music-functions.scm:2372-2458 - ","scm/music-functions.scm","2372","2458","OK","lo=2372 hi=2458 totalLines=2980"
"Svg/Layout/ElementCoordinator.cs","28","LILYPOND-REF: lily/beam.cc","lily/beam.cc",,,"NoRange","rangeRaw=''"
"Svg/Layout/ElementCoordinator.cs","51","LILYPOND-REF: lily/note-collision.cc:381-407 ","lily/note-collision.cc","381","407","OK","lo=381 hi=407 totalLines=665"
"Svg/Layout/ElementCoordinator.cs","52","LILYPOND-REF: lily/note-collision.cc:486-502 ","lily/note-collision.cc","486","502","OK","lo=486 hi=502 totalLines=665"
"Svg/Layout/ElementCoordinator.cs","81","LILYPOND-REF: lily/note-collision.cc:309-312","lily/note-collision.cc","309","312","OK","lo=309 hi=312 totalLines=665"
"Svg/Layout/ElementCoordinator.cs","86","LILYPOND-REF: lily/note-collision.cc:486-502","lily/note-collision.cc","486","502","OK","lo=486 hi=502 totalLines=665"
"Svg/Layout/ElementCoordinator.cs","104","LILYPOND-REF: lily/note-collision.cc:486-502","lily/note-collision.cc","486","502","OK","lo=486 hi=502 totalLines=665"
"Svg/Layout/ElementCoordinator.cs","134","LILYPOND-REF: lily/note-collision.cc:309-312","lily/note-collision.cc","309","312","OK","lo=309 hi=312 totalLines=665"
"Svg/Layout/ElementCoordinator.cs","404","LILYPOND-REF: lily/tie-formatting-problem.cc","lily/tie-formatting-problem.cc",,,"NoRange","rangeRaw=''"
"Svg/Layout/ElementCoordinator.cs","482","LILYPOND-REF: scm/scheme-engravers.scm","scm/scheme-engravers.scm",,,"NoRange","rangeRaw=''"
"Svg/Layout/FiguredBassEngraver.cs","27","LILYPOND-REF: lily/figured-bass-engraver.cc:200-350 ","lily/figured-bass-engraver.cc","200","350","OK","lo=200 hi=350 totalLines=567"
"Svg/Layout/FiguredBassEngraver.cs","28","LILYPOND-REF: scm/define-grobs.scm:362-380 ","scm/define-grobs.scm","362","380","OK","lo=362 hi=380 totalLines=4414"
"Svg/Layout/FiguredBassEngraver.cs","42","LILYPOND-REF: lily/figured-bass-engraver.cc","lily/figured-bass-engraver.cc",,,"NoRange","rangeRaw=''"
"Svg/Layout/FiguredBassEngraver.cs","43","LILYPOND-REF: lily/figured-bass-position-engraver.cc","lily/figured-bass-position-engraver.cc",,,"NoRange","rangeRaw=''"
"Svg/Layout/FiguredBassEngraver.cs","44","LILYPOND-REF: scm/define-grobs.scm:362-380 ","scm/define-grobs.scm","362","380","OK","lo=362 hi=380 totalLines=4414"
"Svg/Layout/FiguredBassEngraver.cs","51","LILYPOND-REF: scm/define-grobs.scm:362 ","scm/define-grobs.scm","362","362","OK","lo=362 hi=362 totalLines=4414"
"Svg/Layout/FiguredBassEngraver.cs","53","LILYPOND-REF: scm/define-grobs.scm:369 ","scm/define-grobs.scm","369","369","OK","lo=369 hi=369 totalLines=4414"
"Svg/Layout/GlissandoEngraver.cs","38","LILYPOND-REF: scm/scheme-engravers.scm","scm/scheme-engravers.scm",,,"NoRange","rangeRaw=''"
"Svg/Layout/GlissandoEngraver.cs","43","LILYPOND-REF: scm/define-grobs.scm:1570 ","scm/define-grobs.scm","1570","1570","OK","lo=1570 hi=1570 totalLines=4414"
"Svg/Layout/GlissandoEngraver.cs","46","LILYPOND-REF: scm/define-grobs.scm:1562,1565 ","scm/define-grobs.scm","1562","1565","OK","lo=1562 hi=1565 totalLines=4414"
"Svg/Layout/GlissandoEngraver.cs","84","LILYPOND-REF: scm/define-grobs.scm:1560 ","scm/define-grobs.scm","1560","1560","OK","lo=1560 hi=1560 totalLines=4414"
"Svg/Layout/GlissandoEngraver.cs","85","LILYPOND-REF: scm/define-grobs.scm:1563 ","scm/define-grobs.scm","1563","1563","OK","lo=1563 hi=1563 totalLines=4414"
"Svg/Layout/GlissandoEngraver.cs","104","LILYPOND-REF: lily/line-spanner.cc:457 ","lily/line-spanner.cc","457","457","OK","lo=457 hi=457 totalLines=759"
"Svg/Layout/GlissandoEngraver.cs","105","LILYPOND-REF: scm/define-grobs.scm:1570 ","scm/define-grobs.scm","1570","1570","OK","lo=1570 hi=1570 totalLines=4414"
"Svg/Layout/GlyphMetrics.cs","68","LILYPOND-REF: lily/stem.cc","lily/stem.cc",,,"NoRange","rangeRaw=''"
"Svg/Layout/GlyphMetrics.cs","99","LILYPOND-REF: mf/feta-parenthesis.mf","mf/feta-parenthesis.mf",,,"NoRange","rangeRaw=''"
"Svg/Layout/GlyphMetrics.cs","100","LILYPOND-REF: lily/accidental.cc:35-46 ","lily/accidental.cc","35","46","OK","lo=35 hi=46 totalLines=167"
"Svg/Layout/GlyphMetrics.cs","105","LILYPOND-REF: mf/feta-scripts.mf","mf/feta-scripts.mf",,,"NoRange","rangeRaw=''"
"Svg/Layout/GlyphMetrics.cs","168","LILYPOND-REF: scm/define-grobs.scm:810-819 ","scm/define-grobs.scm","810","819","OK","lo=810 hi=819 totalLines=4414"
"Svg/Layout/GlyphMetrics.cs","169","LILYPOND-REF: scm/define-grobs.scm:1832-1839 ","scm/define-grobs.scm","1832","1839","OK","lo=1832 hi=1839 totalLines=4414"
"Svg/Layout/GlyphMetrics.cs","170","LILYPOND-REF: scm/define-grobs.scm:3596-3602 ","scm/define-grobs.scm","3596","3602","OK","lo=3596 hi=3602 totalLines=4414"
"Svg/Layout/GlyphMetrics.cs","191","LILYPOND-REF: lily/clef.cc:29-52 ","lily/clef.cc","29","52","OK","lo=29 hi=52 totalLines=82"
"Svg/Layout/GlyphMetrics.cs","211","LILYPOND-REF: scm/define-grobs.scm:800-834 ","scm/define-grobs.scm","800","834","OK","lo=800 hi=834 totalLines=4414"
"Svg/Layout/GlyphMetrics.cs","215","LILYPOND-REF: scm/define-grobs.scm:815 ","scm/define-grobs.scm","815","815","OK","lo=815 hi=815 totalLines=4414"
"Svg/Layout/GlyphMetrics.cs","221","LILYPOND-REF: scm/define-grobs.scm:816 ","scm/define-grobs.scm","816","816","OK","lo=816 hi=816 totalLines=4414"
"Svg/Layout/GlyphMetrics.cs","227","LILYPOND-REF: scm/define-grobs.scm:817 ","scm/define-grobs.scm","817","817","OK","lo=817 hi=817 totalLines=4414"
"Svg/Layout/GlyphMetrics.cs","233","LILYPOND-REF: scm/define-grobs.scm:1834 ","scm/define-grobs.scm","1834","1834","OK","lo=1834 hi=1834 totalLines=4414"
"Svg/Layout/GlyphMetrics.cs","239","LILYPOND-REF: scm/define-grobs.scm:1839 ","scm/define-grobs.scm","1839","1839","OK","lo=1839 hi=1839 totalLines=4414"
"Svg/Layout/GlyphMetrics.cs","245","LILYPOND-REF: scm/define-grobs.scm:3599 ","scm/define-grobs.scm","3599","3599","OK","lo=3599 hi=3599 totalLines=4414"
"Svg/Layout/GraceNoteEngraver.cs","96","LILYPOND-REF: lily/grace-spacing-engraver.cc:36-80 ","lily/grace-spacing-engraver.cc","36","80","OK","lo=36 hi=80 totalLines=103"
"Svg/Layout/GraceNoteEngraver.cs","158","LILYPOND-REF: lily/grace-spacing-engraver.cc:36-80 ","lily/grace-spacing-engraver.cc","36","80","OK","lo=36 hi=80 totalLines=103"
"Svg/Layout/GraceSpacingParameters.cs","24","LILYPOND-REF: scm/define-grobs.scm:1585-1598 ","scm/define-grobs.scm","1585","1598","OK","lo=1585 hi=1598 totalLines=4414"
"Svg/Layout/GraceSpacingParameters.cs","25","LILYPOND-REF: lily/spacing-basic.cc:140-155 ","lily/spacing-basic.cc","140","155","OK","lo=140 hi=155 totalLines=184"
"Svg/Layout/GrandStaffLayout.cs","37","LILYPOND-REF: lily/hara-kiri-group-spanner.cc","lily/hara-kiri-group-spanner.cc",,,"NoRange","rangeRaw=''"
"Svg/Layout/GrandStaffLayout.cs","47","LILYPOND-REF: lily/system-start-delimiter.cc","lily/system-start-delimiter.cc",,,"NoRange","rangeRaw=''"
"Svg/Layout/GrandStaffLayout.cs","48","LILYPOND-REF: scm/define-grobs.scm","scm/define-grobs.scm",,,"NoRange","rangeRaw=''"
"Svg/Layout/GrandStaffLayout.cs","72","LILYPOND-REF: lily/system-start-delimiter.cc","lily/system-start-delimiter.cc",,,"NoRange","rangeRaw=''"
"Svg/Layout/GrandStaffLayout.cs","73","LILYPOND-REF: scm/define-grobs.scm:3042-3045 ","scm/define-grobs.scm","3042","3045","OK","lo=3042 hi=3045 totalLines=4414"
"Svg/Layout/GrandStaffLayout.cs","103","LILYPOND-REF: lily/axis-group-interface.cc","lily/axis-group-interface.cc",,,"NoRange","rangeRaw=''"
"Svg/Layout/GrandStaffLayout.cs","104","LILYPOND-REF: lily/staff-grouper-interface.cc","lily/staff-grouper-interface.cc",,,"NoRange","rangeRaw=''"
"Svg/Layout/HairpinEngraver.cs","27","LILYPOND-REF: lily/hairpin.cc:110-358","lily/hairpin.cc","110","358","OK","lo=110 hi=358 totalLines=379"
"Svg/Layout/HairpinEngraver.cs","40","LILYPOND-REF: lily/hairpin.cc:180-220 ","lily/hairpin.cc","180","220","OK","lo=180 hi=220 totalLines=379"
"Svg/Layout/HairpinEngraver.cs","59","LILYPOND-REF: lily/hairpin.cc:110-358 ","lily/hairpin.cc","110","358","OK","lo=110 hi=358 totalLines=379"
"Svg/Layout/HairpinEngraver.cs","60","LILYPOND-REF: scm/define-grobs.scm:1641-1666 ","scm/define-grobs.scm","1641","1666","OK","lo=1641 hi=1666 totalLines=4414"
"Svg/Layout/HairpinEngraver.cs","73","LILYPOND-REF: scm/define-grobs.scm:1655 ","scm/define-grobs.scm","1655","1655","OK","lo=1655 hi=1655 totalLines=4414"
"Svg/Layout/HairpinEngraver.cs","79","LILYPOND-REF: scm/define-grobs.scm:1643 ","scm/define-grobs.scm","1643","1643","OK","lo=1643 hi=1643 totalLines=4414"
"Svg/Layout/HairpinEngraver.cs","85","LILYPOND-REF: scm/define-grobs.scm:1659 ","scm/define-grobs.scm","1659","1659","OK","lo=1659 hi=1659 totalLines=4414"
"Svg/Layout/HairpinEngraver.cs","96","LILYPOND-REF: lily/hairpin.cc:180-220 ","lily/hairpin.cc","180","220","OK","lo=180 hi=220 totalLines=379"
"Svg/Layout/HairpinEngraver.cs","102","LILYPOND-REF: lily/hairpin.cc:180-220 ","lily/hairpin.cc","180","220","OK","lo=180 hi=220 totalLines=379"
"Svg/Layout/HairpinEngraver.cs","110","LILYPOND-REF: lily/hairpin.cc:180-220 ","lily/hairpin.cc","180","220","OK","lo=180 hi=220 totalLines=379"
"Svg/Layout/HairpinEngraver.cs","167","LILYPOND-REF: lily/hairpin.cc:180-220 ","lily/hairpin.cc","180","220","OK","lo=180 hi=220 totalLines=379"
"Svg/Layout/HairpinEngraver.cs","262","LILYPOND-REF: lily/dynamic-engraver.cc","lily/dynamic-engraver.cc",,,"NoRange","rangeRaw=''"
"Svg/Layout/HaraKiri.cs","25","LILYPOND-REF: lily/hara-kiri-group-spanner.cc","lily/hara-kiri-group-spanner.cc",,,"NoRange","rangeRaw=''"
"Svg/Layout/HaraKiri.cs","26","LILYPOND-REF: lily/axis-group-engraver.cc","lily/axis-group-engraver.cc",,,"NoRange","rangeRaw=''"
"Svg/Layout/HaraKiri.cs","51","LILYPOND-REF: lily/hara-kiri-group-spanner.cc","lily/hara-kiri-group-spanner.cc",,,"NoRange","rangeRaw=''"
"Svg/Layout/HaraKiri.cs","60","LILYPOND-REF: lily/hara-kiri-group-spanner.cc","lily/hara-kiri-group-spanner.cc",,,"NoRange","rangeRaw=''"
"Svg/Layout/HorizontalSkyline.cs","23","LILYPOND-REF: lily/skyline.cc:32-46, 98-176 ","lily/skyline.cc","32","176","OK","lo=32 hi=176 totalLines=761"
"Svg/Layout/HorizontalSkyline.cs","42","LILYPOND-REF: lily/skyline.cc:98-105","lily/skyline.cc","98","105","OK","lo=98 hi=105 totalLines=761"
"Svg/Layout/HorizontalSkyline.cs","94","LILYPOND-REF: lily/skyline.cc:107-113","lily/skyline.cc","107","113","OK","lo=107 hi=113 totalLines=761"
"Svg/Layout/HorizontalSkyline.cs","166","LILYPOND-REF: lily/include/skyline.hh:48-100 ","lily/include/skyline.hh","48","100","OK","lo=48 hi=100 totalLines=111"
"Svg/Layout/HorizontalSkyline.cs","255","LILYPOND-REF: lily/skyline.cc:617-649 ","lily/skyline.cc","617","649","OK","lo=617 hi=649 totalLines=761"
"Svg/Layout/KnuthPlassBreaker.cs","25","LILYPOND-REF: lily/simple-spacer.cc","lily/simple-spacer.cc",,,"NoRange","rangeRaw=''"
"Svg/Layout/KnuthPlassBreaker.cs","38","LILYPOND-REF: lily/constrained-breaking.cc:36-75","lily/constrained-breaking.cc","36","75","OK","lo=36 hi=75 totalLines=686"
"Svg/Layout/KnuthPlassBreaker.cs","46","LILYPOND-REF: lily/constrained-breaking.cc:224-232","lily/constrained-breaking.cc","224","232","OK","lo=224 hi=232 totalLines=686"
"Svg/Layout/KnuthPlassBreaker.cs","68","LILYPOND-REF: lily/simple-spacer.cc:281","lily/simple-spacer.cc","281","281","OK","lo=281 hi=281 totalLines=580"
"Svg/Layout/KnuthPlassBreaker.cs","121","LILYPOND-REF: lily/simple-spacer.cc","lily/simple-spacer.cc",,,"NoRange","rangeRaw=''"
"Svg/Layout/KnuthPlassBreaker.cs","147","LILYPOND-REF: lily/constrained-breaking.cc:112-113 ","lily/constrained-breaking.cc","112","113","OK","lo=112 hi=113 totalLines=686"
"Svg/Layout/KnuthPlassBreaker.cs","158","LILYPOND-REF: lily/simple-spacer.cc:267-300 ","lily/simple-spacer.cc","267","300","OK","lo=267 hi=300 totalLines=580"
"Svg/Layout/KnuthPlassBreaker.cs","175","LILYPOND-REF: lily/constrained-breaking.cc:83-126, 224-232","lily/constrained-breaking.cc","83","232","OK","lo=83 hi=232 totalLines=686"
"Svg/Layout/KnuthPlassBreaker.cs","218","LILYPOND-REF: lily/include/constrained-breaking.hh:74 ","lily/include/constrained-breaking.hh","74","74","OK","lo=74 hi=74 totalLines=216"
"Svg/Layout/KnuthPlassBreaker.cs","245","LILYPOND-REF: lily/constrained-breaking.cc","lily/constrained-breaking.cc",,,"NoRange","rangeRaw=''"
"Svg/Layout/KnuthPlassBreaker.cs","251","LILYPOND-REF: lily/constrained-breaking.cc","lily/constrained-breaking.cc",,,"NoRange","rangeRaw=''"
"Svg/Layout/KnuthPlassBreaker.cs","252","LILYPOND-REF: lily/page-spacing.cc","lily/page-spacing.cc",,,"NoRange","rangeRaw=''"
"Svg/Layout/KnuthPlassBreaker.cs","260","LILYPOND-REF: lily/simple-spacer.cc:267-300","lily/simple-spacer.cc","267","300","OK","lo=267 hi=300 totalLines=580"
"Svg/Layout/KnuthPlassBreaker.cs","269","LILYPOND-REF: lily/constrained-breaking.cc:224-232","lily/constrained-breaking.cc","224","232","OK","lo=224 hi=232 totalLines=686"
"Svg/Layout/KnuthPlassBreaker.cs","282","LILYPOND-REF: lily/constrained-breaking.cc:568-573","lily/constrained-breaking.cc","568","573","OK","lo=568 hi=573 totalLines=686"
"Svg/Layout/KnuthPlassBreaker.cs","292","LILYPOND-REF: lily/constrained-breaking.cc:112-113","lily/constrained-breaking.cc","112","113","OK","lo=112 hi=113 totalLines=686"
"Svg/Layout/KnuthPlassBreaker.cs","321","LILYPOND-REF: lily/constrained-breaking.cc","lily/constrained-breaking.cc",,,"NoRange","rangeRaw=''"
"Svg/Layout/KnuthPlassBreaker.cs","366","LILYPOND-REF: lily/constrained-breaking.cc","lily/constrained-breaking.cc",,,"NoRange","rangeRaw=''"
"Svg/Layout/LayoutEngine.cs","57","LILYPOND-REF: lily/spacing-spanner.cc","lily/spacing-spanner.cc",,,"NoRange","rangeRaw=''"
"Svg/Layout/LayoutEngine.cs","95","LILYPOND-REF: lily/page-layout-problem.cc:1025-1054 ","lily/page-layout-problem.cc","1025","1054","OK","lo=1025 hi=1054 totalLines=1373"
"Svg/Layout/LayoutEngine.cs","116","LILYPOND-REF: lily/note-collision.cc:486-502","lily/note-collision.cc","486","502","OK","lo=486 hi=502 totalLines=665"
"Svg/Layout/LayoutEngine.cs","127","LILYPOND-REF: scm/define-grobs.scm","scm/define-grobs.scm",,,"NoRange","rangeRaw=''"
"Svg/Layout/LayoutEngine.cs","152","LILYPOND-REF: lily/grob-property.cc","lily/grob-property.cc",,,"NoRange","rangeRaw=''"
"Svg/Layout/LayoutEngine.cs","170","LILYPOND-REF: lily/page-layout-problem.cc:656-717 ","lily/page-layout-problem.cc","656","717","OK","lo=656 hi=717 totalLines=1373"
"Svg/Layout/LayoutEngine.cs","184","LILYPOND-REF: lily/spacing-spanner.cc","lily/spacing-spanner.cc",,,"NoRange","rangeRaw=''"
"Svg/Layout/LayoutEngine.cs","189","LILYPOND-REF: scm/output-lib.scm","scm/output-lib.scm",,,"NoRange","rangeRaw=''"
"Svg/Layout/LayoutEngine.cs","198","LILYPOND-REF: lily/align-interface.cc:217-268","lily/align-interface.cc","217","268","OK","lo=217 hi=268 totalLines=378"
"Svg/Layout/LayoutEngine.cs","216","LILYPOND-REF: lily/hara-kiri-group-spanner.cc","lily/hara-kiri-group-spanner.cc",,,"NoRange","rangeRaw=''"
"Svg/Layout/LayoutEngine.cs","240","LILYPOND-REF: lily/hara-kiri-group-spanner.cc","lily/hara-kiri-group-spanner.cc",,,"NoRange","rangeRaw=''"
"Svg/Layout/LayoutEngine.cs","275","LILYPOND-REF: lily/page-layout-problem.cc:1025-1054 ","lily/page-layout-problem.cc","1025","1054","OK","lo=1025 hi=1054 totalLines=1373"
"Svg/Layout/LayoutEngine.cs","362","LILYPOND-REF: lily/grob-property.cc","lily/grob-property.cc",,,"NoRange","rangeRaw=''"
"Svg/Layout/LayoutEngine.cs","381","LILYPOND-REF: lily/page-layout-problem.cc:1070-1127 ","lily/page-layout-problem.cc","1070","1127","OK","lo=1070 hi=1127 totalLines=1373"
"Svg/Layout/LayoutEngine.cs","419","LILYPOND-REF: lily/page-layout-problem.cc:1025-1054 ","lily/page-layout-problem.cc","1025","1054","OK","lo=1025 hi=1054 totalLines=1373"
"Svg/Layout/LayoutEngine.cs","420","LILYPOND-REF: lily/axis-group-interface.cc:138-173 ","lily/axis-group-interface.cc","138","173","OK","lo=138 hi=173 totalLines=1058"
"Svg/Layout/LayoutEngine.cs","421","LILYPOND-REF: lily/axis-group-interface.cc:359-474 ","lily/axis-group-interface.cc","359","474","OK","lo=359 hi=474 totalLines=1058"
"Svg/Layout/LayoutEngine.cs","443","LILYPOND-REF: scm/define-grobs.scm","scm/define-grobs.scm",,,"NoRange","rangeRaw=''"
"Svg/Layout/LayoutEngine.cs","457","LILYPOND-REF: scm/define-grobs.scm","scm/define-grobs.scm",,,"NoRange","rangeRaw=''"
"Svg/Layout/LayoutEngine.cs","474","LILYPOND-REF: scm/define-grobs.scm","scm/define-grobs.scm",,,"NoRange","rangeRaw=''"
"Svg/Layout/LayoutEngine.cs","493","LILYPOND-REF: scm/define-grobs.scm","scm/define-grobs.scm",,,"NoRange","rangeRaw=''"
"Svg/Layout/LayoutEngine.cs","516","LILYPOND-REF: scm/define-grobs.scm","scm/define-grobs.scm",,,"NoRange","rangeRaw=''"
"Svg/Layout/LayoutEngine.cs","520","LILYPOND-REF: scm/define-grobs.scm","scm/define-grobs.scm",,,"NoRange","rangeRaw=''"
"Svg/Layout/LayoutEngine.cs","524","LILYPOND-REF: scm/define-grobs.scm","scm/define-grobs.scm",,,"NoRange","rangeRaw=''"
"Svg/Layout/LayoutEngine.cs","528","LILYPOND-REF: scm/define-grobs.scm","scm/define-grobs.scm",,,"NoRange","rangeRaw=''"
"Svg/Layout/LayoutEngine.cs","534","LILYPOND-REF: scm/define-grobs.scm","scm/define-grobs.scm",,,"NoRange","rangeRaw=''"
"Svg/Layout/LayoutEngine.cs","554","LILYPOND-REF: lily/axis-group-interface.cc:138-173 ","lily/axis-group-interface.cc","138","173","OK","lo=138 hi=173 totalLines=1058"
"Svg/Layout/LayoutEngine.cs","642","LILYPOND-REF: scm/scheme-engravers.scm","scm/scheme-engravers.scm",,,"NoRange","rangeRaw=''"
"Svg/Layout/LayoutEngine.cs","650","LILYPOND-REF: lily/axis-group-interface.cc:359-474 ","lily/axis-group-interface.cc","359","474","OK","lo=359 hi=474 totalLines=1058"
"Svg/Layout/LayoutEngine.cs","708","LILYPOND-REF: lily/pango-font.cc","lily/pango-font.cc",,,"NoRange","rangeRaw=''"
"Svg/Layout/LayoutEngine.cs","710","LILYPOND-REF: scm/define-grobs.scm:1711-1728 ","scm/define-grobs.scm","1711","1728","OK","lo=1711 hi=1728 totalLines=4414"
"Svg/Layout/LayoutEngine.cs","711","LILYPOND-REF: scm/output-lib.scm","scm/output-lib.scm",,,"NoRange","rangeRaw=''"
"Svg/Layout/LayoutEngine.cs","741","LILYPOND-REF: scm/output-lib.scm","scm/output-lib.scm",,,"NoRange","rangeRaw=''"
"Svg/Layout/LayoutOptions.cs","41","LILYPOND-REF: scm/paper.scm:49 ","scm/paper.scm","49","49","OK","lo=49 hi=49 totalLines=437"
"Svg/Layout/LayoutOptions.cs","45","LILYPOND-REF: scm/paper.scm:22 ","scm/paper.scm","22","22","OK","lo=22 hi=22 totalLines=437"
"Svg/Layout/LayoutOptions.cs","52","LILYPOND-REF: scm/paper.scm:41 ","scm/paper.scm","41","41","OK","lo=41 hi=41 totalLines=437"
"Svg/Layout/LayoutOptions.cs","66","LILYPOND-REF: lily/page-layout-problem.cc:477-478","lily/page-layout-problem.cc","477","478","OK","lo=477 hi=478 totalLines=1373"
"Svg/Layout/LayoutOptions.cs","97","LILYPOND-REF: lily/constrained-breaking.cc","lily/constrained-breaking.cc",,,"NoRange","rangeRaw=''"
"Svg/Layout/LayoutOptions.cs","110","LILYPOND-REF: lily/page-spacing.cc","lily/page-spacing.cc",,,"NoRange","rangeRaw=''"
"Svg/Layout/LayoutOptions.cs","116","LILYPOND-REF: lily/page-breaking.cc:256-310","lily/page-breaking.cc","256","310","OK","lo=256 hi=310 totalLines=1788"
"Svg/Layout/LayoutOptions.cs","128","LILYPOND-REF: scm/define-grobs.scm:3040-3054 ","scm/define-grobs.scm","3040","3054","OK","lo=3040 hi=3054 totalLines=4414"
"Svg/Layout/LayoutOptions.cs","137","LILYPOND-REF: scm/define-grobs.scm:1550-1580 ","scm/define-grobs.scm","1550","1580","OK","lo=1550 hi=1580 totalLines=4414"
"Svg/Layout/LayoutOptions.cs","152","LILYPOND-REF: scm/output-lib.scm","scm/output-lib.scm",,,"NoRange","rangeRaw=''"
"Svg/Layout/LayoutUtilities.cs","32","LILYPOND-REF: lily/stem.cc:274 ","lily/stem.cc","274","274","OK","lo=274 hi=274 totalLines=1371"
"Svg/Layout/LayoutUtilities.cs","47","LILYPOND-REF: lily/flag.cc:80-95 ","lily/flag.cc","80","95","OK","lo=80 hi=95 totalLines=221"
"Svg/Layout/LayoutUtilities.cs","96","LILYPOND-REF: lily/page-layout-problem.cc:622-626","lily/page-layout-problem.cc","622","626","OK","lo=622 hi=626 totalLines=1373"
"Svg/Layout/LayoutUtilities.cs","109","LILYPOND-REF: lily/skyline.cc:667-680 ","lily/skyline.cc","667","680","OK","lo=667 hi=680 totalLines=761"
"Svg/Layout/LayoutUtilities.cs","121","LILYPOND-REF: lily/page-layout-problem.cc:477-478, 984-985","lily/page-layout-problem.cc","477","985","OK","lo=477 hi=985 totalLines=1373"
"Svg/Layout/LayoutUtilities.cs","133","LILYPOND-REF: lily/page-layout-problem.cc:434","lily/page-layout-problem.cc","434","434","OK","lo=434 hi=434 totalLines=1373"
"Svg/Layout/LyricEngraver.cs","26","LILYPOND-REF: scm/define-grobs.scm:3020-3060 ","scm/define-grobs.scm","3020","3060","OK","lo=3020 hi=3060 totalLines=4414"
"Svg/Layout/LyricEngraver.cs","27","LILYPOND-REF: lily/lyric-engraver.cc:20-30 ","lily/lyric-engraver.cc","20","30","OK","lo=20 hi=30 totalLines=221"
"Svg/Layout/LyricEngraver.cs","63","LILYPOND-REF: lily/lyric-engraver.cc:60-150 ","lily/lyric-engraver.cc","60","150","OK","lo=60 hi=150 totalLines=221"
"Svg/Layout/LyricEngraver.cs","64","LILYPOND-REF: lily/lyric-combine-music-iterator.cc:100-200 ","lily/lyric-combine-music-iterator.cc","100","200","OK","lo=100 hi=200 totalLines=378"
"Svg/Layout/LyricEngraver.cs","108","LILYPOND-REF: lily/lyric-engraver.cc:85-95 ","lily/lyric-engraver.cc","85","95","OK","lo=85 hi=95 totalLines=221"
"Svg/Layout/LyricEngraver.cs","127","LILYPOND-REF: lily/lyric-engraver.cc:120-140 ","lily/lyric-engraver.cc","120","140","OK","lo=120 hi=140 totalLines=221"
"Svg/Layout/LyricEngraver.cs","139","LILYPOND-REF: lily/lyric-engraver.cc:150-180 ","lily/lyric-engraver.cc","150","180","OK","lo=150 hi=180 totalLines=221"
"Svg/Layout/LyricEngraver.cs","206","LILYPOND-REF: lily/lyric-engraver.cc:100-110 ","lily/lyric-engraver.cc","100","110","OK","lo=100 hi=110 totalLines=221"
"Svg/Layout/LyricEngraver.cs","278","LILYPOND-REF: lily/font-metric.cc:100-120 ","lily/font-metric.cc","100","120","OK","lo=100 hi=120 totalLines=158"
"Svg/Layout/LyricHyphen.cs","26","LILYPOND-REF: lily/lyric-hyphen.cc:20-50 ","lily/lyric-hyphen.cc","20","50","OK","lo=20 hi=50 totalLines=213"
"Svg/Layout/LyricHyphen.cs","27","LILYPOND-REF: scm/define-grobs.scm:3080-3120 ","scm/define-grobs.scm","3080","3120","OK","lo=3080 hi=3120 totalLines=4414"
"Svg/Layout/LyricHyphen.cs","80","LILYPOND-REF: lily/lyric-hyphen.cc:60-100","lily/lyric-hyphen.cc","60","100","OK","lo=60 hi=100 totalLines=213"
"Svg/Layout/LyricHyphen.cs","115","LILYPOND-REF: lily/lyric-hyphen.cc:1-150","lily/lyric-hyphen.cc","1","150","OK","lo=1 hi=150 totalLines=213"
"Svg/Layout/LyricHyphen.cs","116","LILYPOND-REF: lily/extender-engraver.cc:1-100","lily/extender-engraver.cc","1","100","OK","lo=1 hi=100 totalLines=311"
"Svg/Layout/LyricHyphen.cs","212","LILYPOND-REF: lily/lyric-hyphen.cc:80-120","lily/lyric-hyphen.cc","80","120","OK","lo=80 hi=120 totalLines=213"
"Svg/Layout/LyricHyphen.cs","288","LILYPOND-REF: lily/extender-engraver.cc:50-100","lily/extender-engraver.cc","50","100","OK","lo=50 hi=100 totalLines=311"
"Svg/Layout/LyricLayout.cs","26","LILYPOND-REF: lily/lyric-engraver.cc:32-52","lily/lyric-engraver.cc","32","52","OK","lo=32 hi=52 totalLines=221"
"Svg/Layout/LyricLayout.cs","27","LILYPOND-REF: scm/define-grobs.scm:3020-3060 ","scm/define-grobs.scm","3020","3060","OK","lo=3020 hi=3060 totalLines=4414"
"Svg/Layout/MeasureLayouter.cs","27","LILYPOND-REF: lily/spacing-basic.cc:100-130 ","lily/spacing-basic.cc","100","130","OK","lo=100 hi=130 totalLines=184"
"Svg/Layout/MeasureLayouter.cs","28","LILYPOND-REF: lily/simple-spacer.cc","lily/simple-spacer.cc",,,"NoRange","rangeRaw=''"
"Svg/Layout/MeasureLayouter.cs","98","LILYPOND-REF: lily/spacing-spanner.cc","lily/spacing-spanner.cc",,,"NoRange","rangeRaw=''"
"Svg/Layout/MeasureLayouter.cs","99","LILYPOND-REF: lily/paper-column.cc","lily/paper-column.cc",,,"NoRange","rangeRaw=''"
"Svg/Layout/MeasureLayouter.cs","122","LILYPOND-REF: lily/spacing-spanner.cc","lily/spacing-spanner.cc",,,"NoRange","rangeRaw=''"
"Svg/Layout/MeasureLayouter.cs","126","LILYPOND-REF: lily/paper-column.cc","lily/paper-column.cc",,,"NoRange","rangeRaw=''"
"Svg/Layout/MeasureLayouter.cs","147","LILYPOND-REF: scm/define-grobs.scm","scm/define-grobs.scm",,,"NoRange","rangeRaw=''"
"Svg/Layout/MeasureLayouter.cs","181","LILYPOND-REF: lily/spacing-spanner.cc","lily/spacing-spanner.cc",,,"NoRange","rangeRaw=''"
"Svg/Layout/MeasureLayouter.cs","241","LILYPOND-REF: lily/paper-column.cc","lily/paper-column.cc",,,"NoRange","rangeRaw=''"
"Svg/Layout/MeasureLayouter.cs","242","LILYPOND-REF: lily/spacing-spanner.cc","lily/spacing-spanner.cc",,,"NoRange","rangeRaw=''"
"Svg/Layout/MeasureLayouter.cs","257","LILYPOND-REF: lily/spacing-basic.cc:50-52 ","lily/spacing-basic.cc","50","52","OK","lo=50 hi=52 totalLines=184"
"Svg/Layout/MultiStaffLayouter.cs","28","LILYPOND-REF: lily/system.cc","lily/system.cc",,,"NoRange","rangeRaw=''"
"Svg/Layout/MultiStaffLayouter.cs","29","LILYPOND-REF: lily/staff-spacing.cc","lily/staff-spacing.cc",,,"NoRange","rangeRaw=''"
"Svg/Layout/MultiStaffLayouter.cs","30","LILYPOND-REF: lily/align-interface.cc","lily/align-interface.cc",,,"NoRange","rangeRaw=''"
"Svg/Layout/MultiStaffLayouter.cs","31","LILYPOND-REF: lily/staff-grouper-interface.cc","lily/staff-grouper-interface.cc",,,"NoRange","rangeRaw=''"
"Svg/Layout/MultiStaffLayouter.cs","55","LILYPOND-REF: scm/output-lib.scm","scm/output-lib.scm",,,"NoRange","rangeRaw=''"
"Svg/Layout/MultiStaffLayouter.cs","69","LILYPOND-REF: lily/align-interface.cc","lily/align-interface.cc",,,"NoRange","rangeRaw=''"
"Svg/Layout/MultiStaffLayouter.cs","103","LILYPOND-REF: lily/align-interface.cc:240-252 ","lily/align-interface.cc","240","252","OK","lo=240 hi=252 totalLines=378"
"Svg/Layout/MultiStaffLayouter.cs","138","LILYPOND-REF: lily/axis-group-interface.cc:138-173 ","lily/axis-group-interface.cc","138","173","OK","lo=138 hi=173 totalLines=1058"
"Svg/Layout/MultiStaffLayouter.cs","180","LILYPOND-REF: lily/align-interface.cc","lily/align-interface.cc",,,"NoRange","rangeRaw=''"
"Svg/Layout/MultiStaffLayouter.cs","236","LILYPOND-REF: lily/hara-kiri-group-spanner.cc","lily/hara-kiri-group-spanner.cc",,,"NoRange","rangeRaw=''"
"Svg/Layout/MultiStaffLayouter.cs","237","LILYPOND-REF: lily/align-interface.cc","lily/align-interface.cc",,,"NoRange","rangeRaw=''"
"Svg/Layout/MultiStaffLayouter.cs","466","LILYPOND-REF: lily/system-start-delimiter.cc","lily/system-start-delimiter.cc",,,"NoRange","rangeRaw=''"
"Svg/Layout/MultiStaffLayouter.cs","549","LILYPOND-REF: scm/define-grobs.scm:3042-3045 ","scm/define-grobs.scm","3042","3045","OK","lo=3042 hi=3045 totalLines=4414"
"Svg/Layout/MultiStaffLayouter.cs","595","LILYPOND-REF: scm/define-grobs.scm:3042-3045 ","scm/define-grobs.scm","3042","3045","OK","lo=3042 hi=3045 totalLines=4414"
"Svg/Layout/MultiStaffLayouter.cs","638","LILYPOND-REF: lily/system-start-delimiter.cc","lily/system-start-delimiter.cc",,,"NoRange","rangeRaw=''"
"Svg/Layout/MultiStaffLayouter.cs","701","LILYPOND-REF: scm/output-lib.scm","scm/output-lib.scm",,,"NoRange","rangeRaw=''"
"Svg/Layout/MultiStaffLayouter.cs","706","LILYPOND-REF: lily/spacing-spanner.cc","lily/spacing-spanner.cc",,,"NoRange","rangeRaw=''"
"Svg/Layout/MultiStaffLayouter.cs","743","LILYPOND-REF: lily/simple-spacer.cc:175-205 ","lily/simple-spacer.cc","175","205","OK","lo=175 hi=205 totalLines=580"
"Svg/Layout/MultiStaffLayouter.cs","831","LILYPOND-REF: lily/paper-column.cc","lily/paper-column.cc",,,"NoRange","rangeRaw=''"
"Svg/Layout/MultiStaffLayouter.cs","861","LILYPOND-REF: lily/align-interface.cc:217-268 ","lily/align-interface.cc","217","268","OK","lo=217 hi=268 totalLines=378"
"Svg/Layout/MultiStaffLayouter.cs","933","LILYPOND-REF: lily/align-interface.cc:217-268 ","lily/align-interface.cc","217","268","OK","lo=217 hi=268 totalLines=378"
"Svg/Layout/MultiStaffLayouter.cs","1091","LILYPOND-REF: lily/system-start-delimiter.cc","lily/system-start-delimiter.cc",,,"NoRange","rangeRaw=''"
"Svg/Layout/MultiStaffLayouter.cs","1167","LILYPOND-REF: lily/align-interface.cc:217-268 ","lily/align-interface.cc","217","268","OK","lo=217 hi=268 totalLines=378"
"Svg/Layout/MultiStaffLayouter.cs","1191","LILYPOND-REF: lily/align-interface.cc:247-260","lily/align-interface.cc","247","260","OK","lo=247 hi=260 totalLines=378"
"Svg/Layout/NoteCollision.cs","64","LILYPOND-REF: lily/note-collision.cc:381-407","lily/note-collision.cc","381","407","OK","lo=381 hi=407 totalLines=665"
"Svg/Layout/NoteCollision.cs","73","LILYPOND-REF: lily/note-collision.cc:381-407","lily/note-collision.cc","381","407","OK","lo=381 hi=407 totalLines=665"
"Svg/Layout/NoteCollision.cs","83","LILYPOND-REF: lily/note-collision.cc:411-448","lily/note-collision.cc","411","448","OK","lo=411 hi=448 totalLines=665"
"Svg/Layout/NoteCollision.cs","109","LILYPOND-REF: lily/note-collision.cc:299-350 ","lily/note-collision.cc","299","350","OK","lo=299 hi=350 totalLines=665"
"Svg/Layout/NoteCollision.cs","110","LILYPOND-REF: scm/define-grobs.scm:2537 ","scm/define-grobs.scm","2537","2537","OK","lo=2537 hi=2537 totalLines=4414"
"Svg/Layout/NoteCollision.cs","134","LILYPOND-REF: scm/define-grobs.scm:2537 ","scm/define-grobs.scm","2537","2537","OK","lo=2537 hi=2537 totalLines=4414"
"Svg/Layout/NoteCollision.cs","138","LILYPOND-REF: scm/define-grobs.scm:2537 ","scm/define-grobs.scm","2537","2537","OK","lo=2537 hi=2537 totalLines=4414"
"Svg/Layout/NoteCollision.cs","142","LILYPOND-REF: scm/define-grobs.scm:2537 ","scm/define-grobs.scm","2537","2537","OK","lo=2537 hi=2537 totalLines=4414"
"Svg/Layout/NoteCollision.cs","149","LILYPOND-REF: lily/note-collision.cc:323 ","lily/note-collision.cc","323","323","OK","lo=323 hi=323 totalLines=665"
"Svg/Layout/NoteCollision.cs","157","LILYPOND-REF: lily/note-collision.cc:325 ","lily/note-collision.cc","325","325","OK","lo=325 hi=325 totalLines=665"
"Svg/Layout/NoteCollision.cs","165","LILYPOND-REF: lily/note-collision.cc:321 ","lily/note-collision.cc","321","321","OK","lo=321 hi=321 totalLines=665"
"Svg/Layout/NoteCollision.cs","173","LILYPOND-REF: lily/note-collision.cc:317 ","lily/note-collision.cc","317","317","OK","lo=317 hi=317 totalLines=665"
"Svg/Layout/NoteCollision.cs","182","LILYPOND-REF: lily/note-collision.cc:180-230 ","lily/note-collision.cc","180","230","OK","lo=180 hi=230 totalLines=665"
"Svg/Layout/NoteCollision.cs","193","LILYPOND-REF: lily/note-collision.cc:180-230 ","lily/note-collision.cc","180","230","OK","lo=180 hi=230 totalLines=665"
"Svg/Layout/NoteCollision.cs","202","LILYPOND-REF: lily/note-collision.cc:1-635 ","lily/note-collision.cc","1","635","OK","lo=1 hi=635 totalLines=665"
"Svg/Layout/NoteCollision.cs","265","LILYPOND-REF: lily/note-collision.cc:252-261, 381-407","lily/note-collision.cc","252","407","OK","lo=252 hi=407 totalLines=665"
"Svg/Layout/NoteCollision.cs","291","LILYPOND-REF: lily/note-collision.cc:411-448","lily/note-collision.cc","411","448","OK","lo=411 hi=448 totalLines=665"
"Svg/Layout/NoteCollision.cs","324","LILYPOND-REF: lily/note-collision.cc:180-230 ","lily/note-collision.cc","180","230","OK","lo=180 hi=230 totalLines=665"
"Svg/Layout/NoteCollision.cs","352","LILYPOND-REF: lily/note-collision.cc:297-312","lily/note-collision.cc","297","312","OK","lo=297 hi=312 totalLines=665"
"Svg/Layout/NoteCollision.cs","362","LILYPOND-REF: lily/note-collision.cc:180-230","lily/note-collision.cc","180","230","OK","lo=180 hi=230 totalLines=665"
"Svg/Layout/NoteCollision.cs","419","LILYPOND-REF: lily/note-collision.cc:252-261","lily/note-collision.cc","252","261","OK","lo=252 hi=261 totalLines=665"
"Svg/Layout/NoteCollision.cs","429","LILYPOND-REF: lily/note-collision.cc:252-261","lily/note-collision.cc","252","261","OK","lo=252 hi=261 totalLines=665"
"Svg/Layout/NoteCollision.cs","494","LILYPOND-REF: lily/note-collision.cc:381-407 ","lily/note-collision.cc","381","407","OK","lo=381 hi=407 totalLines=665"
"Svg/Layout/NoteCollision.cs","495","LILYPOND-REF: lily/note-collision.cc:420-480 ","lily/note-collision.cc","420","480","OK","lo=420 hi=480 totalLines=665"
"Svg/Layout/NoteCollision.cs","534","LILYPOND-REF: lily/note-collision.cc:420-480","lily/note-collision.cc","420","480","OK","lo=420 hi=480 totalLines=665"
"Svg/Layout/NoteSpacingParameters.cs","25","LILYPOND-REF: scm/define-grobs.scm:2428-2442 ","scm/define-grobs.scm","2428","2442","OK","lo=2428 hi=2442 totalLines=4414"
"Svg/Layout/NoteSpacingParameters.cs","26","LILYPOND-REF: lily/note-spacing.cc:119-199 ","lily/note-spacing.cc","119","199","OK","lo=119 hi=199 totalLines=331"
"Svg/Layout/NoteSpacingParameters.cs","64","LILYPOND-REF: lily/note-spacing.cc:229-264 ","lily/note-spacing.cc","229","264","OK","lo=229 hi=264 totalLines=331"
"Svg/Layout/NoteSpacingParameters.cs","75","LILYPOND-REF: lily/note-spacing.cc:229-264","lily/note-spacing.cc","229","264","OK","lo=229 hi=264 totalLines=331"
"Svg/Layout/NoteSpacingParameters.cs","76","LILYPOND-REF: scm/define-grobs.scm","scm/define-grobs.scm",,,"NoRange","rangeRaw=''"
"Svg/Layout/OrnamentEngraver.cs","44","LILYPOND-REF: lily/script-interface.cc","lily/script-interface.cc",,,"NoRange","rangeRaw=''"
"Svg/Layout/OrnamentEngraver.cs","45","LILYPOND-REF: lily/side-position-interface.cc:360-378 ","lily/side-position-interface.cc","360","378","OK","lo=360 hi=378 totalLines=591"
"Svg/Layout/OrnamentEngraver.cs","46","LILYPOND-REF: lily/side-position-interface.cc:426-445 ","lily/side-position-interface.cc","426","445","OK","lo=426 hi=445 totalLines=591"
"Svg/Layout/OrnamentEngraver.cs","147","LILYPOND-REF: lily/side-position-interface.cc:360-378 ","lily/side-position-interface.cc","360","378","OK","lo=360 hi=378 totalLines=591"
"Svg/Layout/OrnamentEngraver.cs","148","LILYPOND-REF: lily/side-position-interface.cc:426-445 ","lily/side-position-interface.cc","426","445","OK","lo=426 hi=445 totalLines=591"
"Svg/Layout/OttavaBracketEngraver.cs","27","LILYPOND-REF: lily/ottava-bracket.cc","lily/ottava-bracket.cc",,,"NoRange","rangeRaw=''"
"Svg/Layout/OttavaBracketEngraver.cs","28","LILYPOND-REF: scm/define-grobs.scm:2445-2468 ","scm/define-grobs.scm","2445","2468","OK","lo=2445 hi=2468 totalLines=4414"
"Svg/Layout/OttavaBracketEngraver.cs","57","LILYPOND-REF: lily/ottava-bracket.cc","lily/ottava-bracket.cc",,,"NoRange","rangeRaw=''"
"Svg/Layout/OttavaBracketEngraver.cs","58","LILYPOND-REF: scm/define-grobs.scm:2445-2468 ","scm/define-grobs.scm","2445","2468","OK","lo=2445 hi=2468 totalLines=4414"
"Svg/Layout/OttavaBracketEngraver.cs","75","LILYPOND-REF: scm/define-grobs.scm:2449 ","scm/define-grobs.scm","2449","2449","OK","lo=2449 hi=2449 totalLines=4414"
"Svg/Layout/OttavaBracketEngraver.cs","86","LILYPOND-REF: scm/define-grobs.scm:2451 ","scm/define-grobs.scm","2451","2451","OK","lo=2451 hi=2451 totalLines=4414"
"Svg/Layout/OttavaBracketEngraver.cs","92","LILYPOND-REF: scm/define-grobs.scm:2462 ","scm/define-grobs.scm","2462","2462","OK","lo=2462 hi=2462 totalLines=4414"
"Svg/Layout/OttavaBracketEngraver.cs","109","LILYPOND-REF: scm/define-grobs.scm:2460 ","scm/define-grobs.scm","2460","2460","OK","lo=2460 hi=2460 totalLines=4414"
"Svg/Layout/OttavaBracketEngraver.cs","139","LILYPOND-REF: lily/ottava-bracket.cc","lily/ottava-bracket.cc",,,"NoRange","rangeRaw=''"
"Svg/Layout/OttavaBracketEngraver.cs","257","LILYPOND-REF: lily/ottava-engraver.cc","lily/ottava-engraver.cc",,,"NoRange","rangeRaw=''"
"Svg/Layout/OttavaBracketEngraver.cs","296","LILYPOND-REF: lily/ottava-engraver.cc","lily/ottava-engraver.cc",,,"NoRange","rangeRaw=''"
"Svg/Layout/OutsideStaffStacker.cs","26","LILYPOND-REF: lily/axis-group-interface.cc:359-474 ","lily/axis-group-interface.cc","359","474","OK","lo=359 hi=474 totalLines=1058"
"Svg/Layout/OutsideStaffStacker.cs","27","LILYPOND-REF: scm/define-grobs.scm","scm/define-grobs.scm",,,"NoRange","rangeRaw=''"
"Svg/Layout/OutsideStaffStacker.cs","47","LILYPOND-REF: scm/define-grobs.scm","scm/define-grobs.scm",,,"NoRange","rangeRaw=''"
"Svg/Layout/OutsideStaffStacker.cs","55","LILYPOND-REF: scm/define-grobs.scm:1655 ","scm/define-grobs.scm","1655","1655","OK","lo=1655 hi=1655 totalLines=4414"
"Svg/Layout/OutsideStaffStacker.cs","69","LILYPOND-REF: lily/axis-group-interface.cc:359-474 ","lily/axis-group-interface.cc","359","474","OK","lo=359 hi=474 totalLines=1058"
"Svg/Layout/OutsideStaffStacker.cs","106","LILYPOND-REF: scm/define-grobs.scm:1270 ","scm/define-grobs.scm","1270","1270","OK","lo=1270 hi=1270 totalLines=4414"
"Svg/Layout/OutsideStaffStacker.cs","149","LILYPOND-REF: scm/define-grobs.scm:3472 ","scm/define-grobs.scm","3472","3472","OK","lo=3472 hi=3472 totalLines=4414"
"Svg/Layout/OutsideStaffStacker.cs","182","LILYPOND-REF: lily/axis-group-interface.cc:912-972 ","lily/axis-group-interface.cc","912","972","OK","lo=912 hi=972 totalLines=1058"
"Svg/Layout/PageBreaker.cs","26","LILYPOND-REF: lily/include/constrained-breaking.hh:45-119 ","lily/include/constrained-breaking.hh","45","119","OK","lo=45 hi=119 totalLines=216"
"Svg/Layout/PageBreaker.cs","53","LILYPOND-REF: lily/include/constrained-breaking.hh:63 ","lily/include/constrained-breaking.hh","63","63","OK","lo=63 hi=63 totalLines=216"
"Svg/Layout/PageBreaker.cs","59","LILYPOND-REF: lily/include/constrained-breaking.hh:69 ","lily/include/constrained-breaking.hh","69","69","OK","lo=69 hi=69 totalLines=216"
"Svg/Layout/PageBreaker.cs","65","LILYPOND-REF: lily/include/constrained-breaking.hh:71 ","lily/include/constrained-breaking.hh","71","71","OK","lo=71 hi=71 totalLines=216"
"Svg/Layout/PageBreaker.cs","71","LILYPOND-REF: lily/include/constrained-breaking.hh:77 ","lily/include/constrained-breaking.hh","77","77","OK","lo=77 hi=77 totalLines=216"
"Svg/Layout/PageBreaker.cs","77","LILYPOND-REF: lily/include/constrained-breaking.hh:76 ","lily/include/constrained-breaking.hh","76","76","OK","lo=76 hi=76 totalLines=216"
"Svg/Layout/PageBreaker.cs","83","LILYPOND-REF: lily/include/constrained-breaking.hh:78 ","lily/include/constrained-breaking.hh","78","78","OK","lo=78 hi=78 totalLines=216"
"Svg/Layout/PageBreaker.cs","94","LILYPOND-REF: lily/include/constrained-breaking.hh:75 ","lily/include/constrained-breaking.hh","75","75","OK","lo=75 hi=75 totalLines=216"
"Svg/Layout/PageBreaker.cs","100","LILYPOND-REF: lily/include/constrained-breaking.hh:81 ","lily/include/constrained-breaking.hh","81","81","OK","lo=81 hi=81 totalLines=216"
"Svg/Layout/PageBreaker.cs","106","LILYPOND-REF: lily/include/constrained-breaking.hh:64 ","lily/include/constrained-breaking.hh","64","64","OK","lo=64 hi=64 totalLines=216"
"Svg/Layout/PageBreaker.cs","112","LILYPOND-REF: lily/include/constrained-breaking.hh:67 ","lily/include/constrained-breaking.hh","67","67","OK","lo=67 hi=67 totalLines=216"
"Svg/Layout/PageBreaker.cs","119","LILYPOND-REF: lily/page-layout-problem.cc:186-310 ","lily/page-layout-problem.cc","186","310","OK","lo=186 hi=310 totalLines=1373"
"Svg/Layout/PageBreaker.cs","128","LILYPOND-REF: lily/constrained-breaking.cc:657-667 ","lily/constrained-breaking.cc","657","667","OK","lo=657 hi=667 totalLines=686"
"Svg/Layout/PageBreaker.cs","140","LILYPOND-REF: lily/page-spacing.cc:31-132 ","lily/page-spacing.cc","31","132","OK","lo=31 hi=132 totalLines=406"
"Svg/Layout/PageBreaker.cs","195","LILYPOND-REF: lily/page-spacing.cc:53-72 ","lily/page-spacing.cc","53","72","OK","lo=53 hi=72 totalLines=406"
"Svg/Layout/PageBreaker.cs","211","LILYPOND-REF: lily/page-layout-problem.cc:186-310 ","lily/page-layout-problem.cc","186","310","OK","lo=186 hi=310 totalLines=1373"
"Svg/Layout/PageBreaker.cs","224","LILYPOND-REF: lily/page-spacing.cc:32-43 ","lily/page-spacing.cc","32","43","OK","lo=32 hi=43 totalLines=406"
"Svg/Layout/PageBreaker.cs","269","LILYPOND-REF: lily/page-spacing.cc:134-402 ","lily/page-spacing.cc","134","402","OK","lo=134 hi=402 totalLines=406"
"Svg/Layout/PageBreaker.cs","288","LILYPOND-REF: lily/include/page-spacing.hh:45 ","lily/include/page-spacing.hh","45","45","OK","lo=45 hi=45 totalLines=136"
"Svg/Layout/PageBreaker.cs","294","LILYPOND-REF: lily/include/page-spacing.hh:46","lily/include/page-spacing.hh","46","46","OK","lo=46 hi=46 totalLines=136"
"Svg/Layout/PageBreaker.cs","329","LILYPOND-REF: lily/page-spacing.cc:146-179 ","lily/page-spacing.cc","146","179","OK","lo=146 hi=179 totalLines=406"
"Svg/Layout/PageBreaker.cs","330","LILYPOND-REF: lily/page-spacing.cc:296-402 ","lily/page-spacing.cc","296","402","OK","lo=296 hi=402 totalLines=406"
"Svg/Layout/PageBreaker.cs","340","LILYPOND-REF: lily/page-spacing.cc:146-179 ","lily/page-spacing.cc","146","179","OK","lo=146 hi=179 totalLines=406"
"Svg/Layout/PageBreaker.cs","482","LILYPOND-REF: lily/page-spacing.cc:296-402 ","lily/page-spacing.cc","296","402","OK","lo=296 hi=402 totalLines=406"
"Svg/Layout/PageBreaker.cs","483","LILYPOND-REF: lily/page-breaking.cc:1502-1529 ","lily/page-breaking.cc","1502","1529","OK","lo=1502 hi=1529 totalLines=1788"
"Svg/Layout/PageBreaker.cs","520","LILYPOND-REF: lily/page-spacing.cc:345-355","lily/page-spacing.cc","345","355","OK","lo=345 hi=355 totalLines=406"
"Svg/Layout/PageBreaker.cs","521","LILYPOND-REF: lily/page-layout-problem.cc:808-823 ","lily/page-layout-problem.cc","808","823","OK","lo=808 hi=823 totalLines=1373"
"Svg/Layout/PageBreaker.cs","530","LILYPOND-REF: lily/page-layout-problem.cc:808-823","lily/page-layout-problem.cc","808","823","OK","lo=808 hi=823 totalLines=1373"
"Svg/Layout/PageBreaker.cs","551","LILYPOND-REF: lily/page-spacing.cc:358, ","lily/page-spacing.cc","358","358","OK","lo=358 hi=358 totalLines=406"
"Svg/Layout/PageBreaker.cs","557","LILYPOND-REF: lily/constrained-breaking.cc:112-113 ","lily/constrained-breaking.cc","112","113","OK","lo=112 hi=113 totalLines=686"
"Svg/Layout/PageBreaker.cs","570","LILYPOND-REF: lily/page-spacing.cc:380-386","lily/page-spacing.cc","380","386","OK","lo=380 hi=386 totalLines=406"
"Svg/Layout/PageBreaker.cs","583","LILYPOND-REF: lily/page-spacing.cc:269-293 ","lily/page-spacing.cc","269","293","OK","lo=269 hi=293 totalLines=406"
"Svg/Layout/PageBreakingParameters.cs","23","LILYPOND-REF: lily/include/constrained-breaking.hh:74-76 ","lily/include/constrained-breaking.hh","74","76","OK","lo=74 hi=76 totalLines=216"
"Svg/Layout/PageBreakingParameters.cs","39","LILYPOND-REF: lily/page-breaking.cc:256-310 ","lily/page-breaking.cc","256","310","OK","lo=256 hi=310 totalLines=1788"
"Svg/Layout/PageBreakingParameters.cs","40","LILYPOND-REF: scm/paper.scm","scm/paper.scm",,,"NoRange","rangeRaw=''"
"Svg/Layout/PageBreakingParameters.cs","49","LILYPOND-REF: lily/page-breaking.cc:280 ","lily/page-breaking.cc","280","280","OK","lo=280 hi=280 totalLines=1788"
"Svg/Layout/PageBreakingParameters.cs","61","LILYPOND-REF: lily/page-breaking.cc:291 ","lily/page-breaking.cc","291","291","OK","lo=291 hi=291 totalLines=1788"
"Svg/Layout/PageBreakingParameters.cs","67","LILYPOND-REF: lily/page-breaking.cc:293 ","lily/page-breaking.cc","293","293","OK","lo=293 hi=293 totalLines=1788"
"Svg/Layout/PageBreakingParameters.cs","73","LILYPOND-REF: lily/page-breaking.cc:295 ","lily/page-breaking.cc","295","295","OK","lo=295 hi=295 totalLines=1788"
"Svg/Layout/PageBreakingParameters.cs","79","LILYPOND-REF: lily/page-breaking.cc:297 ","lily/page-breaking.cc","297","297","OK","lo=297 hi=297 totalLines=1788"
"Svg/Layout/PageBreakingParameters.cs","86","LILYPOND-REF: lily/page-breaking.cc:1506 ","lily/page-breaking.cc","1506","1506","OK","lo=1506 hi=1506 totalLines=1788"
"Svg/Layout/PageBreakingParameters.cs","93","LILYPOND-REF: lily/include/constrained-breaking.hh","lily/include/constrained-breaking.hh",,,"NoRange","rangeRaw=''"
"Svg/Layout/PageBreakingParameters.cs","103","LILYPOND-REF: lily/page-layout-problem.cc","lily/page-layout-problem.cc",,,"NoRange","rangeRaw=''"
"Svg/Layout/PageLayouter.cs","26","LILYPOND-REF: lily/page-spacing.cc","lily/page-spacing.cc",,,"NoRange","rangeRaw=''"
"Svg/Layout/PageLayouter.cs","27","LILYPOND-REF: lily/page-layout-problem.cc","lily/page-layout-problem.cc",,,"NoRange","rangeRaw=''"
"Svg/Layout/PageLayouter.cs","56","LILYPOND-REF: lily/page-spacing.cc","lily/page-spacing.cc",,,"NoRange","rangeRaw=''"
"Svg/Layout/PageLayouter.cs","57","LILYPOND-REF: lily/page-layout-problem.cc:1070-1127 ","lily/page-layout-problem.cc","1070","1127","OK","lo=1070 hi=1127 totalLines=1373"
"Svg/Layout/PageLayouter.cs","86","LILYPOND-REF: lily/page-layout-problem.cc:488-535","lily/page-layout-problem.cc","488","535","OK","lo=488 hi=535 totalLines=1373"
"Svg/Layout/PageLayouter.cs","157","LILYPOND-REF: lily/page-layout-problem.cc:808-823 ","lily/page-layout-problem.cc","808","823","OK","lo=808 hi=823 totalLines=1373"
"Svg/Layout/PageLayouter.cs","169","LILYPOND-REF: lily/page-layout-problem.cc:1070-1127 ","lily/page-layout-problem.cc","1070","1127","OK","lo=1070 hi=1127 totalLines=1373"
"Svg/Layout/PageLayouter.cs","192","LILYPOND-REF: lily/page-layout-problem.cc:488-535 ","lily/page-layout-problem.cc","488","535","OK","lo=488 hi=535 totalLines=1373"
"Svg/Layout/PageLayouter.cs","193","LILYPOND-REF: lily/page-layout-problem.cc:622-646 ","lily/page-layout-problem.cc","622","646","OK","lo=622 hi=646 totalLines=1373"
"Svg/Layout/PageLayouter.cs","194","LILYPOND-REF: lily/page-layout-problem.cc:1070-1127 ","lily/page-layout-problem.cc","1070","1127","OK","lo=1070 hi=1127 totalLines=1373"
"Svg/Layout/PageLayouter.cs","234","LILYPOND-REF: lily/page-layout-problem.cc:1070-1127 ","lily/page-layout-problem.cc","1070","1127","OK","lo=1070 hi=1127 totalLines=1373"
"Svg/Layout/PageLayouter.cs","257","LILYPOND-REF: lily/include/constrained-breaking.hh","lily/include/constrained-breaking.hh",,,"NoRange","rangeRaw=''"
"Svg/Layout/PageLayouter.cs","270","LILYPOND-REF: lily/page-layout-problem.cc:483 ","lily/page-layout-problem.cc","483","483","OK","lo=483 hi=483 totalLines=1373"
"Svg/Layout/PartCombineAnalyzer.cs","25","LILYPOND-REF: scm/part-combiner.scm","scm/part-combiner.scm",,,"NoRange","rangeRaw=''"
"Svg/Layout/PartCombineAnalyzer.cs","71","LILYPOND-REF: scm/part-combiner.scm","scm/part-combiner.scm",,,"NoRange","rangeRaw=''"
"Svg/Layout/PartCombineAnalyzer.cs","144","LILYPOND-REF: scm/part-combiner.scm","scm/part-combiner.scm",,,"NoRange","rangeRaw=''"
"Svg/Layout/PartCombineAnalyzer.cs","175","LILYPOND-REF: scm/part-combiner.scm","scm/part-combiner.scm",,,"NoRange","rangeRaw=''"
"Svg/Layout/PercentRepeatEngraver.cs","26","LILYPOND-REF: scm/define-grobs.scm:2520-2539 - ","scm/define-grobs.scm","2520","2539","OK","lo=2520 hi=2539 totalLines=4414"
"Svg/Layout/PercentRepeatEngraver.cs","40","LILYPOND-REF: lily/percent-repeat-interface.cc","lily/percent-repeat-interface.cc",,,"NoRange","rangeRaw=''"
"Svg/Layout/PercentRepeatEngraver.cs","41","LILYPOND-REF: scm/define-grobs.scm:2520-2539 - ","scm/define-grobs.scm","2520","2539","OK","lo=2520 hi=2539 totalLines=4414"
"Svg/Layout/ScoreLayout.cs","208","LILYPOND-REF: lily/grob-property.cc","lily/grob-property.cc",,,"NoRange","rangeRaw=''"
"Svg/Layout/ScoreLayout.cs","244","LILYPOND-REF: lily/note-collision.cc:411-448","lily/note-collision.cc","411","448","OK","lo=411 hi=448 totalLines=665"
"Svg/Layout/ScoreLayout.cs","267","LILYPOND-REF: lily/note-collision.cc:381-407","lily/note-collision.cc","381","407","OK","lo=381 hi=407 totalLines=665"
"Svg/Layout/Skyline.cs","26","LILYPOND-REF: lily/skyline.cc","lily/skyline.cc",,,"NoRange","rangeRaw=''"
"Svg/Layout/Skyline.cs","111","LILYPOND-REF: lily/skyline.cc:529-533 ","lily/skyline.cc","529","533","OK","lo=529 hi=533 totalLines=761"
"Svg/Layout/Skyline.cs","131","LILYPOND-REF: lily/skyline.cc:530-554 ","lily/skyline.cc","530","554","OK","lo=530 hi=554 totalLines=761"
"Svg/Layout/Skyline.cs","238","LILYPOND-REF: lily/skyline.cc","lily/skyline.cc",,,"NoRange","rangeRaw=''"
"Svg/Layout/SkylineBuilder.cs","27","LILYPOND-REF: lily/page-layout-problem.cc:1075-1124 ","lily/page-layout-problem.cc","1075","1124","OK","lo=1075 hi=1124 totalLines=1373"
"Svg/Layout/SkylineBuilder.cs","28","LILYPOND-REF: lily/skyline.cc","lily/skyline.cc",,,"NoRange","rangeRaw=''"
"Svg/Layout/SkylineBuilder.cs","43","LILYPOND-REF: lily/page-layout-problem.cc:1075-1124 ","lily/page-layout-problem.cc","1075","1124","OK","lo=1075 hi=1124 totalLines=1373"
"Svg/Layout/SkylineBuilder.cs","68","LILYPOND-REF: lily/page-layout-problem.cc:1075-1124 ","lily/page-layout-problem.cc","1075","1124","OK","lo=1075 hi=1124 totalLines=1373"
"Svg/Layout/SkylineBuilder.cs","122","LILYPOND-REF: lily/align-interface.cc:217-268 ","lily/align-interface.cc","217","268","OK","lo=217 hi=268 totalLines=378"
"Svg/Layout/SkylineBuilder.cs","123","LILYPOND-REF: lily/page-layout-problem.cc:1075-1124 ","lily/page-layout-problem.cc","1075","1124","OK","lo=1075 hi=1124 totalLines=1373"
"Svg/Layout/SkylineBuilder.cs","173","LILYPOND-REF: lily/grob.cc:85-89 - ","lily/grob.cc","85","89","OK","lo=85 hi=89 totalLines=1047"
"Svg/Layout/SkylineBuilder.cs","213","LILYPOND-REF: lily/rest.cc:61-77 - ","lily/rest.cc","61","77","OK","lo=61 hi=77 totalLines=338"
"Svg/Layout/SkylineBuilder.cs","255","LILYPOND-REF: lily/grob.cc:85-89 ","lily/grob.cc","85","89","OK","lo=85 hi=89 totalLines=1047"
"Svg/Layout/SkylineBuilder.cs","256","LILYPOND-REF: lily/stencil-integral.cc:55-62 ","lily/stencil-integral.cc","55","62","OK","lo=55 hi=62 totalLines=994"
"Svg/Layout/SkylineBuilder.cs","285","LILYPOND-REF: lily/ledger-line-engraver.cc:82-127","lily/ledger-line-engraver.cc","82","127","OK","lo=82 hi=127 totalLines=150"
"Svg/Layout/SkylineBuilder.cs","330","LILYPOND-REF: lily/flag.cc:51-69 ","lily/flag.cc","51","69","OK","lo=51 hi=69 totalLines=221"
"Svg/Layout/SkylineBuilder.cs","352","LILYPOND-REF: lily/flag.cc:51-69 ","lily/flag.cc","51","69","OK","lo=51 hi=69 totalLines=221"
"Svg/Layout/SlurEngraver.cs","27","LILYPOND-REF: lily/slur-scoring.cc:1-906 ","lily/slur-scoring.cc","1","906","OK","lo=1 hi=906 totalLines=908"
"Svg/Layout/SlurEngraver.cs","28","LILYPOND-REF: lily/bezier-bow.cc:1-132 ","lily/bezier-bow.cc","1","132","OK","lo=1 hi=132 totalLines=133"
"Svg/Layout/SlurEngraver.cs","81","LILYPOND-REF: lily/bezier-bow.cc","lily/bezier-bow.cc",,,"NoRange","rangeRaw=''"
"Svg/Layout/SlurEngraver.cs","102","LILYPOND-REF: lily/bezier-bow.cc:28-38 ","lily/bezier-bow.cc","28","38","OK","lo=28 hi=38 totalLines=133"
"Svg/Layout/SlurLayout.cs","24","LILYPOND-REF: lily/slur.cc","lily/slur.cc",,,"NoRange","rangeRaw=''"
"Svg/Layout/SlurLayout.cs","25","LILYPOND-REF: lily/slur-scoring.cc","lily/slur-scoring.cc",,,"NoRange","rangeRaw=''"
"Svg/Layout/SlurScoreParameters.cs","25","LILYPOND-REF: lily/include/slur-score-parameters.hh:26-56 ","lily/include/slur-score-parameters.hh","26","56","OK","lo=26 hi=56 totalLines=58"
"Svg/Layout/SlurScoreParameters.cs","26","LILYPOND-REF: scm/layout-slur.scm:19-45 ","scm/layout-slur.scm","19","45","OK","lo=19 hi=45 totalLines=45"
"Svg/Layout/SlurScoringProblem.cs","38","LILYPOND-REF: lily/include/slur-configuration.hh","lily/include/slur-configuration.hh",,,"NoRange","rangeRaw=''"
"Svg/Layout/SlurScoringProblem.cs","87","LILYPOND-REF: lily/slur-scoring.cc:1-906 ","lily/slur-scoring.cc","1","906","OK","lo=1 hi=906 totalLines=908"
"Svg/Layout/SlurScoringProblem.cs","88","LILYPOND-REF: lily/slur-configuration.cc:1-558 ","lily/slur-configuration.cc","1","558","OK","lo=1 hi=558 totalLines=566"
"Svg/Layout/SlurScoringProblem.cs","89","LILYPOND-REF: lily/misc.cc:48-55 ","lily/misc.cc","48","55","OK","lo=48 hi=55 totalLines=78"
"Svg/Layout/SlurScoringProblem.cs","132","LILYPOND-REF: lily/slur-scoring.cc:180-190","lily/slur-scoring.cc","180","190","OK","lo=180 hi=190 totalLines=908"
"Svg/Layout/SlurScoringProblem.cs","144","LILYPOND-REF: lily/misc.cc:48-55","lily/misc.cc","48","55","OK","lo=48 hi=55 totalLines=78"
"Svg/Layout/SlurScoringProblem.cs","157","LILYPOND-REF: lily/bezier-bow.cc:28-38 ","lily/bezier-bow.cc","28","38","OK","lo=28 hi=38 totalLines=133"
"Svg/Layout/SlurScoringProblem.cs","172","LILYPOND-REF: lily/bezier-bow.cc:109-118 ","lily/bezier-bow.cc","109","118","OK","lo=109 hi=118 totalLines=133"
"Svg/Layout/SlurScoringProblem.cs","199","LILYPOND-REF: lily/slur-scoring.cc:438-459 ","lily/slur-scoring.cc","438","459","OK","lo=438 hi=459 totalLines=908"
"Svg/Layout/SlurScoringProblem.cs","210","LILYPOND-REF: lily/slur-scoring.cc:438-459","lily/slur-scoring.cc","438","459","OK","lo=438 hi=459 totalLines=908"
"Svg/Layout/SlurScoringProblem.cs","234","LILYPOND-REF: lily/slur-configuration.cc:531-558 ","lily/slur-configuration.cc","531","558","OK","lo=531 hi=558 totalLines=566"
"Svg/Layout/SlurScoringProblem.cs","235","LILYPOND-REF: lily/include/slur-configuration.hh","lily/include/slur-configuration.hh",,,"NoRange","rangeRaw=''"
"Svg/Layout/SlurScoringProblem.cs","268","LILYPOND-REF: lily/slur-scoring.cc:722-804 ","lily/slur-scoring.cc","722","804","OK","lo=722 hi=804 totalLines=908"
"Svg/Layout/SlurScoringProblem.cs","284","LILYPOND-REF: lily/slur-scoring.cc:739-740","lily/slur-scoring.cc","739","740","OK","lo=739 hi=740 totalLines=908"
"Svg/Layout/SlurScoringProblem.cs","302","LILYPOND-REF: lily/slur-scoring.cc:770-775","lily/slur-scoring.cc","770","775","OK","lo=770 hi=775 totalLines=908"
"Svg/Layout/SlurScoringProblem.cs","352","LILYPOND-REF: lily/slur-configuration.cc:490-529 ","lily/slur-configuration.cc","490","529","OK","lo=490 hi=529 totalLines=566"
"Svg/Layout/SlurScoringProblem.cs","404","LILYPOND-REF: lily/slur-configuration.cc:464-488 ","lily/slur-configuration.cc","464","488","OK","lo=464 hi=488 totalLines=566"
"Svg/Layout/SlurScoringProblem.cs","444","LILYPOND-REF: lily/slur-configuration.cc:351-462 ","lily/slur-configuration.cc","351","462","OK","lo=351 hi=462 totalLines=566"
"Svg/Layout/SlurScoringProblem.cs","518","LILYPOND-REF: lily/slur-configuration.cc:235-349 ","lily/slur-configuration.cc","235","349","OK","lo=235 hi=349 totalLines=566"
"Svg/Layout/SlurScoringProblem.cs","664","LILYPOND-REF: lily/bezier-bow.cc","lily/bezier-bow.cc",,,"NoRange","rangeRaw=''"
"Svg/Layout/SpacingRules.cs","126","LILYPOND-REF: lily/break-alignment-interface.cc","lily/break-alignment-interface.cc",,,"NoRange","rangeRaw=''"
"Svg/Layout/SpacingRules.cs","127","LILYPOND-REF: scm/define-grobs.scm","scm/define-grobs.scm",,,"NoRange","rangeRaw=''"
"Svg/Layout/SpacingRules.cs","146","LILYPOND-REF: lily/break-alignment-interface.cc","lily/break-alignment-interface.cc",,,"NoRange","rangeRaw=''"
"Svg/Layout/SpacingRules.cs","208","LILYPOND-REF: lily/clef.cc:29-52 ","lily/clef.cc","29","52","OK","lo=29 hi=52 totalLines=82"
"Svg/Layout/SpacingRules.cs","235","LILYPOND-REF: lily/key-engraver.cc","lily/key-engraver.cc",,,"NoRange","rangeRaw=''"
"Svg/Layout/SpacingRules.cs","248","LILYPOND-REF: lily/key-engraver.cc:67-125 ","lily/key-engraver.cc","67","125","OK","lo=67 hi=125 totalLines=253"
"Svg/Layout/SpacingRules.cs","277","LILYPOND-REF: lily/accidental-placement.cc","lily/accidental-placement.cc",,,"NoRange","rangeRaw=''"
"Svg/Layout/SpacingRules.cs","284","LILYPOND-REF: lily/clef.cc","lily/clef.cc",,,"NoRange","rangeRaw=''"
"Svg/Layout/SpacingRules.cs","369","LILYPOND-REF: lily/note-column.cc:169-220 ","lily/note-column.cc","169","220","OK","lo=169 hi=220 totalLines=277"
"Svg/Layout/SpacingRules.cs","405","LILYPOND-REF: lily/note-column.cc:169-220 ","lily/note-column.cc","169","220","OK","lo=169 hi=220 totalLines=277"
"Svg/Layout/SpacingRules.cs","438","LILYPOND-REF: lily/spacing-basic.cc:100-130 ","lily/spacing-basic.cc","100","130","OK","lo=100 hi=130 totalLines=184"
"Svg/Layout/SpacingRules.cs","439","LILYPOND-REF: lily/note-spacing.cc:119-199 ","lily/note-spacing.cc","119","199","OK","lo=119 hi=199 totalLines=331"
"Svg/Layout/SpacingRules.cs","451","LILYPOND-REF: lily/spacing-basic.cc:109 ","lily/spacing-basic.cc","109","109","OK","lo=109 hi=109 totalLines=184"
"Svg/Layout/SpacingRules.cs","460","LILYPOND-REF: lily/spacing-basic.cc:107 ","lily/spacing-basic.cc","107","107","OK","lo=107 hi=107 totalLines=184"
"Svg/Layout/SpacingRules.cs","465","LILYPOND-REF: lily/note-spacing.cc:119-199 ","lily/note-spacing.cc","119","199","OK","lo=119 hi=199 totalLines=331"
"Svg/Layout/SpacingRules.cs","468","LILYPOND-REF: lily/note-spacing.cc:229-264 ","lily/note-spacing.cc","229","264","OK","lo=229 hi=264 totalLines=331"
"Svg/Layout/SpacingRules.cs","476","LILYPOND-REF: lily/spacing-basic.cc","lily/spacing-basic.cc",,,"NoRange","rangeRaw=''"
"Svg/Layout/SpacingRules.cs","491","LILYPOND-REF: lily/note-spacing.cc:119-199 ","lily/note-spacing.cc","119","199","OK","lo=119 hi=199 totalLines=331"
"Svg/Layout/SpacingRules.cs","540","LILYPOND-REF: lily/spacing-options.cc:68-104 ","lily/spacing-options.cc","68","104","OK","lo=68 hi=104 totalLines=108"
"Svg/Layout/SpacingRules.cs","554","LILYPOND-REF: lily/spacing-options.cc:68-104 ","lily/spacing-options.cc","68","104","OK","lo=68 hi=104 totalLines=108"
"Svg/Layout/SpacingRules.cs","555","LILYPOND-REF: lily/spacing-spanner.cc","lily/spacing-spanner.cc",,,"NoRange","rangeRaw=''"
"Svg/Layout/SpacingRules.cs","573","LILYPOND-REF: lily/spacing-options.cc:65-70 ","lily/spacing-options.cc","65","70","OK","lo=65 hi=70 totalLines=108"
"Svg/Layout/SpacingRules.cs","594","LILYPOND-REF: lily/spacing-spanner.cc:140-180","lily/spacing-spanner.cc","140","180","OK","lo=140 hi=180 totalLines=564"
"Svg/Layout/SpacingRules.cs","626","LILYPOND-REF: lily/spacing-spanner.cc","lily/spacing-spanner.cc",,,"NoRange","rangeRaw=''"
"Svg/Layout/SpacingRules.cs","655","LILYPOND-REF: lily/spacing-spanner.cc","lily/spacing-spanner.cc",,,"NoRange","rangeRaw=''"
"Svg/Layout/SpacingRules.cs","696","LILYPOND-REF: lily/spacing-basic.cc:140-155 ","lily/spacing-basic.cc","140","155","OK","lo=140 hi=155 totalLines=184"
"Svg/Layout/SpacingRules.cs","697","LILYPOND-REF: scm/define-grobs.scm:1585-1598 ","scm/define-grobs.scm","1585","1598","OK","lo=1585 hi=1598 totalLines=4414"
"Svg/Layout/SpacingRules.cs","711","LILYPOND-REF: lily/grace-spacing-engraver.cc","lily/grace-spacing-engraver.cc",,,"NoRange","rangeRaw=''"
"Svg/Layout/SpacingRules.cs","734","LILYPOND-REF: lily/grace-spacing-engraver.cc","lily/grace-spacing-engraver.cc",,,"NoRange","rangeRaw=''"
"Svg/Layout/SpacingRules.cs","761","LILYPOND-REF: lily/grace-spacing-engraver.cc:36-80 ","lily/grace-spacing-engraver.cc","36","80","OK","lo=36 hi=80 totalLines=103"
"Svg/Layout/SpacingRules.cs","778","LILYPOND-REF: lily/grace-spacing-engraver.cc","lily/grace-spacing-engraver.cc",,,"NoRange","rangeRaw=''"
"Svg/Layout/SpacingRules.cs","784","LILYPOND-REF: lily/grace-spacing-engraver.cc:36-80 ","lily/grace-spacing-engraver.cc","36","80","OK","lo=36 hi=80 totalLines=103"
"Svg/Layout/SpacingRules.cs","792","LILYPOND-REF: lily/grace-spacing-engraver.cc:65-80","lily/grace-spacing-engraver.cc","65","80","OK","lo=65 hi=80 totalLines=103"
"Svg/Layout/SpacingRules.cs","803","LILYPOND-REF: lily/grace-spacing-engraver.cc","lily/grace-spacing-engraver.cc",,,"NoRange","rangeRaw=''"
"Svg/Layout/SpacingRules.cs","811","LILYPOND-REF: lily/grace-spacing-engraver.cc:36-80 ","lily/grace-spacing-engraver.cc","36","80","OK","lo=36 hi=80 totalLines=103"
"Svg/Layout/SpacingRules.cs","831","LILYPOND-REF: lily/grace-spacing-engraver.cc:36-80 ","lily/grace-spacing-engraver.cc","36","80","OK","lo=36 hi=80 totalLines=103"
"Svg/Layout/SpacingRules.cs","853","LILYPOND-REF: lily/spacing-spanner.cc","lily/spacing-spanner.cc",,,"NoRange","rangeRaw=''"
"Svg/Layout/SpacingRules.cs","861","LILYPOND-REF: lily/spacing-basic.cc:109 ","lily/spacing-basic.cc","109","109","OK","lo=109 hi=109 totalLines=184"
"Svg/Layout/SpacingRules.cs","864","LILYPOND-REF: lily/spacing-basic.cc:107 ","lily/spacing-basic.cc","107","107","OK","lo=107 hi=107 totalLines=184"
"Svg/Layout/SpacingRules.cs","874","LILYPOND-REF: lily/note-spacing.cc:229-264 ","lily/note-spacing.cc","229","264","OK","lo=229 hi=264 totalLines=331"
"Svg/Layout/SpacingRules.cs","882","LILYPOND-REF: lily/spacing-basic.cc:115 ","lily/spacing-basic.cc","115","115","OK","lo=115 hi=115 totalLines=184"
"Svg/Layout/SpacingRules.cs","900","LILYPOND-REF: lily/spacing-spanner.cc:200-280","lily/spacing-spanner.cc","200","280","OK","lo=200 hi=280 totalLines=564"
"Svg/Layout/SpacingRules.cs","941","LILYPOND-REF: lily/spacing-spanner.cc:100-140 ","lily/spacing-spanner.cc","100","140","OK","lo=100 hi=140 totalLines=564"
"Svg/Layout/SpacingRules.cs","977","LILYPOND-REF: lily/spacing-spanner.cc:100-140 ","lily/spacing-spanner.cc","100","140","OK","lo=100 hi=140 totalLines=564"
"Svg/Layout/SpacingRules.cs","993","LILYPOND-REF: lily/separation-item.cc:49-70 ","lily/separation-item.cc","49","70","OK","lo=49 hi=70 totalLines=206"
"Svg/Layout/SpacingRules.cs","994","LILYPOND-REF: lily/note-spacing.cc:80-85 ","lily/note-spacing.cc","80","85","OK","lo=80 hi=85 totalLines=331"
"Svg/Layout/SpacingRules.cs","1047","LILYPOND-REF: lily/note-spacing.cc:80-85","lily/note-spacing.cc","80","85","OK","lo=80 hi=85 totalLines=331"
"Svg/Layout/SpacingRules.cs","1085","LILYPOND-REF: lily/separation-item.cc:49-70 ","lily/separation-item.cc","49","70","OK","lo=49 hi=70 totalLines=206"
"Svg/Layout/SpacingRules.cs","1146","LILYPOND-REF: lily/font-metric.cc:100-120 ","lily/font-metric.cc","100","120","OK","lo=100 hi=120 totalLines=158"
"Svg/Layout/SpacingRules.cs","1192","LILYPOND-REF: lily/note-column.cc","lily/note-column.cc",,,"NoRange","rangeRaw=''"
"Svg/Layout/SpacingRules.cs","1315","LILYPOND-REF: lily/note-column.cc","lily/note-column.cc",,,"NoRange","rangeRaw=''"
"Svg/Layout/SpacingRules.cs","1372","LILYPOND-REF: lily/separation-item.cc","lily/separation-item.cc",,,"NoRange","rangeRaw=''"
"Svg/Layout/SpacingRules.cs","1454","LILYPOND-REF: lily/note-spacing.cc:44-86","lily/note-spacing.cc","44","86","OK","lo=44 hi=86 totalLines=331"
"Svg/Layout/SpacingRules.cs","1462","LILYPOND-REF: scm/define-grobs.scm","scm/define-grobs.scm",,,"NoRange","rangeRaw=''"
"Svg/Layout/SpacingRules.cs","1463","LILYPOND-REF: lily/separation-item.cc:49-70 ","lily/separation-item.cc","49","70","OK","lo=49 hi=70 totalLines=206"
"Svg/Layout/SpacingRules.cs","1474","LILYPOND-REF: scm/define-grobs.scm","scm/define-grobs.scm",,,"NoRange","rangeRaw=''"
"Svg/Layout/SpacingRules.cs","1488","LILYPOND-REF: lily/separation-item.cc:49-70","lily/separation-item.cc","49","70","OK","lo=49 hi=70 totalLines=206"
"Svg/Layout/SpacingRules.cs","1506","LILYPOND-REF: lily/separation-item.cc:49-70 ","lily/separation-item.cc","49","70","OK","lo=49 hi=70 totalLines=206"
"Svg/Layout/Spring.cs","21","LILYPOND-REF: lily/spring.cc:1-250 ","lily/spring.cc","1","250","RangeOOB","lo=1 hi=250 totalLines=238"
"Svg/Layout/Spring.cs","24","LILYPOND-REF: lily/spring.cc:220-240 ","lily/spring.cc","220","240","RangeOOB","lo=220 hi=240 totalLines=238"
"Svg/Layout/Spring.cs","96","LILYPOND-REF: lily/spring.cc:29-35","lily/spring.cc","29","35","OK","lo=29 hi=35 totalLines=238"
"Svg/Layout/Spring.cs","124","LILYPOND-REF: lily/spring.cc:105-131 ","lily/spring.cc","105","131","OK","lo=105 hi=131 totalLines=238"
"Svg/Layout/Spring.cs","160","LILYPOND-REF: lily/spring.cc:88-95 ","lily/spring.cc","88","95","OK","lo=88 hi=95 totalLines=238"
"Svg/Layout/Spring.cs","177","LILYPOND-REF: lily/spring.cc:220-240 ","lily/spring.cc","220","240","RangeOOB","lo=220 hi=240 totalLines=238"
"Svg/Layout/Spring.cs","181","LILYPOND-REF: lily/spring.cc:228-234 - ","lily/spring.cc","228","234","OK","lo=228 hi=234 totalLines=238"
"Svg/Layout/SpringSolver.cs","25","LILYPOND-REF: lily/simple-spacer.cc:1-300 ","lily/simple-spacer.cc","1","300","OK","lo=1 hi=300 totalLines=580"
"Svg/Layout/SpringSolver.cs","43","LILYPOND-REF: lily/simple-spacer.cc:250-275 ","lily/simple-spacer.cc","250","275","OK","lo=250 hi=275 totalLines=580"
"Svg/Layout/SpringSolver.cs","49","LILYPOND-REF: lily/simple-spacer.cc","lily/simple-spacer.cc",,,"NoRange","rangeRaw=''"
"Svg/Layout/SpringSolver.cs","58","LILYPOND-REF: lily/simple-spacer.cc:159-162 ","lily/simple-spacer.cc","159","162","OK","lo=159 hi=162 totalLines=580"
"Svg/Layout/SpringSolver.cs","82","LILYPOND-REF: lily/simple-spacer.cc:165-172 ","lily/simple-spacer.cc","165","172","OK","lo=165 hi=172 totalLines=580"
"Svg/Layout/SpringSolver.cs","96","LILYPOND-REF: lily/simple-spacer.cc:175-205 ","lily/simple-spacer.cc","175","205","OK","lo=175 hi=205 totalLines=580"
"Svg/Layout/SpringSolver.cs","130","LILYPOND-REF: lily/simple-spacer.cc:201-202","lily/simple-spacer.cc","201","202","OK","lo=201 hi=202 totalLines=580"
"Svg/Layout/SpringSolver.cs","147","LILYPOND-REF: lily/simple-spacer.cc:207-225 ","lily/simple-spacer.cc","207","225","OK","lo=207 hi=225 totalLines=580"
"Svg/Layout/SpringSolver.cs","169","LILYPOND-REF: lily/simple-spacer.cc:233-288 ","lily/simple-spacer.cc","233","288","OK","lo=233 hi=288 totalLines=580"
"Svg/Layout/SpringSolver.cs","174","LILYPOND-REF: lily/simple-spacer.cc:250-275 ","lily/simple-spacer.cc","250","275","OK","lo=250 hi=275 totalLines=580"
"Svg/Layout/SpringSolver.cs","216","LILYPOND-REF: lily/simple-spacer.cc:250-275","lily/simple-spacer.cc","250","275","OK","lo=250 hi=275 totalLines=580"
"Svg/Layout/SpringSolver.cs","234","LILYPOND-REF: lily/simple-spacer.cc:250-275","lily/simple-spacer.cc","250","275","OK","lo=250 hi=275 totalLines=580"
"Svg/Layout/SpringSolver.cs","241","LILYPOND-REF: lily/simple-spacer.cc:295-305 ","lily/simple-spacer.cc","295","305","OK","lo=295 hi=305 totalLines=580"
"Svg/Layout/SpringSolver.cs","267","LILYPOND-REF: lily/simple-spacer.cc:309-321 ","lily/simple-spacer.cc","309","321","OK","lo=309 hi=321 totalLines=580"
"Svg/Layout/SpringSolver.cs","292","LILYPOND-REF: lily/simple-spacer.cc:92-128 ","lily/simple-spacer.cc","92","128","OK","lo=92 hi=128 totalLines=580"
"Svg/Layout/SpringSolver.cs","302","LILYPOND-REF: lily/simple-spacer.cc:92-128 ","lily/simple-spacer.cc","92","128","OK","lo=92 hi=128 totalLines=580"
"Svg/Layout/SpringSolver.cs","307","LILYPOND-REF: lily/simple-spacer.cc:92-128 ","lily/simple-spacer.cc","92","128","OK","lo=92 hi=128 totalLines=580"
"Svg/Layout/SpringSolver.cs","318","LILYPOND-REF: lily/simple-spacer.cc:92-128","lily/simple-spacer.cc","92","128","OK","lo=92 hi=128 totalLines=580"
"Svg/Layout/StaffSpacingParameters.cs","24","LILYPOND-REF: scm/define-grobs.scm:3040-3054 ","scm/define-grobs.scm","3040","3054","OK","lo=3040 hi=3054 totalLines=4414"
"Svg/Layout/StaffSpacingParameters.cs","25","LILYPOND-REF: lily/staff-grouper-interface.cc","lily/staff-grouper-interface.cc",,,"NoRange","rangeRaw=''"
"Svg/Layout/StaffSpacingParameters.cs","35","LILYPOND-REF: scm/define-grobs.scm:3042-3045","scm/define-grobs.scm","3042","3045","OK","lo=3042 hi=3045 totalLines=4414"
"Svg/Layout/StaffSpacingParameters.cs","54","LILYPOND-REF: scm/define-grobs.scm:3046-3049","scm/define-grobs.scm","3046","3049","OK","lo=3046 hi=3049 totalLines=4414"
"Svg/Layout/StaffSpacingParameters.cs","72","LILYPOND-REF: lily/align-interface.cc:240-252 ","lily/align-interface.cc","240","252","OK","lo=240 hi=252 totalLines=378"
"Svg/Layout/StaffSpacingParameters.cs","89","LILYPOND-REF: lily/page-layout-problem.cc:656-717 ","lily/page-layout-problem.cc","656","717","OK","lo=656 hi=717 totalLines=1373"
"Svg/Layout/StaffSpacingParameters.cs","90","LILYPOND-REF: lily/staff-grouper-interface.cc","lily/staff-grouper-interface.cc",,,"NoRange","rangeRaw=''"
"Svg/Layout/StemCalculator.cs","23","LILYPOND-REF: scm/define-grobs.scm:3121-3141 ","scm/define-grobs.scm","3121","3141","OK","lo=3121 hi=3141 totalLines=4414"
"Svg/Layout/StemCalculator.cs","24","LILYPOND-REF: lily/stem.cc:415-523 ","lily/stem.cc","415","523","OK","lo=415 hi=523 totalLines=1371"
"Svg/Layout/StemCalculator.cs","73","LILYPOND-REF: lily/stem.cc:1012-1022 ","lily/stem.cc","1012","1022","OK","lo=1012 hi=1022 totalLines=1371"
"Svg/Layout/StemCalculator.cs","89","LILYPOND-REF: lily/stem.cc:415-523 ","lily/stem.cc","415","523","OK","lo=415 hi=523 totalLines=1371"
"Svg/Layout/StemCalculator.cs","90","LILYPOND-REF: lily/stem.cc:1024-1155 ","lily/stem.cc","1024","1155","OK","lo=1024 hi=1155 totalLines=1371"
"Svg/Layout/StemCalculator.cs","106","LILYPOND-REF: lily/stem.cc:415-523 ","lily/stem.cc","415","523","OK","lo=415 hi=523 totalLines=1371"
"Svg/Layout/StemCalculator.cs","185","LILYPOND-REF: lily/stem.cc:1024-1155 ","lily/stem.cc","1024","1155","OK","lo=1024 hi=1155 totalLines=1371"
"Svg/Layout/StemDirection.cs","25","LILYPOND-REF: lily/stem.cc:681-701 ","lily/stem.cc","681","701","OK","lo=681 hi=701 totalLines=1371"
"Svg/Layout/StemDirection.cs","26","LILYPOND-REF: lily/stem.cc:665-680 ","lily/stem.cc","665","680","OK","lo=665 hi=680 totalLines=1371"
"Svg/Layout/StemDirection.cs","106","LILYPOND-REF: lily/stem.cc:681-701 ","lily/stem.cc","681","701","OK","lo=681 hi=701 totalLines=1371"
"Svg/Layout/SystemBreaker.cs","27","LILYPOND-REF: lily/constrained-breaking.cc","lily/constrained-breaking.cc",,,"NoRange","rangeRaw=''"
"Svg/Layout/SystemBreaker.cs","28","LILYPOND-REF: lily/page-breaking.cc","lily/page-breaking.cc",,,"NoRange","rangeRaw=''"
"Svg/Layout/SystemBreaker.cs","44","LILYPOND-REF: lily/constrained-breaking.cc","lily/constrained-breaking.cc",,,"NoRange","rangeRaw=''"
"Svg/Layout/SystemLayouter.cs","27","LILYPOND-REF: lily/spacing-spanner.cc","lily/spacing-spanner.cc",,,"NoRange","rangeRaw=''"
"Svg/Layout/SystemLayouter.cs","28","LILYPOND-REF: lily/system.cc","lily/system.cc",,,"NoRange","rangeRaw=''"
"Svg/Layout/SystemLayouter.cs","110","LILYPOND-REF: lily/page-spacing.cc","lily/page-spacing.cc",,,"NoRange","rangeRaw=''"
"Svg/Layout/SystemLayouter.cs","112","LILYPOND-REF: lily/simple-spacer.cc:175-205 ","lily/simple-spacer.cc","175","205","OK","lo=175 hi=205 totalLines=580"
"Svg/Layout/SystemLayouter.cs","168","LILYPOND-REF: lily/separation-item.cc:49-70 ","lily/separation-item.cc","49","70","OK","lo=49 hi=70 totalLines=206"
"Svg/Layout/SystemLayouter.cs","197","LILYPOND-REF: lily/note-spacing.cc:80-85 ","lily/note-spacing.cc","80","85","OK","lo=80 hi=85 totalLines=331"
"Svg/Layout/SystemLayouter.cs","245","LILYPOND-REF: lily/simple-spacer.cc:175-205 ","lily/simple-spacer.cc","175","205","OK","lo=175 hi=205 totalLines=580"
"Svg/Layout/TextSpannerEngraver.cs","27","LILYPOND-REF: scm/define-grobs.scm:3504-3535 ","scm/define-grobs.scm","3504","3535","OK","lo=3504 hi=3535 totalLines=4414"
"Svg/Layout/TextSpannerEngraver.cs","57","LILYPOND-REF: lily/line-spanner.cc:526-648 ","lily/line-spanner.cc","526","648","OK","lo=526 hi=648 totalLines=759"
"Svg/Layout/TextSpannerEngraver.cs","58","LILYPOND-REF: scm/define-grobs.scm:3504-3535 ","scm/define-grobs.scm","3504","3535","OK","lo=3504 hi=3535 totalLines=4414"
"Svg/Layout/TextSpannerEngraver.cs","59","LILYPOND-REF: lily/axis-group-interface.cc:864-989 ","lily/axis-group-interface.cc","864","989","OK","lo=864 hi=989 totalLines=1058"
"Svg/Layout/TextSpannerEngraver.cs","79","LILYPOND-REF: scm/define-grobs.scm:3514 ","scm/define-grobs.scm","3514","3514","OK","lo=3514 hi=3514 totalLines=4414"
"Svg/Layout/TextSpannerEngraver.cs","85","LILYPOND-REF: scm/define-grobs.scm:3513 ","scm/define-grobs.scm","3513","3513","OK","lo=3513 hi=3513 totalLines=4414"
"Svg/Layout/TextSpannerEngraver.cs","91","LILYPOND-REF: scm/define-grobs.scm:3506 ","scm/define-grobs.scm","3506","3506","OK","lo=3506 hi=3506 totalLines=4414"
"Svg/Layout/TextSpannerEngraver.cs","115","LILYPOND-REF: scm/define-grobs.scm:3521 ","scm/define-grobs.scm","3521","3521","OK","lo=3521 hi=3521 totalLines=4414"
"Svg/Layout/TextSpannerEngraver.cs","399","LILYPOND-REF: lily/text-spanner-engraver.cc","lily/text-spanner-engraver.cc",,,"NoRange","rangeRaw=''"
"Svg/Layout/TieDetails.cs","26","LILYPOND-REF: lily/tie-details.cc:37-93 ","lily/tie-details.cc","37","93","OK","lo=37 hi=93 totalLines=102"
"Svg/Layout/TieDetails.cs","27","LILYPOND-REF: scm/define-grobs.scm:3537-3575 ","scm/define-grobs.scm","3537","3575","OK","lo=3537 hi=3575 totalLines=4414"
"Svg/Layout/TieEngraver.cs","27","LILYPOND-REF: lily/tie-formatting-problem.cc:1-1286 ","lily/tie-formatting-problem.cc","1","1286","OK","lo=1 hi=1286 totalLines=1286"
"Svg/Layout/TieEngraver.cs","28","LILYPOND-REF: lily/bezier-bow.cc:1-132 ","lily/bezier-bow.cc","1","132","OK","lo=1 hi=132 totalLines=133"
"Svg/Layout/TieEngraver.cs","102","LILYPOND-REF: lily/bezier-bow.cc:28-38 ","lily/bezier-bow.cc","28","38","OK","lo=28 hi=38 totalLines=133"
"Svg/Layout/TieFormattingProblem.cs","72","LILYPOND-REF: lily/tie-formatting-problem.cc:1-1286 ","lily/tie-formatting-problem.cc","1","1286","OK","lo=1 hi=1286 totalLines=1286"
"Svg/Layout/TieFormattingProblem.cs","73","LILYPOND-REF: lily/tie-configuration.cc","lily/tie-configuration.cc",,,"NoRange","rangeRaw=''"
"Svg/Layout/TieFormattingProblem.cs","74","LILYPOND-REF: lily/misc.cc:48-65 ","lily/misc.cc","48","65","OK","lo=48 hi=65 totalLines=78"
"Svg/Layout/TieFormattingProblem.cs","122","LILYPOND-REF: lily/misc.cc:48-55 ","lily/misc.cc","48","55","OK","lo=48 hi=55 totalLines=78"
"Svg/Layout/TieFormattingProblem.cs","135","LILYPOND-REF: lily/misc.cc:60-65 ","lily/misc.cc","60","65","OK","lo=60 hi=65 totalLines=78"
"Svg/Layout/TieFormattingProblem.cs","147","LILYPOND-REF: lily/bezier-bow.cc:28-38 ","lily/bezier-bow.cc","28","38","OK","lo=28 hi=38 totalLines=133"
"Svg/Layout/TieFormattingProblem.cs","162","LILYPOND-REF: lily/bezier-bow.cc","lily/bezier-bow.cc",,,"NoRange","rangeRaw=''"
"Svg/Layout/TieFormattingProblem.cs","179","LILYPOND-REF: lily/tie-formatting-problem.cc:970-1050 ","lily/tie-formatting-problem.cc","970","1050","OK","lo=970 hi=1050 totalLines=1286"
"Svg/Layout/TieFormattingProblem.cs","213","LILYPOND-REF: lily/tie-formatting-problem.cc:1123-1153 ","lily/tie-formatting-problem.cc","1123","1153","OK","lo=1123 hi=1153 totalLines=1286"
"Svg/Layout/TieFormattingProblem.cs","247","LILYPOND-REF: lily/tie-formatting-problem.cc:1130-1150","lily/tie-formatting-problem.cc","1130","1150","OK","lo=1130 hi=1150 totalLines=1286"
"Svg/Layout/TieFormattingProblem.cs","334","LILYPOND-REF: lily/tie-formatting-problem.cc:741-821 ","lily/tie-formatting-problem.cc","741","821","OK","lo=741 hi=821 totalLines=1286"
"Svg/Layout/TieFormattingProblem.cs","372","LILYPOND-REF: lily/tie-formatting-problem.cc:779-793","lily/tie-formatting-problem.cc","779","793","OK","lo=779 hi=793 totalLines=1286"
"Svg/Layout/TieFormattingProblem.cs","394","LILYPOND-REF: lily/tie-formatting-problem.cc:765-775","lily/tie-formatting-problem.cc","765","775","OK","lo=765 hi=775 totalLines=1286"
"Svg/Layout/TieFormattingProblem.cs","418","LILYPOND-REF: lily/tie-formatting-problem.cc:795-818 ","lily/tie-formatting-problem.cc","795","818","OK","lo=795 hi=818 totalLines=1286"
"Svg/Layout/TieFormattingProblem.cs","419","LILYPOND-REF: lily/dots-engraver.cc:62-80 ","lily/dots-engraver.cc","62","80","OK","lo=62 hi=80 totalLines=85"
"Svg/Layout/TieFormattingProblem.cs","449","LILYPOND-REF: lily/tie-formatting-problem.cc:639-723 ","lily/tie-formatting-problem.cc","639","723","OK","lo=639 hi=723 totalLines=1286"
"Svg/Layout/TieFormattingProblem.cs","493","LILYPOND-REF: lily/tie-formatting-problem.cc:875-886","lily/tie-formatting-problem.cc","875","886","OK","lo=875 hi=886 totalLines=1286"
"Svg/Layout/TieLayout.cs","24","LILYPOND-REF: lily/tie.cc","lily/tie.cc",,,"NoRange","rangeRaw=''"
"Svg/Layout/TieLayout.cs","25","LILYPOND-REF: lily/tie-formatting-problem.cc","lily/tie-formatting-problem.cc",,,"NoRange","rangeRaw=''"
"Svg/Layout/TrillSpannerEngraver.cs","27","LILYPOND-REF: scm/define-grobs.scm:2175-2230 ","scm/define-grobs.scm","2175","2230","OK","lo=2175 hi=2230 totalLines=4414"
"Svg/Layout/TrillSpannerEngraver.cs","49","LILYPOND-REF: scm/scheme-engravers.scm","scm/scheme-engravers.scm",,,"NoRange","rangeRaw=''"
"Svg/Layout/TrillSpannerEngraver.cs","50","LILYPOND-REF: scm/define-grobs.scm:2175-2230 ","scm/define-grobs.scm","2175","2230","OK","lo=2175 hi=2230 totalLines=4414"
"Svg/Layout/TrillSpannerEngraver.cs","64","LILYPOND-REF: scm/define-grobs.scm:2189 ","scm/define-grobs.scm","2189","2189","OK","lo=2189 hi=2189 totalLines=4414"
"Svg/Layout/TrillSpannerEngraver.cs","70","LILYPOND-REF: scm/define-grobs.scm:2213 ","scm/define-grobs.scm","2213","2213","OK","lo=2213 hi=2213 totalLines=4414"
"Svg/Layout/TrillSpannerEngraver.cs","97","LILYPOND-REF: scm/scheme-engravers.scm:92-125 ","scm/scheme-engravers.scm","92","125","OK","lo=92 hi=125 totalLines=2641"
"Svg/Layout/TrillSpannerEngraver.cs","98","LILYPOND-REF: lily/line-spanner.cc:526-648 ","lily/line-spanner.cc","526","648","OK","lo=526 hi=648 totalLines=759"
"Svg/Layout/TrillSpannerEngraver.cs","134","LILYPOND-REF: scm/define-grobs.scm:2213 ","scm/define-grobs.scm","2213","2213","OK","lo=2213 hi=2213 totalLines=4414"
"Svg/Layout/TupletBracketEngraver.cs","27","LILYPOND-REF: lily/tuplet-bracket.cc:200-350 ","lily/tuplet-bracket.cc","200","350","OK","lo=200 hi=350 totalLines=915"
"Svg/Layout/TupletBracketEngraver.cs","45","LILYPOND-REF: lily/tuplet-bracket.cc:1-400 ","lily/tuplet-bracket.cc","1","400","OK","lo=1 hi=400 totalLines=915"
"Svg/Layout/TupletBracketEngraver.cs","46","LILYPOND-REF: lily/tuplet-bracket.cc:560-630 ","lily/tuplet-bracket.cc","560","630","OK","lo=560 hi=630 totalLines=915"
"Svg/Layout/TupletBracketEngraver.cs","47","LILYPOND-REF: lily/tuplet-engraver.cc:1-200 ","lily/tuplet-engraver.cc","1","200","OK","lo=1 hi=200 totalLines=295"
"Svg/Layout/TupletBracketEngraver.cs","57","LILYPOND-REF: scm/define-grobs.scm","scm/define-grobs.scm",,,"NoRange","rangeRaw=''"
"Svg/Layout/TupletBracketEngraver.cs","64","LILYPOND-REF: scm/define-grobs.scm","scm/define-grobs.scm",,,"NoRange","rangeRaw=''"
"Svg/Layout/TupletBracketEngraver.cs","74","LILYPOND-REF: lily/tuplet-bracket.cc:400-500 ","lily/tuplet-bracket.cc","400","500","OK","lo=400 hi=500 totalLines=915"
"Svg/Layout/TupletBracketEngraver.cs","75","LILYPOND-REF: scm/define-grobs.scm","scm/define-grobs.scm",,,"NoRange","rangeRaw=''"
"Svg/Layout/TupletBracketEngraver.cs","83","LILYPOND-REF: lily/tuplet-bracket.cc:560-630 ","lily/tuplet-bracket.cc","560","630","OK","lo=560 hi=630 totalLines=915"
"Svg/Layout/TupletBracketEngraver.cs","84","LILYPOND-REF: lily/tuplet-bracket.cc:200-350 ","lily/tuplet-bracket.cc","200","350","OK","lo=200 hi=350 totalLines=915"
"Svg/Layout/TupletBracketEngraver.cs","85","LILYPOND-REF: scm/define-grobs.scm","scm/define-grobs.scm",,,"NoRange","rangeRaw=''"
"Svg/Layout/TupletBracketEngraver.cs","125","LILYPOND-REF: lily/tuplet-bracket.cc:145-180 ","lily/tuplet-bracket.cc","145","180","OK","lo=145 hi=180 totalLines=915"
"Svg/Layout/TupletBracketEngraver.cs","129","LILYPOND-REF: lily/tuplet-bracket.cc:560-630 ","lily/tuplet-bracket.cc","560","630","OK","lo=560 hi=630 totalLines=915"
"Svg/Layout/TupletBracketEngraver.cs","132","LILYPOND-REF: scm/define-grobs.scm","scm/define-grobs.scm",,,"NoRange","rangeRaw=''"
"Svg/Layout/TupletBracketEngraver.cs","135","LILYPOND-REF: lily/tuplet-bracket.cc:200-350 ","lily/tuplet-bracket.cc","200","350","OK","lo=200 hi=350 totalLines=915"
"Svg/Layout/TupletBracketEngraver.cs","182","LILYPOND-REF: lily/tuplet-bracket.cc:597-629 ","lily/tuplet-bracket.cc","597","629","OK","lo=597 hi=629 totalLines=915"
"Svg/Layout/TupletBracketEngraver.cs","200","LILYPOND-REF: lily/tuplet-bracket.cc:605-615","lily/tuplet-bracket.cc","605","615","OK","lo=605 hi=615 totalLines=915"
"Svg/Layout/TupletBracketEngraver.cs","218","LILYPOND-REF: lily/tuplet-bracket.cc:627-629","lily/tuplet-bracket.cc","627","629","OK","lo=627 hi=629 totalLines=915"
"Svg/Layout/TupletBracketEngraver.cs","228","LILYPOND-REF: scm/define-grobs.scm","scm/define-grobs.scm",,,"NoRange","rangeRaw=''"
"Svg/Layout/TupletBracketEngraver.cs","229","LILYPOND-REF: lily/tuplet-bracket.cc:79-95 ","lily/tuplet-bracket.cc","79","95","OK","lo=79 hi=95 totalLines=915"
"Svg/Layout/TupletBracketEngraver.cs","257","LILYPOND-REF: lily/tuplet-bracket.cc:200-350 ","lily/tuplet-bracket.cc","200","350","OK","lo=200 hi=350 totalLines=915"
"Svg/Layout/TupletBracketEngraver.cs","300","LILYPOND-REF: lily/tuplet-bracket.cc:270-310 ","lily/tuplet-bracket.cc","270","310","OK","lo=270 hi=310 totalLines=915"
"Svg/Layout/TupletBracketEngraver.cs","305","LILYPOND-REF: scm/define-grobs.scm","scm/define-grobs.scm",,,"NoRange","rangeRaw=''"
"Svg/Layout/TupletBracketEngraver.cs","318","LILYPOND-REF: lily/tuplet-bracket.cc:320-340 ","lily/tuplet-bracket.cc","320","340","OK","lo=320 hi=340 totalLines=915"
"Svg/Layout/VerticalSkyline.cs","23","LILYPOND-REF: lily/skyline.cc:32-46, 98-176 ","lily/skyline.cc","32","176","OK","lo=32 hi=176 totalLines=761"
"Svg/Layout/VerticalSkyline.cs","46","LILYPOND-REF: lily/skyline.cc:98-105","lily/skyline.cc","98","105","OK","lo=98 hi=105 totalLines=761"
"Svg/Layout/VerticalSkyline.cs","52","LILYPOND-REF: lily/skyline.cc:116-138 ","lily/skyline.cc","116","138","OK","lo=116 hi=138 totalLines=761"
"Svg/Layout/VerticalSkyline.cs","103","LILYPOND-REF: lily/skyline.cc:107-113","lily/skyline.cc","107","113","OK","lo=107 hi=113 totalLines=761"
"Svg/Layout/VerticalSkyline.cs","120","LILYPOND-REF: lily/skyline.cc:140-144 ","lily/skyline.cc","140","144","OK","lo=140 hi=144 totalLines=761"
"Svg/Layout/VerticalSkyline.cs","129","LILYPOND-REF: lily/skyline.cc:157-167 ","lily/skyline.cc","157","167","OK","lo=157 hi=167 totalLines=761"
"Svg/Layout/VerticalSkyline.cs","144","LILYPOND-REF: lily/skyline.cc:169-176 ","lily/skyline.cc","169","176","OK","lo=169 hi=176 totalLines=761"
"Svg/Layout/VerticalSkyline.cs","185","LILYPOND-REF: lily/include/skyline.hh:48-100 ","lily/include/skyline.hh","48","100","OK","lo=48 hi=100 totalLines=111"
"Svg/Layout/VerticalSkyline.cs","186","LILYPOND-REF: lily/skyline.cc:1-700 ","lily/skyline.cc","1","700","OK","lo=1 hi=700 totalLines=761"
"Svg/Layout/VerticalSkyline.cs","281","LILYPOND-REF: lily/skyline.cc:178-260 ","lily/skyline.cc","178","260","OK","lo=178 hi=260 totalLines=761"
"Svg/Layout/VerticalSkyline.cs","302","LILYPOND-REF: lily/skyline.cc:178-260 ","lily/skyline.cc","178","260","OK","lo=178 hi=260 totalLines=761"
"Svg/Layout/VerticalSkyline.cs","488","LILYPOND-REF: lily/skyline.cc:170-176 ","lily/skyline.cc","170","176","OK","lo=170 hi=176 totalLines=761"
"Svg/Layout/VerticalSkyline.cs","503","LILYPOND-REF: lily/skyline.cc:170-176 ","lily/skyline.cc","170","176","OK","lo=170 hi=176 totalLines=761"
"Svg/Layout/VerticalSkyline.cs","581","LILYPOND-REF: lily/skyline.cc:558-615 ","lily/skyline.cc","558","615","OK","lo=558 hi=615 totalLines=761"
"Svg/Layout/VerticalSkyline.cs","682","LILYPOND-REF: lily/skyline.cc:530-554 ","lily/skyline.cc","530","554","OK","lo=530 hi=554 totalLines=761"
"Svg/Layout/VerticalSkyline.cs","699","LILYPOND-REF: lily/skyline.cc:529-533 ","lily/skyline.cc","529","533","OK","lo=529 hi=533 totalLines=761"
"Svg/Layout/VerticalSkyline.cs","757","LILYPOND-REF: lily/skyline.cc:667-680 ","lily/skyline.cc","667","680","OK","lo=667 hi=680 totalLines=761"
"Svg/Layout/VerticalSkyline.cs","792","LILYPOND-REF: lily/skyline.cc:657-665 ","lily/skyline.cc","657","665","OK","lo=657 hi=665 totalLines=761"
"Svg/Layout/VerticalSpacingParameters.cs","25","LILYPOND-REF: lily/page-layout-problem.cc:1340-1353 ","lily/page-layout-problem.cc","1340","1353","OK","lo=1340 hi=1353 totalLines=1373"
"Svg/Layout/VerticalSpacingParameters.cs","62","LILYPOND-REF: lily/page-layout-problem.cc:488-535 ","lily/page-layout-problem.cc","488","535","OK","lo=488 hi=535 totalLines=1373"
"Svg/Layout/VerticalSpacingParameters.cs","156","LILYPOND-REF: lily/page-layout-problem.cc:483 ","lily/page-layout-problem.cc","483","483","OK","lo=483 hi=483 totalLines=1373"
"Svg/Layout/VerticalSpacingParameters.cs","169","LILYPOND-REF: lily/page-layout-problem.cc:488-535 ","lily/page-layout-problem.cc","488","535","OK","lo=488 hi=535 totalLines=1373"
"Svg/Layout/VoltaBracketEngraver.cs","27","LILYPOND-REF: lily/volta-bracket.cc:60-120 ","lily/volta-bracket.cc","60","120","OK","lo=60 hi=120 totalLines=171"
"Svg/Layout/VoltaBracketEngraver.cs","44","LILYPOND-REF: lily/volta-bracket.cc:1-200 ","lily/volta-bracket.cc","1","200","RangeOOB","lo=1 hi=200 totalLines=171"
"Svg/Layout/VoltaBracketEngraver.cs","45","LILYPOND-REF: lily/volta-engraver.cc:1-150 ","lily/volta-engraver.cc","1","150","OK","lo=1 hi=150 totalLines=569"
"Svg/Layout/VoltaBracketEngraver.cs","55","LILYPOND-REF: scm/define-grobs.scm:4870 ","scm/define-grobs.scm","4870","4870","RangeOOB","lo=4870 hi=4870 totalLines=4414"
"Svg/Layout/VoltaBracketEngraver.cs","58","LILYPOND-REF: scm/define-grobs.scm:4865 ","scm/define-grobs.scm","4865","4865","RangeOOB","lo=4865 hi=4865 totalLines=4414"
"Svg/Layout/VoltaBracketEngraver.cs","69","LILYPOND-REF: lily/volta-bracket.cc","lily/volta-bracket.cc",,,"NoRange","rangeRaw=''"
"Svg/Model/ArpeggioItem.cs","23","LILYPOND-REF: lily/arpeggio.cc","lily/arpeggio.cc",,,"NoRange","rangeRaw=''"
"Svg/Model/ChordNameItem.cs","26","LILYPOND-REF: lily/chord-name.cc","lily/chord-name.cc",,,"NoRange","rangeRaw=''"
"Svg/Model/ChordNameItem.cs","27","LILYPOND-REF: scm/chord-ignatzek-names.scm","scm/chord-ignatzek-names.scm",,,"NoRange","rangeRaw=''"
"Svg/Model/ChordNameItem.cs","28","LILYPOND-REF: scm/define-grobs.scm","scm/define-grobs.scm",,,"NoRange","rangeRaw=''"
"Svg/Model/ChordNameItem.cs","63","LILYPOND-REF: scm/chord-ignatzek-names.scm","scm/chord-ignatzek-names.scm",,,"NoRange","rangeRaw=''"
"Svg/Model/ChordNameItem.cs","91","LILYPOND-REF: scm/chord-name.scm:58-85 - ","scm/chord-name.scm","58","85","OK","lo=58 hi=85 totalLines=219"
"Svg/Model/CrossStaffItem.cs","24","LILYPOND-REF: lily/beam.cc:1451-1459 - ","lily/beam.cc","1451","1459","OK","lo=1451 hi=1459 totalLines=1612"
"Svg/Model/CrossStaffItem.cs","25","LILYPOND-REF: lily/stem.cc:1168-1179 - ","lily/stem.cc","1168","1179","OK","lo=1168 hi=1179 totalLines=1371"
"Svg/Model/FiguredBassItem.cs","25","LILYPOND-REF: lily/figured-bass-engraver.cc","lily/figured-bass-engraver.cc",,,"NoRange","rangeRaw=''"
"Svg/Model/FiguredBassItem.cs","26","LILYPOND-REF: scm/define-grob-interfaces.scm","scm/define-grob-interfaces.scm",,,"NoRange","rangeRaw=''"
"Svg/Model/FiguredBassItem.cs","37","LILYPOND-REF: lily/figured-bass-engraver.cc:120 ","lily/figured-bass-engraver.cc","120","120","OK","lo=120 hi=120 totalLines=567"
"Svg/Model/FiguredBassItem.cs","66","LILYPOND-REF: lily/figured-bass-engraver.cc","lily/figured-bass-engraver.cc",,,"NoRange","rangeRaw=''"
"Svg/Model/FiguredBassItem.cs","67","LILYPOND-REF: scm/define-grobs.scm:362-380 - ","scm/define-grobs.scm","362","380","OK","lo=362 hi=380 totalLines=4414"
"Svg/Model/GlissandoItem.cs","23","LILYPOND-REF: scm/define-grobs.scm:1575 ","scm/define-grobs.scm","1575","1575","OK","lo=1575 hi=1575 totalLines=4414"
"Svg/Model/GlissandoItem.cs","37","LILYPOND-REF: scm/scheme-engravers.scm","scm/scheme-engravers.scm",,,"NoRange","rangeRaw=''"
"Svg/Model/GraceNoteItem.cs","39","LILYPOND-REF: lily/grace-spacing-engraver.cc","lily/grace-spacing-engraver.cc",,,"NoRange","rangeRaw=''"
"Svg/Model/GrobProperty.cs","23","LILYPOND-REF: lily/context-property.cc","lily/context-property.cc",,,"NoRange","rangeRaw=''"
"Svg/Model/GrobProperty.cs","51","LILYPOND-REF: lily/grob-property.cc","lily/grob-property.cc",,,"NoRange","rangeRaw=''"
"Svg/Model/HairpinItem.cs","23","LILYPOND-REF: lily/hairpin.cc:140-142 ","lily/hairpin.cc","140","142","OK","lo=140 hi=142 totalLines=379"
"Svg/Model/HairpinItem.cs","37","LILYPOND-REF: lily/hairpin.cc:110-358","lily/hairpin.cc","110","358","OK","lo=110 hi=358 totalLines=379"
"Svg/Model/HairpinItem.cs","38","LILYPOND-REF: scm/define-grobs.scm:1641-1666 ","scm/define-grobs.scm","1641","1666","OK","lo=1641 hi=1666 totalLines=4414"
"Svg/Model/LyricItem.cs","23","LILYPOND-REF: lily/lyric-hyphen.cc:1-150","lily/lyric-hyphen.cc","1","150","OK","lo=1 hi=150 totalLines=213"
"Svg/Model/LyricItem.cs","41","LILYPOND-REF: lily/lyric-engraver.cc:32-52","lily/lyric-engraver.cc","32","52","OK","lo=32 hi=52 totalLines=221"
"Svg/Model/LyricItem.cs","42","LILYPOND-REF: scm/define-grobs.scm:3020-3060 ","scm/define-grobs.scm","3020","3060","OK","lo=3020 hi=3060 totalLines=4414"
"Svg/Model/Measure.cs","67","LILYPOND-REF: lily/include/constrained-breaking.hh:74 ","lily/include/constrained-breaking.hh","74","74","OK","lo=74 hi=74 totalLines=216"
"Svg/Model/Measure.cs","77","LILYPOND-REF: lily/constrained-breaking.cc:112-113 ","lily/constrained-breaking.cc","112","113","OK","lo=112 hi=113 totalLines=686"
"Svg/Model/MusicItem.cs","37","LILYPOND-REF: lily/spacing-spanner.cc:200-280","lily/spacing-spanner.cc","200","280","OK","lo=200 hi=280 totalLines=564"
"Svg/Model/MusicItem.cs","73","LILYPOND-REF: lily/accidental.cc:147-148 ","lily/accidental.cc","147","148","OK","lo=147 hi=148 totalLines=167"
"Svg/Model/MusicItem.cs","82","LILYPOND-REF: lily/accidental.cc:130-166 ","lily/accidental.cc","130","166","OK","lo=130 hi=166 totalLines=167"
"Svg/Model/MusicItem.cs","152","LILYPOND-REF: lily/accidental.cc:130-166 ","lily/accidental.cc","130","166","OK","lo=130 hi=166 totalLines=167"
"Svg/Model/MusicItem.cs","205","LILYPOND-REF: lily/clef-engraver.cc","lily/clef-engraver.cc",,,"NoRange","rangeRaw=''"
"Svg/Model/MusicItem.cs","207","LILYPOND-REF: lily/clef.cc:29-52 ","lily/clef.cc","29","52","OK","lo=29 hi=52 totalLines=82"
"Svg/Model/MusicItem.cs","231","LILYPOND-REF: lily/key-engraver.cc","lily/key-engraver.cc",,,"NoRange","rangeRaw=''"
"Svg/Model/OttavaBracketItem.cs","23","LILYPOND-REF: lily/ottava-engraver.cc","lily/ottava-engraver.cc",,,"NoRange","rangeRaw=''"
"Svg/Model/OttavaBracketItem.cs","41","LILYPOND-REF: lily/ottava-bracket.cc","lily/ottava-bracket.cc",,,"NoRange","rangeRaw=''"
"Svg/Model/OttavaBracketItem.cs","42","LILYPOND-REF: lily/ottava-engraver.cc","lily/ottava-engraver.cc",,,"NoRange","rangeRaw=''"
"Svg/Model/OttavaBracketItem.cs","43","LILYPOND-REF: scm/define-grobs.scm:2445-2468 ","scm/define-grobs.scm","2445","2468","OK","lo=2445 hi=2468 totalLines=4414"
"Svg/Model/PercentRepeatItem.cs","23","LILYPOND-REF: lily/percent-repeat-engraver.cc","lily/percent-repeat-engraver.cc",,,"NoRange","rangeRaw=''"
"Svg/Model/PercentRepeatItem.cs","24","LILYPOND-REF: lily/percent-repeat-interface.cc","lily/percent-repeat-interface.cc",,,"NoRange","rangeRaw=''"
"Svg/Model/PercentRepeatItem.cs","25","LILYPOND-REF: scm/define-grobs.scm:2520-2539 - ","scm/define-grobs.scm","2520","2539","OK","lo=2520 hi=2539 totalLines=4414"
"Svg/Model/Staff.cs","53","LILYPOND-REF: lily/hara-kiri-group-spanner.cc","lily/hara-kiri-group-spanner.cc",,,"NoRange","rangeRaw=''"
"Svg/Model/Staff.cs","59","LILYPOND-REF: lily/hara-kiri-group-spanner.cc","lily/hara-kiri-group-spanner.cc",,,"NoRange","rangeRaw=''"
"Svg/Model/Staff.cs","67","LILYPOND-REF: lily/align-interface.cc:240-252 ","lily/align-interface.cc","240","252","OK","lo=240 hi=252 totalLines=378"
"Svg/Model/TextSpannerItem.cs","23","LILYPOND-REF: scm/define-grobs.scm:3523 ","scm/define-grobs.scm","3523","3523","OK","lo=3523 hi=3523 totalLines=4414"
"Svg/Model/TextSpannerItem.cs","40","LILYPOND-REF: lily/text-spanner-engraver.cc","lily/text-spanner-engraver.cc",,,"NoRange","rangeRaw=''"
"Svg/Model/TextSpannerItem.cs","41","LILYPOND-REF: scm/define-grobs.scm:3504-3535 ","scm/define-grobs.scm","3504","3535","OK","lo=3504 hi=3535 totalLines=4414"
"Svg/Model/TextSpannerItem.cs","42","LILYPOND-REF: scm/define-grobs.scm:1331-1385 ","scm/define-grobs.scm","1331","1385","OK","lo=1331 hi=1385 totalLines=4414"
"Svg/Model/TrillSpannerItem.cs","23","LILYPOND-REF: scm/scheme-engravers.scm","scm/scheme-engravers.scm",,,"NoRange","rangeRaw=''"
"Svg/Model/TrillSpannerItem.cs","24","LILYPOND-REF: scm/define-grobs.scm:2175-2230 ","scm/define-grobs.scm","2175","2230","OK","lo=2175 hi=2230 totalLines=4414"
"Svg/Model/TupletBracketItem.cs","26","LILYPOND-REF: lily/tuplet-bracket.cc:1-400 ","lily/tuplet-bracket.cc","1","400","OK","lo=1 hi=400 totalLines=915"
"Svg/Model/TupletBracketItem.cs","45","LILYPOND-REF: lily/tuplet-bracket.cc:400-500 ","lily/tuplet-bracket.cc","400","500","OK","lo=400 hi=500 totalLines=915"
"Svg/Model/VoltaBracketItem.cs","25","LILYPOND-REF: lily/volta-bracket.cc:1-200 ","lily/volta-bracket.cc","1","200","RangeOOB","lo=1 hi=200 totalLines=171"
"Svg/Model/VoltaBracketItem.cs","26","LILYPOND-REF: scm/define-grobs.scm:4850-4900 ","scm/define-grobs.scm","4850","4900","RangeOOB","lo=4850 hi=4900 totalLines=4414"
"Svg/Renderer/BraceRenderer.cs","23","LILYPOND-REF: scm/define-markup-commands.scm","scm/define-markup-commands.scm",,,"NoRange","rangeRaw=''"
"Svg/Renderer/SvgRenderer.cs","51","LILYPOND-REF: scm/define-grobs.scm","scm/define-grobs.scm",,,"NoRange","rangeRaw=''"
"Svg/Renderer/SvgRenderer.cs","52","LILYPOND-REF: lily/system-start-delimiter.cc:127-129 ","lily/system-start-delimiter.cc","127","129","OK","lo=127 hi=129 totalLines=192"
"Svg/Renderer/SvgRenderer.cs","58","LILYPOND-REF: scm/define-grobs.scm","scm/define-grobs.scm",,,"NoRange","rangeRaw=''"
"Svg/Renderer/SvgRenderer.cs","63","LILYPOND-REF: scm/define-grobs.scm","scm/define-grobs.scm",,,"NoRange","rangeRaw=''"
"Svg/Renderer/SvgRenderer.cs","68","LILYPOND-REF: scm/define-grobs.scm","scm/define-grobs.scm",,,"NoRange","rangeRaw=''"
"Svg/Renderer/SvgRenderer.cs","103","LILYPOND-REF: lily/grob-property.cc","lily/grob-property.cc",,,"NoRange","rangeRaw=''"
"Svg/Renderer/SvgRenderer.cs","261","LILYPOND-REF: lily/tuplet-bracket.cc","lily/tuplet-bracket.cc",,,"NoRange","rangeRaw=''"
"Svg/Renderer/SvgRenderer.cs","265","LILYPOND-REF: lily/hairpin.cc","lily/hairpin.cc",,,"NoRange","rangeRaw=''"
"Svg/Renderer/SvgRenderer.cs","269","LILYPOND-REF: lily/line-spanner.cc","lily/line-spanner.cc",,,"NoRange","rangeRaw=''"
"Svg/Renderer/SvgRenderer.cs","273","LILYPOND-REF: scm/scheme-engravers.scm","scm/scheme-engravers.scm",,,"NoRange","rangeRaw=''"
"Svg/Renderer/SvgRenderer.cs","277","LILYPOND-REF: lily/ottava-bracket.cc","lily/ottava-bracket.cc",,,"NoRange","rangeRaw=''"
"Svg/Renderer/SvgRenderer.cs","281","LILYPOND-REF: scm/scheme-engravers.scm","scm/scheme-engravers.scm",,,"NoRange","rangeRaw=''"
"Svg/Renderer/SvgRenderer.cs","285","LILYPOND-REF: lily/arpeggio.cc","lily/arpeggio.cc",,,"NoRange","rangeRaw=''"
"Svg/Renderer/SvgRenderer.cs","289","LILYPOND-REF: lily/piano-pedal-engraver.cc","lily/piano-pedal-engraver.cc",,,"NoRange","rangeRaw=''"
"Svg/Renderer/SvgRenderer.cs","293","LILYPOND-REF: lily/figured-bass-engraver.cc","lily/figured-bass-engraver.cc",,,"NoRange","rangeRaw=''"
"Svg/Renderer/SvgRenderer.cs","356","LILYPOND-REF: lily/piano-pedal-engraver.cc","lily/piano-pedal-engraver.cc",,,"NoRange","rangeRaw=''"
"Svg/Renderer/SvgRenderer.cs","360","LILYPOND-REF: lily/figured-bass-engraver.cc","lily/figured-bass-engraver.cc",,,"NoRange","rangeRaw=''"
"Svg/Renderer/SvgRenderer.cs","436","LILYPOND-REF: lily/system-start-delimiter.cc:127-129","lily/system-start-delimiter.cc","127","129","OK","lo=127 hi=129 totalLines=192"
"Svg/Renderer/SvgRenderer.cs","448","LILYPOND-REF: scm/define-grobs.scm","scm/define-grobs.scm",,,"NoRange","rangeRaw=''"
"Svg/Renderer/SvgRenderer.cs","457","LILYPOND-REF: scm/define-grobs.scm","scm/define-grobs.scm",,,"NoRange","rangeRaw=''"
"Svg/Renderer/SvgRenderer.cs","465","LILYPOND-REF: scm/define-grobs.scm","scm/define-grobs.scm",,,"NoRange","rangeRaw=''"
"Svg/Renderer/SvgRenderer.cs","473","LILYPOND-REF: scm/define-grobs.scm","scm/define-grobs.scm",,,"NoRange","rangeRaw=''"
"Svg/Renderer/SvgRenderer.cs","480","LILYPOND-REF: lily/instrument-name-engraver.cc","lily/instrument-name-engraver.cc",,,"NoRange","rangeRaw=''"
"Svg/Renderer/SvgRenderer.cs","481","LILYPOND-REF: scm/define-grobs.scm:1711-1728 ","scm/define-grobs.scm","1711","1728","OK","lo=1711 hi=1728 totalLines=4414"
"Svg/Renderer/SvgRenderer.cs","487","LILYPOND-REF: lily/hara-kiri-group-spanner.cc","lily/hara-kiri-group-spanner.cc",,,"NoRange","rangeRaw=''"
"Svg/Renderer/SvgRenderer.cs","517","LILYPOND-REF: lily/system-start-delimiter.cc","lily/system-start-delimiter.cc",,,"NoRange","rangeRaw=''"
"Svg/Renderer/SvgRenderer.cs","518","LILYPOND-REF: scm/define-grobs.scm","scm/define-grobs.scm",,,"NoRange","rangeRaw=''"
"Svg/Renderer/SvgRenderer.cs","553","LILYPOND-REF: lily/system-start-delimiter.cc","lily/system-start-delimiter.cc",,,"NoRange","rangeRaw=''"
"Svg/Renderer/SvgRenderer.cs","554","LILYPOND-REF: scm/define-grobs.scm","scm/define-grobs.scm",,,"NoRange","rangeRaw=''"
"Svg/Renderer/SvgRenderer.cs","584","LILYPOND-REF: lily/system-start-delimiter.cc","lily/system-start-delimiter.cc",,,"NoRange","rangeRaw=''"
"Svg/Renderer/SvgRenderer.cs","585","LILYPOND-REF: scm/define-grobs.scm","scm/define-grobs.scm",,,"NoRange","rangeRaw=''"
"Svg/Renderer/SvgRenderer.cs","623","LILYPOND-REF: lily/instrument-name-engraver.cc","lily/instrument-name-engraver.cc",,,"NoRange","rangeRaw=''"
"Svg/Renderer/SvgRenderer.cs","624","LILYPOND-REF: scm/define-grobs.scm:1711-1728 ","scm/define-grobs.scm","1711","1728","OK","lo=1711 hi=1728 totalLines=4414"
"Svg/Renderer/SvgRenderer.cs","631","LILYPOND-REF: scm/output-lib.scm","scm/output-lib.scm",,,"NoRange","rangeRaw=''"
"Svg/Renderer/SvgRenderer.cs","649","LILYPOND-REF: scm/define-grobs.scm:1711 ","scm/define-grobs.scm","1711","1711","OK","lo=1711 hi=1711 totalLines=4414"
"Svg/Renderer/SvgRenderer.cs","652","LILYPOND-REF: scm/output-lib.scm","scm/output-lib.scm",,,"NoRange","rangeRaw=''"
"Svg/Renderer/SvgRenderer.cs","653","LILYPOND-REF: scm/define-grobs.scm:1711 ","scm/define-grobs.scm","1711","1711","OK","lo=1711 hi=1711 totalLines=4414"
"Svg/Renderer/SvgRenderer.cs","662","LILYPOND-REF: lily/instrument-name-engraver.cc","lily/instrument-name-engraver.cc",,,"NoRange","rangeRaw=''"
"Svg/Renderer/SvgRenderer.cs","728","LILYPOND-REF: lily/clef-engraver.cc","lily/clef-engraver.cc",,,"NoRange","rangeRaw=''"
"Svg/Renderer/SvgRenderer.cs","732","LILYPOND-REF: lily/key-engraver.cc","lily/key-engraver.cc",,,"NoRange","rangeRaw=''"
"Svg/Renderer/SvgRenderer.cs","847","LILYPOND-REF: lily/clef-engraver.cc","lily/clef-engraver.cc",,,"NoRange","rangeRaw=''"
"Svg/Renderer/SvgRenderer.cs","889","LILYPOND-REF: lily/clef-engraver.cc","lily/clef-engraver.cc",,,"NoRange","rangeRaw=''"
"Svg/Renderer/SvgRenderer.cs","909","LILYPOND-REF: lily/clef-engraver.cc","lily/clef-engraver.cc",,,"NoRange","rangeRaw=''"
"Svg/Renderer/SvgRenderer.cs","945","LILYPOND-REF: lily/clef-engraver.cc","lily/clef-engraver.cc",,,"NoRange","rangeRaw=''"
"Svg/Renderer/SvgRenderer.cs","973","LILYPOND-REF: lily/key-engraver.cc","lily/key-engraver.cc",,,"NoRange","rangeRaw=''"
"Svg/Renderer/SvgRenderer.cs","1027","LILYPOND-REF: lily/key-engraver.cc","lily/key-engraver.cc",,,"NoRange","rangeRaw=''"
"Svg/Renderer/SvgRenderer.cs","1259","LILYPOND-REF: lily/hara-kiri-group-spanner.cc","lily/hara-kiri-group-spanner.cc",,,"NoRange","rangeRaw=''"
"Svg/Renderer/SvgRenderer.cs","1427","LILYPOND-REF: lily/clef-engraver.cc","lily/clef-engraver.cc",,,"NoRange","rangeRaw=''"
"Svg/Renderer/SvgRenderer.cs","1432","LILYPOND-REF: lily/key-engraver.cc","lily/key-engraver.cc",,,"NoRange","rangeRaw=''"
"Svg/Renderer/SvgRenderer.cs","1549","LILYPOND-REF: lily/grob-property.cc","lily/grob-property.cc",,,"NoRange","rangeRaw=''"
"Svg/Renderer/SvgRenderer.cs","1574","LILYPOND-REF: lily/note-collision.cc:381-407 ","lily/note-collision.cc","381","407","OK","lo=381 hi=407 totalLines=665"
"Svg/Renderer/SvgRenderer.cs","1576","LILYPOND-REF: lily/note-collision.cc:411-448 ","lily/note-collision.cc","411","448","OK","lo=411 hi=448 totalLines=665"
"Svg/Renderer/SvgRenderer.cs","1662","LILYPOND-REF: lily/accidental.cc:35-46 ","lily/accidental.cc","35","46","OK","lo=35 hi=46 totalLines=167"
"Svg/Renderer/SvgRenderer.cs","1686","LILYPOND-REF: lily/grob-property.cc","lily/grob-property.cc",,,"NoRange","rangeRaw=''"
"Svg/Renderer/SvgRenderer.cs","1687","LILYPOND-REF: lily/note-collision.cc:381-407 ","lily/note-collision.cc","381","407","OK","lo=381 hi=407 totalLines=665"
"Svg/Renderer/SvgRenderer.cs","1700","LILYPOND-REF: lily/grob-property.cc","lily/grob-property.cc",,,"NoRange","rangeRaw=''"
"Svg/Renderer/SvgRenderer.cs","1706","LILYPOND-REF: lily/stem.cc","lily/stem.cc",,,"NoRange","rangeRaw=''"
"Svg/Renderer/SvgRenderer.cs","1728","LILYPOND-REF: lily/grob-property.cc","lily/grob-property.cc",,,"NoRange","rangeRaw=''"
"Svg/Renderer/SvgRenderer.cs","1759","LILYPOND-REF: lily/dots-engraver.cc:62-80 ","lily/dots-engraver.cc","62","80","OK","lo=62 hi=80 totalLines=85"
"Svg/Renderer/SvgRenderer.cs","1760","LILYPOND-REF: lily/note-collision.cc:411-448 ","lily/note-collision.cc","411","448","OK","lo=411 hi=448 totalLines=665"
"Svg/Renderer/SvgRenderer.cs","1804","LILYPOND-REF: lily/grob-property.cc","lily/grob-property.cc",,,"NoRange","rangeRaw=''"
"Svg/Renderer/SvgRenderer.cs","1812","LILYPOND-REF: lily/note-column.cc","lily/note-column.cc",,,"NoRange","rangeRaw=''"
"Svg/Renderer/SvgRenderer.cs","1831","LILYPOND-REF: lily/accidental.cc:35-46 ","lily/accidental.cc","35","46","OK","lo=35 hi=46 totalLines=167"
"Svg/Renderer/SvgRenderer.cs","1854","LILYPOND-REF: lily/grob-property.cc","lily/grob-property.cc",,,"NoRange","rangeRaw=''"
"Svg/Renderer/SvgRenderer.cs","1855","LILYPOND-REF: lily/note-collision.cc:381-407 ","lily/note-collision.cc","381","407","OK","lo=381 hi=407 totalLines=665"
"Svg/Renderer/SvgRenderer.cs","1868","LILYPOND-REF: lily/stem.cc","lily/stem.cc",,,"NoRange","rangeRaw=''"
"Svg/Renderer/SvgRenderer.cs","1877","LILYPOND-REF: lily/stem.cc","lily/stem.cc",,,"NoRange","rangeRaw=''"
"Svg/Renderer/SvgRenderer.cs","1890","LILYPOND-REF: lily/stem.cc:425 ","lily/stem.cc","425","425","OK","lo=425 hi=425 totalLines=1371"
"Svg/Renderer/SvgRenderer.cs","1906","LILYPOND-REF: lily/grob-property.cc","lily/grob-property.cc",,,"NoRange","rangeRaw=''"
"Svg/Renderer/SvgRenderer.cs","1931","LILYPOND-REF: lily/note-column.cc","lily/note-column.cc",,,"NoRange","rangeRaw=''"
"Svg/Renderer/SvgRenderer.cs","1993","LILYPOND-REF: lily/clef.cc:29-52 ","lily/clef.cc","29","52","OK","lo=29 hi=52 totalLines=82"
"Svg/Renderer/SvgRenderer.cs","1995","LILYPOND-REF: lily/clef-engraver.cc","lily/clef-engraver.cc",,,"NoRange","rangeRaw=''"
"Svg/Renderer/SvgRenderer.cs","2023","LILYPOND-REF: lily/key-engraver.cc:67-125 ","lily/key-engraver.cc","67","125","OK","lo=67 hi=125 totalLines=253"
"Svg/Renderer/SvgRenderer.cs","2036","LILYPOND-REF: lily/key-engraver.cc","lily/key-engraver.cc",,,"NoRange","rangeRaw=''"
"Svg/Renderer/SvgRenderer.cs","2373","LILYPOND-REF: scm/translation-functions.scm","scm/translation-functions.scm",,,"NoRange","rangeRaw=''"
"Svg/Renderer/SvgRenderer.cs","2421","LILYPOND-REF: lily/grob-property.cc","lily/grob-property.cc",,,"NoRange","rangeRaw=''"
"Svg/Renderer/SvgRenderer.cs","2440","LILYPOND-REF: scm/output-lib.scm","scm/output-lib.scm",,,"NoRange","rangeRaw=''"
"Svg/Renderer/SvgRenderer.cs","2574","LILYPOND-REF: lily/grob-property.cc","lily/grob-property.cc",,,"NoRange","rangeRaw=''"
"Svg/Renderer/SvgRenderer.cs","2770","LILYPOND-REF: scm/music-functions.scm:2372-2458 - ","scm/music-functions.scm","2372","2458","OK","lo=2372 hi=2458 totalLines=2980"
"Svg/Renderer/SvgRenderer.cs","2876","LILYPOND-REF: lily/grob-property.cc","lily/grob-property.cc",,,"NoRange","rangeRaw=''"
"Svg/Renderer/SvgRenderer.cs","3452","LILYPOND-REF: lily/stem.cc:415-523 ","lily/stem.cc","415","523","OK","lo=415 hi=523 totalLines=1371"
"Svg/Renderer/SvgRenderer.cs","3467","LILYPOND-REF: lily/lyric-engraver.cc:60-150 ","lily/lyric-engraver.cc","60","150","OK","lo=60 hi=150 totalLines=221"
"Svg/Renderer/SvgRenderer.cs","3468","LILYPOND-REF: lily/lyric-hyphen.cc:1-150","lily/lyric-hyphen.cc","1","150","OK","lo=1 hi=150 totalLines=213"
"Svg/Renderer/SvgRenderer.cs","3469","LILYPOND-REF: scm/define-grobs.scm:3020-3060 ","scm/define-grobs.scm","3020","3060","OK","lo=3020 hi=3060 totalLines=4414"
"Svg/Renderer/SvgRenderer.cs","3491","LILYPOND-REF: scm/define-grobs.scm:3025 ","scm/define-grobs.scm","3025","3025","OK","lo=3025 hi=3025 totalLines=4414"
"Svg/Renderer/SvgRenderer.cs","3511","LILYPOND-REF: lily/lyric-hyphen.cc:80-120","lily/lyric-hyphen.cc","80","120","OK","lo=80 hi=120 totalLines=213"
"Svg/Renderer/SvgRenderer.cs","3596","LILYPOND-REF: lily/mark-engraver.cc","lily/mark-engraver.cc",,,"NoRange","rangeRaw=''"
"Svg/Renderer/SvgRenderer.cs","3597","LILYPOND-REF: scm/define-grobs.scm:2100-2150 ","scm/define-grobs.scm","2100","2150","OK","lo=2100 hi=2150 totalLines=4414"
"Svg/Renderer/SvgRenderer.cs","3756","LILYPOND-REF: lily/text-interface.cc","lily/text-interface.cc",,,"NoRange","rangeRaw=''"
"Svg/Renderer/SvgRenderer.cs","3757","LILYPOND-REF: scm/define-grobs.scm:3600-3650 ","scm/define-grobs.scm","3600","3650","OK","lo=3600 hi=3650 totalLines=4414"
"Svg/Renderer/SvgRenderer.cs","3795","LILYPOND-REF: lily/volta-bracket.cc:60-120 ","lily/volta-bracket.cc","60","120","OK","lo=60 hi=120 totalLines=171"
"Svg/Renderer/SvgRenderer.cs","3796","LILYPOND-REF: scm/define-grobs.scm:4850-4900 ","scm/define-grobs.scm","4850","4900","RangeOOB","lo=4850 hi=4900 totalLines=4414"
"Svg/Renderer/SvgRenderer.cs","3874","LILYPOND-REF: lily/tuplet-bracket.cc:200-350 ","lily/tuplet-bracket.cc","200","350","OK","lo=200 hi=350 totalLines=915"
"Svg/Renderer/SvgRenderer.cs","3875","LILYPOND-REF: scm/define-grobs.scm","scm/define-grobs.scm",,,"NoRange","rangeRaw=''"
"Svg/Renderer/SvgRenderer.cs","3964","LILYPOND-REF: lily/hairpin.cc:110-358 ","lily/hairpin.cc","110","358","OK","lo=110 hi=358 totalLines=379"
"Svg/Renderer/SvgRenderer.cs","3965","LILYPOND-REF: scm/define-grobs.scm:1641-1666 ","scm/define-grobs.scm","1641","1666","OK","lo=1641 hi=1666 totalLines=4414"
"Svg/Renderer/SvgRenderer.cs","3988","LILYPOND-REF: scm/define-grobs.scm:1664 ","scm/define-grobs.scm","1664","1664","OK","lo=1664 hi=1664 totalLines=4414"
"Svg/Renderer/SvgRenderer.cs","4000","LILYPOND-REF: lily/hairpin.cc:180-220 ","lily/hairpin.cc","180","220","OK","lo=180 hi=220 totalLines=379"
"Svg/Renderer/SvgRenderer.cs","4025","LILYPOND-REF: lily/line-spanner.cc:526-648 ","lily/line-spanner.cc","526","648","OK","lo=526 hi=648 totalLines=759"
"Svg/Renderer/SvgRenderer.cs","4026","LILYPOND-REF: scm/define-grobs.scm:3504-3535 ","scm/define-grobs.scm","3504","3535","OK","lo=3504 hi=3535 totalLines=4414"
"Svg/Renderer/SvgRenderer.cs","4049","LILYPOND-REF: scm/define-grobs.scm:3516 ","scm/define-grobs.scm","3516","3516","OK","lo=3516 hi=3516 totalLines=4414"
"Svg/Renderer/SvgRenderer.cs","4097","LILYPOND-REF: scm/scheme-engravers.scm","scm/scheme-engravers.scm",,,"NoRange","rangeRaw=''"
"Svg/Renderer/SvgRenderer.cs","4098","LILYPOND-REF: scm/define-grobs.scm:2175-2230 ","scm/define-grobs.scm","2175","2230","OK","lo=2175 hi=2230 totalLines=4414"
"Svg/Renderer/SvgRenderer.cs","4117","LILYPOND-REF: scm/define-grobs.scm:2228 ","scm/define-grobs.scm","2228","2228","OK","lo=2228 hi=2228 totalLines=4414"
"Svg/Renderer/SvgRenderer.cs","4169","LILYPOND-REF: lily/ottava-bracket.cc","lily/ottava-bracket.cc",,,"NoRange","rangeRaw=''"
"Svg/Renderer/SvgRenderer.cs","4170","LILYPOND-REF: scm/define-grobs.scm:2445-2468 ","scm/define-grobs.scm","2445","2468","OK","lo=2445 hi=2468 totalLines=4414"
"Svg/Renderer/SvgRenderer.cs","4203","LILYPOND-REF: scm/define-grobs.scm:2453 ","scm/define-grobs.scm","2453","2453","OK","lo=2453 hi=2453 totalLines=4414"
"Svg/Renderer/SvgRenderer.cs","4204","LILYPOND-REF: scm/define-grobs.scm:2454 ","scm/define-grobs.scm","2454","2454","OK","lo=2454 hi=2454 totalLines=4414"
"Svg/Renderer/SvgRenderer.cs","4228","LILYPOND-REF: scm/define-grobs.scm:2451 ","scm/define-grobs.scm","2451","2451","OK","lo=2451 hi=2451 totalLines=4414"
"Svg/Renderer/SvgRenderer.cs","4247","LILYPOND-REF: scm/scheme-engravers.scm","scm/scheme-engravers.scm",,,"NoRange","rangeRaw=''"
"Svg/Renderer/SvgRenderer.cs","4259","LILYPOND-REF: scm/define-grobs.scm:1575 ","scm/define-grobs.scm","1575","1575","OK","lo=1575 hi=1575 totalLines=4414"
"Svg/Renderer/SvgRenderer.cs","4271","LILYPOND-REF: lily/arpeggio.cc","lily/arpeggio.cc",,,"NoRange","rangeRaw=''"
"Svg/Renderer/SvgRenderer.cs","4288","LILYPOND-REF: lily/arpeggio.cc:133-145 - ","lily/arpeggio.cc","133","145","OK","lo=133 hi=145 totalLines=379"
"Svg/Renderer/SvgRenderer.cs","4324","LILYPOND-REF: lily/piano-pedal-bracket.cc","lily/piano-pedal-bracket.cc",,,"NoRange","rangeRaw=''"
"Svg/Renderer/SvgRenderer.cs","4325","LILYPOND-REF: scm/define-grobs.scm:2586-2605 ","scm/define-grobs.scm","2586","2605","OK","lo=2586 hi=2605 totalLines=4414"
"Svg/Renderer/SvgRenderer.cs","4372","LILYPOND-REF: lily/figured-bass-engraver.cc","lily/figured-bass-engraver.cc",,,"NoRange","rangeRaw=''"
"Svg/Renderer/SvgRenderer.cs","4373","LILYPOND-REF: scm/define-grobs.scm:362-380 ","scm/define-grobs.scm","362","380","OK","lo=362 hi=380 totalLines=4414"
"Svg/Renderer/SvgRenderer.cs","4393","LILYPOND-REF: scm/define-grobs.scm:362 ","scm/define-grobs.scm","362","362","OK","lo=362 hi=362 totalLines=4414"
"Svg/Renderer/SvgRenderer.cs","4424","LILYPOND-REF: scm/define-grobs.scm","scm/define-grobs.scm",,,"NoRange","rangeRaw=''"
"Svg/Renderer/SvgRenderer.cs","4425","LILYPOND-REF: scm/chord-ignatzek-names.scm","scm/chord-ignatzek-names.scm",,,"NoRange","rangeRaw=''"
"Svg/Renderer/SvgRenderer.cs","4442","LILYPOND-REF: scm/define-grobs.scm:764 ","scm/define-grobs.scm","764","764","OK","lo=764 hi=764 totalLines=4414"
"Svg/Renderer/SvgRenderer.cs","4468","LILYPOND-REF: lily/percent-repeat-interface.cc","lily/percent-repeat-interface.cc",,,"NoRange","rangeRaw=''"
"Svg/Renderer/SvgRenderer.cs","4469","LILYPOND-REF: lily/lookup.cc:513-532 - ","lily/lookup.cc","513","532","OK","lo=513 hi=532 totalLines=593"
"Svg/Renderer/SvgRenderer.cs","4470","LILYPOND-REF: scm/define-grobs.scm:2520-2539 - ","scm/define-grobs.scm","2520","2539","OK","lo=2520 hi=2539 totalLines=4414"
"Svg/Renderer/SvgRenderer.cs","4488","LILYPOND-REF: scm/define-grobs.scm:2530 - ","scm/define-grobs.scm","2530","2530","OK","lo=2530 hi=2530 totalLines=4414"
"Svg/Renderer/SvgRenderer.cs","4538","LILYPOND-REF: scm/part-combiner.scm","scm/part-combiner.scm",,,"NoRange","rangeRaw=''"
"Syntax/SyntaxNodes.cs","1446","LILYPOND-REF: lily/context-property.cc","lily/context-property.cc",,,"NoRange","rangeRaw=''"
"Syntax/SyntaxNodes.cs","1467","LILYPOND-REF: lily/context-property.cc","lily/context-property.cc",,,"NoRange","rangeRaw=''"
"Syntax/SyntaxNodes.cs","1485","LILYPOND-REF: lily/context-property.cc","lily/context-property.cc",,,"NoRange","rangeRaw=''"
"Syntax/InternalSyntax/GreenNodes.cs","949","LILYPOND-REF: lily/context-property.cc","lily/context-property.cc",,,"NoRange","rangeRaw=''"
"Syntax/InternalSyntax/GreenNodes.cs","967","LILYPOND-REF: lily/context-property.cc","lily/context-property.cc",,,"NoRange","rangeRaw=''"
"Syntax/InternalSyntax/GreenNodes.cs","983","LILYPOND-REF: lily/context-property.cc","lily/context-property.cc",,,"NoRange","rangeRaw=''"
