"File","Line","Literals","Text","NearbyRef","Decision"
"Svg/Layout/SpacingRules.cs","84","1.0","=> CalculateDurationSpace(new Fraction(1, 1)) + 1.0;","LILYPOND-REF: lily/multi-measure-rest.cc calculate_spacing_rods — length +=","Green"
"Svg/Layout/SpacingRules.cs","94","1.0","public const double FullMeasureExtraSpace = 1.0;","LILYPOND-REF: lily/spacing-spanner.cc fills_measure + lily/staff-spacing.cc","Green"
"Svg/Layout/SpacingRules.cs","211","0.0","double w = 0.0;","","Red"
"Svg/Layout/SpacingRules.cs","217","0.0","return 0.0;","","Red"
"Svg/Layout/SpacingRules.cs","224","0.0","double width = 0.0;","","Red"
"Svg/Layout/SpacingRules.cs","459","0.0, 0.0","return double.IsInfinity(left) ? (0.0, 0.0) : (left, right);","","Red"
"Svg/Layout/SpacingRules.cs","624","1.0","KeySignatureInkWidth(key) * (staff.IsOssia ? EngravingDefaults.OssiaScale : 1.0);","","Red"
"Svg/Layout/SpacingRules.cs","652","0.0","double widestInk = 0.0;","","Red"
"Svg/Layout/SpacingRules.cs","684","0.0","return 0.0;","","Red"
"Svg/Layout/SpacingRules.cs","785","0.0","double widest = 0.0;","","Red"
"Svg/Layout/SpacingRules.cs","802","0.0","return 0.0;","","Red"
"Svg/Layout/SpacingRules.cs","805","0.0","return 0.0;","","Red"
"Svg/Layout/SpacingRules.cs","815","0.0","return 0.0;","","Red"
"Svg/Layout/SpacingRules.cs","819","0.0","return 0.0;","","Red"
"Svg/Layout/SpacingRules.cs","958","0.0","? 0.0","","Red"
"Svg/Layout/SpacingRules.cs","1061","0.1","internal const double DefaultExtraSpacingWidth = 0.1;","LILYPOND-REF: lily/separation-item.cc:166-167 extra-spacing-width — its default <c>Interval (-0.1, 0.1)</c>.</remarks>","Green"
"Svg/Layout/SpacingRules.cs","1072","0.08","internal const double MusicalColumnSkylineVerticalPadding = 0.08;","LILYPOND-REF: scm/define-grobs.scm PaperColumn","Green"
"Svg/Layout/SpacingRules.cs","1092","0.15","internal const double NoteColumnSkylineVerticalPadding = 0.15;","","Red"
"Svg/Layout/SpacingRules.cs","1103","0.1","internal const double SeparationRodPadding = 0.1;","LILYPOND-REF: lily/spacing-spanner.cc:315-316 generate_springs —","Green"
"Svg/Layout/SpacingRules.cs","1119","0.2","internal const double AccidentalExtraSpacingWidthLeft = 0.2;","LILYPOND-REF: scm/define-grobs.scm:40 Accidental's extra-spacing-width","Green"
"Svg/Layout/SpacingRules.cs","1134","0.2","internal const double DotsExtraSpacingWidthRight = 0.2;","LILYPOND-REF: scm/define-grobs.scm:1278 Dots","Green"
"Svg/Layout/SpacingRules.cs","1146","0.5","internal const double DotsExtraSpacingHeight = 0.5;","LILYPOND-REF: scm/define-grobs.scm:1277 Dots","Green"
"Svg/Layout/SpacingRules.cs","1168","0.3","internal const double SpringHeadroom = 0.3;","","Red"
"Svg/Layout/SpacingRules.cs","1185","0.3","internal const double StaffSpacingFixedHeadroom = 0.3;","LILYPOND-REF: lily/staff-spacing.cc:212-215 get_spacing — ""ensure that the 'fixed' distance","Green"
"Svg/Layout/SpacingRules.cs","1197","0.4","internal const double StaffSpacingStemCorrection = 0.4;","LILYPOND-REF: scm/define-grobs.scm:3369 StaffSpacing's stem-spacing-correction","Green"
"Svg/Layout/SpacingRules.cs","1276","0.0","? 0.0","","Red"
"Svg/Layout/SpacingRules.cs","1279","0.0","return (cancellation, 0.0, cancellation);","","Red"
"Svg/Layout/LyricEngraver.cs","68","5.5","public double RelatedStaffBasicDistance { get; init; } = 5.5;","(file-level) LILYPOND-REF: scm/define-grobs.scm:2213-2239 LyricText grob","Yellow"
"Svg/Layout/LyricEngraver.cs","73","2.0","private const double StaffHalf = 2.0;","(file-level) LILYPOND-REF: scm/define-grobs.scm:2213-2239 LyricText grob","Yellow"
"Svg/Layout/LyricEngraver.cs","83","0.2","public double HyphenPadding { get; init; } = 0.2;","(file-level) LILYPOND-REF: scm/define-grobs.scm:2213-2239 LyricText grob","Yellow"
"Svg/Layout/LyricEngraver.cs","86","0.04","public double ExtenderThickness { get; init; } = 0.04;","(file-level) LILYPOND-REF: scm/define-grobs.scm:2213-2239 LyricText grob","Yellow"
"Svg/Layout/LyricEngraver.cs","94","3.2","public double VerseSpacing { get; init; } = 3.2;","LILYPOND-REF: lyric lines space by their text extents (VerticalAxisGroup","Green"
"Svg/Layout/LyricEngraver.cs","182","0.0","?? (_ => (0.0, EngravingDefaults.PaperColumnXAlignmentExtentWidth / 2));","(file-level) LILYPOND-REF: scm/define-grobs.scm:2213-2239 LyricText grob","Yellow"
"Svg/Layout/LyricEngraver.cs","228","0.88","private const double CjkAscenderEm = 0.88;","(file-level) LILYPOND-REF: scm/define-grobs.scm:2213-2239 LyricText grob","Yellow"
"Svg/Layout/LyricEngraver.cs","309","1.0","return Math.Max(outline, LyricFontSize(fonts) * (1.0 - CjkAscenderEm));","(file-level) LILYPOND-REF: scm/define-grobs.scm:2213-2239 LyricText grob","Yellow"
"Svg/Layout/LyricEngraver.cs","318","0.8","private const double MinSyllableBoxWidth = 0.8;","(file-level) LILYPOND-REF: scm/define-grobs.scm:2213-2239 LyricText grob","Yellow"
"Svg/Layout/LyricEngraver.cs","332","0.1","private const double LyricSkylineHorizontalPadding = 0.1;","(file-level) LILYPOND-REF: scm/define-grobs.scm:2213-2239 LyricText grob","Yellow"
"Svg/Layout/LyricEngraver.cs","361","2.6","internal const double LyricRowBaseline = 2.6;","(file-level) LILYPOND-REF: scm/define-grobs.scm:2213-2239 LyricText grob","Yellow"
"Svg/Layout/LyricEngraver.cs","1135","0.0","gaps.Add(new LooseLineSpacer.Gap(LooseLineSpacer.NullNeighbour, 0.0));","LILYPOND-REF: lily/page-layout-problem.cc:928-933 — a NULL line","Green"
"Svg/Layout/LyricEngraver.cs","1149","0.0","gaps.Add(new LooseLineSpacer.Gap(LooseLineSpacer.NullNeighbour, 0.0));","LILYPOND-REF: :973-975 — the null line first, minimum 0.0.","Green"
"Svg/Layout/LyricEngraver.cs","1522","0.0","return byTiming.TryGetValue(timing, out var edge) ? edge : (0.0, placeholderCentre);","(file-level) LILYPOND-REF: scm/define-grobs.scm:2213-2239 LyricText grob","Yellow"
"Svg/Layout/LyricEngraver.cs","1653","2.0","return (u, d, lay.X - w / 2.0);","(file-level) LILYPOND-REF: scm/define-grobs.scm:2213-2239 LyricText grob","Yellow"
"Svg/Layout/LyricEngraver.cs","1669","2.0","lay.X - w / 2.0, 0, LyricSkylineHorizontalPadding);","(file-level) LILYPOND-REF: scm/define-grobs.scm:2213-2239 LyricText grob","Yellow"
"Svg/Layout/LyricEngraver.cs","1672","2.0","double halfW = Math.Max(lay.Width, MinSyllableBoxWidth) / 2.0;","(file-level) LILYPOND-REF: scm/define-grobs.scm:2213-2239 LyricText grob","Yellow"
"Svg/Layout/MultiStaffLayouter.cs","362","1.0",": 1.0;","LILYPOND-REF: ly/engraver-init.ly:1207 TabStaff — staff-space 1.5.</remarks>","Green"
"Svg/Layout/MultiStaffLayouter.cs","380","4.5","return (stringCount - 1) * LineSpacingOf(staff); // Bass: 3 → 4.5","(file-level) LILYPOND-REF: lily/system.cc","Yellow"
"Svg/Layout/MultiStaffLayouter.cs","416","2.0",": GetStaffHeight(staff) / 2.0;","(file-level) LILYPOND-REF: lily/system.cc","Yellow"
"Svg/Layout/MultiStaffLayouter.cs","517","2.5","private const double TextRowHeight = 2.5;","(file-level) LILYPOND-REF: lily/system.cc","Yellow"
"Svg/Layout/MultiStaffLayouter.cs","555","3.2","private const double TextRowVerseSpacing = 3.2;","(file-level) LILYPOND-REF: lily/system.cc","Yellow"
"Svg/Layout/MultiStaffLayouter.cs","560","0.6","private const double TextRowPairGap = 0.6;","LILYPOND-REF: scm/define-grobs.scm:3669-3683 ly:side-position-interface::x-aligned-side","Green"
"Svg/Layout/MultiStaffLayouter.cs","565","0.3","private const double SystemStartBracePadding = 0.3;","LILYPOND-REF: scm/define-grobs.scm:3669-3683 ly:side-position-interface::x-aligned-side","Green"
"Svg/Layout/MultiStaffLayouter.cs","571","0.1","private const double SystemStartBarPadding = -0.1;","LILYPOND-REF: scm/define-grobs.scm:3653-3667 ly:side-position-interface::x-aligned-side","Green"
"Svg/Layout/MultiStaffLayouter.cs","606","1.6","internal static double SystemStartBarWidth => EngravingDefaults.StaffLineThickness * 1.6;","LILYPOND-REF: lily/system-start-delimiter.cc:89-95 System_start_delimiter::simple_bar","Green"
"Svg/Layout/MultiStaffLayouter.cs","655","2.0","=> anchorLeft - SystemStartBracketPadding - EngravingDefaults.SystemStartBracketThickness / 2.0;","(file-level) LILYPOND-REF: lily/system.cc","Yellow"
"Svg/Layout/MultiStaffLayouter.cs","703","0.8","private const double SystemStartBracketPadding = 0.8;","LILYPOND-REF: scm/define-grobs.scm SystemStartBracket (padding . 0.8)</remarks>","Green"
"Svg/Layout/MultiStaffLayouter.cs","1256","0.0",": 0.0;","(file-level) LILYPOND-REF: lily/system.cc","Yellow"
"Svg/Layout/MultiStaffLayouter.cs","1272","0.0",": 0.0,","(file-level) LILYPOND-REF: lily/system.cc","Yellow"
"Svg/Layout/MultiStaffLayouter.cs","1304","0.0",": 0.0,","(file-level) LILYPOND-REF: lily/system.cc","Yellow"
"Svg/Layout/MultiStaffLayouter.cs","1345","0.0","? 0.0","(file-level) LILYPOND-REF: lily/system.cc","Yellow"
"Svg/Layout/MultiStaffLayouter.cs","1364","0.0",": 0.0;","(file-level) LILYPOND-REF: lily/system.cc","Yellow"
"Svg/Layout/MultiStaffLayouter.cs","1369","0.0","is { } right ? right - prefix.Columns.Right : 0.0);","(file-level) LILYPOND-REF: lily/system.cc","Yellow"
"Svg/Layout/MultiStaffLayouter.cs","1401","0.0","double right = i < staffRights.Length ? staffRights[i] : 0.0;","(file-level) LILYPOND-REF: lily/system.cc","Yellow"
"Svg/Layout/MultiStaffLayouter.cs","1412","0.5","private const double ClefRightEdgeSpace = 0.5;","LILYPOND-REF: scm/define-grobs.scm Clef space-alist","Green"
"Svg/Layout/MultiStaffLayouter.cs","1509","0.0","double startReach = 0.0;","(file-level) LILYPOND-REF: lily/system.cc","Yellow"
"Svg/Layout/MultiStaffLayouter.cs","1567","0.0","return 0.0;","(file-level) LILYPOND-REF: lily/system.cc","Yellow"
"Svg/Layout/MultiStaffLayouter.cs","1582","0.0",": 0.0;","(file-level) LILYPOND-REF: lily/system.cc","Yellow"
"Svg/Layout/MultiStaffLayouter.cs","1585","0.0","score.TextMetrics, t, afterCourtesyKey: width > 0.0);","(file-level) LILYPOND-REF: lily/system.cc","Yellow"
"Svg/Layout/MultiStaffLayouter.cs","1733","0.0","measureStartReaches.Add(0.0);","(file-level) LILYPOND-REF: lily/system.cc","Yellow"
"Svg/Layout/MultiStaffLayouter.cs","1750","0.0","measureStartReaches.Add(0.0);","(file-level) LILYPOND-REF: lily/system.cc","Yellow"
"Svg/Layout/MultiStaffLayouter.cs","1915","0.0","double gridLeftEdge = score.IsLeadSheet ? EngravingDefaults.ClefGlyphXOffset : 0.0;","(file-level) LILYPOND-REF: lily/system.cc","Yellow"
"Svg/Layout/MultiStaffLayouter.cs","1935","0.0","double lineEndBarInk = 0.0;","(file-level) LILYPOND-REF: lily/system.cc","Yellow"
"Svg/Layout/MultiStaffLayouter.cs","1962","0.0","double lineStartFrame = score.IsLeadSheet ? 0.0 : prefixWidth","(file-level) LILYPOND-REF: lily/system.cc","Yellow"
"Svg/Layout/MultiStaffLayouter.cs","1976","0.0","if (leftReach > 0.0 && column >= 1 && column <= allSprings.Length)","(file-level) LILYPOND-REF: lily/system.cc","Yellow"
"Svg/Layout/MultiStaffLayouter.cs","1981","0.0","if (rightReach > 0.0 && column < allSprings.Length)","(file-level) LILYPOND-REF: lily/system.cc","Yellow"
"Svg/Layout/MultiStaffLayouter.cs","1987","0.0","if (startReach > 0.0 && columnOffset < allSprings.Length)","(file-level) LILYPOND-REF: lily/system.cc","Yellow"
"Svg/Layout/MultiStaffLayouter.cs","2349","1.0","return 1.0;","(file-level) LILYPOND-REF: lily/system.cc","Yellow"
"Svg/Layout/MultiStaffLayouter.cs","2352","1.0","return 1.0;","(file-level) LILYPOND-REF: lily/system.cc","Yellow"
"Svg/Layout/MultiStaffLayouter.cs","3620","2.0","internal static double StaffRefpoint(StaffLayout staff) => staff.Y - staff.Height / 2.0;","(file-level) LILYPOND-REF: lily/system.cc","Yellow"
"Svg/Layout/MultiStaffLayouter.cs","3896","2.0","double halfStaff = StaffHeightOf(staff, _options.StaffHeight) / 2.0;","(file-level) LILYPOND-REF: lily/system.cc","Yellow"
"Svg/Layout/MultiStaffLayouter.cs","3900","2.0","halfStaff + EngravingDefaults.StaffLineThickness / 2.0,","(file-level) LILYPOND-REF: lily/system.cc","Yellow"
"Svg/Layout/MultiStaffLayouter.cs","5153","2.0","return closing is { } c ? c - ownHeight / 2.0 : null;","(file-level) LILYPOND-REF: lily/system.cc","Yellow"
"Svg/Layout/PageBreaker.cs","180","1.0","public double InverseHooke { get; init; } = 1.0;","LILYPOND-REF: lily/include/constrained-breaking.hh:71 inverse_hooke_</remarks>","Green"
"Svg/Layout/PageBreaker.cs","311","0.0","return Math.Max(0.0, SpringLength - refpointDist);","(file-level) LILYPOND-REF: lily/include/constrained-breaking.hh:35-43 Line_shape, whose two","Yellow"
"Svg/Layout/PageBreaker.cs","389","0.0","return Math.Max(0.0, Math.Max(spec.Padding, spec.MinimumDistance - line.TopExtent));","LILYPOND-REF: lily/page-breaking.cc:1789-1790 min_whitespace_at_top_of_page — a","Green"
"Svg/Layout/PageBreaker.cs","406","0.0","return Math.Max(0.0, Math.Max(_lastBottom.Padding, _lastBottom.MinimumDistance + translate));","(file-level) LILYPOND-REF: lily/include/constrained-breaking.hh:35-43 Line_shape, whose two","Yellow"
"Svg/Layout/PageBreaker.cs","593","0.1","/ Math.Max(0.1, _inverseSpringK);","(file-level) LILYPOND-REF: lily/include/constrained-breaking.hh:35-43 Line_shape, whose two","Yellow"
"Svg/Layout/PageLayouter.cs","179","1.0","InverseHooke = 1.0,","LILYPOND-REF: lily/constrained-breaking.cc:622 Line_details — inverse_hooke_ = 1.0","Green"
"Svg/Layout/PageLayouter.cs","231","2.0","double halfStaffNominal = _options.StaffHeight / 2.0;","LILYPOND-REF: lily/align-interface.cc:137-143 get_pure_minimum_translations —","Green"
"Svg/Layout/PageLayouter.cs","345","2.0","double nominal = _options.StaffHeight / 2.0;","(file-level) LILYPOND-REF: lily/page-spacing.cc Page_spacer class","Yellow"
"Svg/Layout/PageLayouter.cs","774","0.0","positions = solver.GetPositions(isRagged && pageForce > 0 ? 0.0 : pageForce);","LILYPOND-REF: lily/simple-spacer.cc:301-303 — a ragged configuration is laid","Green"
"Svg/Layout/SkylineBuilder.cs","207","2.0","double refpointUp = lay.Y - (lay.RefpointBelowTop ?? _staffHeight / 2.0);","(file-level) LILYPOND-REF: lily/page-layout-problem.cc:1075-1124 build_system_skyline()","Yellow"
"Svg/Layout/SkylineBuilder.cs","394","2.0","=> layout is { } lay && lay.Height > 0 ? lay.Y - lay.Height / 2.0 : derived;","(file-level) LILYPOND-REF: lily/page-layout-problem.cc:1075-1124 build_system_skyline()","Yellow"
"Svg/Layout/SkylineBuilder.cs","402","2.0","double half = (layout is { } lay && lay.Height > 0 ? lay.Height : _staffHeight) / 2.0;","(file-level) LILYPOND-REF: lily/page-layout-problem.cc:1075-1124 build_system_skyline()","Yellow"
"Svg/Layout/SkylineBuilder.cs","440","2.0","double halfLine = EngravingDefaults.StaffLineThickness / 2.0;","(file-level) LILYPOND-REF: lily/page-layout-problem.cc:1075-1124 build_system_skyline()","Yellow"
"Svg/Layout/SkylineBuilder.cs","575","1.0","ClefType.Bass or ClefType.Bass8Below => (""F"", 1.0),","(file-level) LILYPOND-REF: lily/page-layout-problem.cc:1075-1124 build_system_skyline()","Yellow"
"Svg/Layout/SkylineBuilder.cs","576","0.0","ClefType.Alto => (""C"", 0.0),","(file-level) LILYPOND-REF: lily/page-layout-problem.cc:1075-1124 build_system_skyline()","Yellow"
"Svg/Layout/SkylineBuilder.cs","577","1.0","ClefType.Tenor => (""C"", 1.0),","(file-level) LILYPOND-REF: lily/page-layout-problem.cc:1075-1124 build_system_skyline()","Yellow"
"Svg/Layout/SkylineBuilder.cs","578","2.0","ClefType.Soprano => (""C"", -2.0),","(file-level) LILYPOND-REF: lily/page-layout-problem.cc:1075-1124 build_system_skyline()","Yellow"
"Svg/Layout/SkylineBuilder.cs","579","1.0","ClefType.MezzoSoprano => (""C"", -1.0),","(file-level) LILYPOND-REF: lily/page-layout-problem.cc:1075-1124 build_system_skyline()","Yellow"
"Svg/Layout/SkylineBuilder.cs","580","2.0","ClefType.Baritone => (""C"", 2.0),","(file-level) LILYPOND-REF: lily/page-layout-problem.cc:1075-1124 build_system_skyline()","Yellow"
"Svg/Layout/SkylineBuilder.cs","581","0.0","ClefType.Percussion => (""C"", 0.0),","(file-level) LILYPOND-REF: lily/page-layout-problem.cc:1075-1124 build_system_skyline()","Yellow"
"Svg/Layout/SkylineBuilder.cs","582","1.0","_ => (""G"", -1.0),","(file-level) LILYPOND-REF: lily/page-layout-problem.cc:1075-1124 build_system_skyline()","Yellow"
"Svg/Layout/SkylineBuilder.cs","762","0.0","? 0.0","(file-level) LILYPOND-REF: lily/page-layout-problem.cc:1075-1124 build_system_skyline()","Yellow"
"Svg/Layout/SkylineBuilder.cs","765","0.5","? rs * 0.5","(file-level) LILYPOND-REF: lily/page-layout-problem.cc:1075-1124 build_system_skyline()","Yellow"
"Svg/Layout/SkylineBuilder.cs","766","0.0",": 0.0;","(file-level) LILYPOND-REF: lily/page-layout-problem.cc:1075-1124 build_system_skyline()","Yellow"
"Svg/Layout/SkylineBuilder.cs","840","0.5","double halfCurve = size.Span(0.5 * EngravingDefaults.TieMidThickness);","(file-level) LILYPOND-REF: lily/page-layout-problem.cc:1075-1124 build_system_skyline()","Yellow"
"Svg/Layout/SkylineBuilder.cs","841","0.5","double halfPen = size.Span(0.5 * EngravingDefaults.BowEndRounding);","(file-level) LILYPOND-REF: lily/page-layout-problem.cc:1075-1124 build_system_skyline()","Yellow"
"Svg/Layout/SkylineBuilder.cs","992","0.0","+ size.Span(LayoutUtilities.StemX(0.0, up, graceHeadNoteValue,","(file-level) LILYPOND-REF: lily/page-layout-problem.cc:1075-1124 build_system_skyline()","Yellow"
"Svg/Layout/SkylineBuilder.cs","997","0.5",": run.Run.Columns[i].Lowest).StaffPosition * 0.5);","(file-level) LILYPOND-REF: lily/page-layout-problem.cc:1075-1124 build_system_skyline()","Yellow"
"Svg/Layout/SkylineBuilder.cs","1000","2.0","? staffMiddleUp + size.Span(bl / 2.0)","(file-level) LILYPOND-REF: lily/page-layout-problem.cc:1075-1124 build_system_skyline()","Yellow"
"Svg/Layout/SkylineBuilder.cs","1003","2.0","? staffMiddleUp + size.Span(br / 2.0)","(file-level) LILYPOND-REF: lily/page-layout-problem.cc:1075-1124 build_system_skyline()","Yellow"
"Svg/Layout/SkylineBuilder.cs","1006","0.001, 0.0","double slope = span > 0.001 ? (beamRightY - beamLeftY) / span : 0.0;","(file-level) LILYPOND-REF: lily/page-layout-problem.cc:1075-1124 build_system_skyline()","Yellow"
"Svg/Layout/SkylineBuilder.cs","1186","2.0","double topLineUp = staffMiddleUp + (tuning.Length - 1) * space / 2.0;","(file-level) LILYPOND-REF: lily/page-layout-problem.cc:1075-1124 build_system_skyline()","Yellow"
"Svg/Layout/SkylineBuilder.cs","1191","2.0","double half = TabConstants.FretDigitHeight(_fonts, tuning.Length) / 2.0;","(file-level) LILYPOND-REF: lily/page-layout-problem.cc:1075-1124 build_system_skyline()","Yellow"
"Svg/Layout/SkylineBuilder.cs","1278","2.0","var geom = new TabStaffGeometry(_fonts, tuning, -tabHeight / 2.0, staff.TabSourceClef, staff.Transposition);","(file-level) LILYPOND-REF: lily/page-layout-problem.cc:1075-1124 build_system_skyline()","Yellow"
"Svg/Layout/SkylineBuilder.cs","1528","2.0","double staffTopUp = staffMiddleUp + staffHeight / 2.0;","(file-level) LILYPOND-REF: lily/page-layout-problem.cc:1075-1124 build_system_skyline()","Yellow"
"Svg/Layout/SkylineBuilder.cs","1962","2.0","double half = size.Span(EngravingDefaults.TupletBracketThickness / 2.0);","(file-level) LILYPOND-REF: lily/page-layout-problem.cc:1075-1124 build_system_skyline()","Yellow"
"Svg/Layout/SkylineBuilder.cs","1965","1.0, 1.0","double dir = b.IsStemUp ? 1.0 : -1.0;","LILYPOND-REF: scm/define-grobs.scm:4114 grob::unpure-vertical-skylines-from-stencil","Green"
"Svg/Layout/SkylineBuilder.cs","2046","1.0, 1.0","if (hairpins.IsDefaultOrEmpty || size.Span(1.0) != 1.0)","(file-level) LILYPOND-REF: lily/page-layout-problem.cc:1075-1124 build_system_skyline()","Yellow"
"Svg/Layout/SkylineBuilder.cs","2158","0.5","double halfCurve = size.Span(0.5 * EngravingDefaults.SlurMidThickness);","(file-level) LILYPOND-REF: lily/page-layout-problem.cc:1075-1124 build_system_skyline()","Yellow"
"Svg/Layout/SkylineBuilder.cs","2159","0.5","double halfPen = size.Span(0.5 * EngravingDefaults.BowEndRounding);","(file-level) LILYPOND-REF: lily/page-layout-problem.cc:1075-1124 build_system_skyline()","Yellow"
"Svg/Layout/SkylineBuilder.cs","2183","16","const int samples = 16;","(file-level) LILYPOND-REF: lily/page-layout-problem.cc:1075-1124 build_system_skyline()","Yellow"
"Svg/Layout/SkylineBuilder.cs","2184","1.0, 1.0","double dir = direction == VerticalDirection.Up ? 1.0 : -1.0;","(file-level) LILYPOND-REF: lily/page-layout-problem.cc:1075-1124 build_system_skyline()","Yellow"
"Svg/Layout/SkylineBuilder.cs","2191","1.0","double ctrlOutY = dir * halfCurve * (clen > 1e-9 ? System.Math.Abs(cdx) / clen : 1.0);","(file-level) LILYPOND-REF: lily/page-layout-problem.cc:1075-1124 build_system_skyline()","Yellow"
"Svg/Layout/SkylineBuilder.cs","2267","2.0","double x0 = f.X - width / 2.0;","(file-level) LILYPOND-REF: lily/page-layout-problem.cc:1075-1124 build_system_skyline()","Yellow"
"Svg/Layout/SkylineBuilder.cs","2364","2.0","double half = staffHeight / 2.0","(file-level) LILYPOND-REF: lily/page-layout-problem.cc:1075-1124 build_system_skyline()","Yellow"
"Svg/Layout/SkylineBuilder.cs","2365","2.0","+ size.Span(EngravingDefaults.StaffLineThickness / 2.0);","(file-level) LILYPOND-REF: lily/page-layout-problem.cc:1075-1124 build_system_skyline()","Yellow"
"Svg/Layout/SkylineBuilder.cs","2446","1.3","double dynamicWidth = size.Span(1.3);","(file-level) LILYPOND-REF: lily/page-layout-problem.cc:1075-1124 build_system_skyline()","Yellow"
"Svg/Layout/SkylineBuilder.cs","2449","0.5","topUp - size.Span(0.5), topUp, VerticalDirection.Up);","(file-level) LILYPOND-REF: lily/page-layout-problem.cc:1075-1124 build_system_skyline()","Yellow"
"Svg/Layout/SkylineBuilder.cs","2465","1.0, 1.0","if (size.Span(1.0) == 1.0)","LILYPOND-REF: lily/axis-group-interface.cc:648-676 avoid_outside_staff_collisions","Green"
"Svg/Layout/SkylineBuilder.cs","2484","1.3","double dynamicWidth = size.Span(1.3);","(file-level) LILYPOND-REF: lily/page-layout-problem.cc:1075-1124 build_system_skyline()","Yellow"
"Svg/Layout/SkylineBuilder.cs","2487","0.5","bottomUp, bottomUp + size.Span(0.5), VerticalDirection.Down);","(file-level) LILYPOND-REF: lily/page-layout-problem.cc:1075-1124 build_system_skyline()","Yellow"
"Svg/Layout/SkylineBuilder.cs","2496","0.46","private const double OutsideStaffPadding = 0.46;","LILYPOND-REF: scm/define-grobs.scm outside-staff-padding default = 0.46","Green"
"Svg/Layout/SkylineBuilder.cs","2515","0.0","double restShiftUp = 0.0,","(file-level) LILYPOND-REF: lily/page-layout-problem.cc:1075-1124 build_system_skyline()","Yellow"
"Svg/Layout/SkylineBuilder.cs","2549","0.5","double glyphY = staffMiddleUp + size.Span(pos * 0.5);","(file-level) LILYPOND-REF: lily/page-layout-problem.cc:1075-1124 build_system_skyline()","Yellow"
"Svg/Layout/SkylineBuilder.cs","2599","0.5","staffMiddleUp + size.Span(noteDotPos * 0.5),","(file-level) LILYPOND-REF: lily/page-layout-problem.cc:1075-1124 build_system_skyline()","Yellow"
"Svg/Layout/SkylineBuilder.cs","2604","0.5","double accY = size.Span(note.StaffPosition * 0.5) + staffMiddleUp;","(file-level) LILYPOND-REF: lily/page-layout-problem.cc:1075-1124 build_system_skyline()","Yellow"
"Svg/Layout/SkylineBuilder.cs","2662","0.5","double accHeadY = size.Span(accPos * 0.5) + staffMiddleUp;","LILYPOND-REF: lily/accidental-placement.cc position_apes.","Green"
"Svg/Layout/SkylineBuilder.cs","2696","0.5","staffMiddleUp + size.Span(p * 0.5),","(file-level) LILYPOND-REF: lily/page-layout-problem.cc:1075-1124 build_system_skyline()","Yellow"
"Svg/Layout/SkylineBuilder.cs","2727","2.0","+ size.Span(ElementCoordinator.NeutralRestPosition(staffLines, restValue) / 2.0)","(file-level) LILYPOND-REF: lily/page-layout-problem.cc:1075-1124 build_system_skyline()","Yellow"
"Svg/Layout/SkylineBuilder.cs","2772","0.5","(restDotRel ?? ElementCoordinator.RestDotDefaultOffset(restValue)) * 0.5);","(file-level) LILYPOND-REF: lily/page-layout-problem.cc:1075-1124 build_system_skyline()","Yellow"
"Svg/Layout/SkylineBuilder.cs","3057","0.5","double noteUp = size.Span(staffPosition * 0.5);   // staff-spaces above middle, up+","(file-level) LILYPOND-REF: lily/page-layout-problem.cc:1075-1124 build_system_skyline()","Yellow"
"Svg/Layout/SkylineBuilder.cs","3130","0.5","double ledgerUp = size.Span(pos * 0.5);","(file-level) LILYPOND-REF: lily/page-layout-problem.cc:1075-1124 build_system_skyline()","Yellow"
"Svg/Layout/SkylineBuilder.cs","3143","0.5","double ledgerUp = size.Span(pos * 0.5);","(file-level) LILYPOND-REF: lily/page-layout-problem.cc:1075-1124 build_system_skyline()","Yellow"
"Svg/Layout/HorizontalSkyline.cs","80","0.0","double pendingPad = 0.0)","(file-level) LILYPOND-REF: Uses sky = +1 for RIGHT, -1 for LEFT","Yellow"
"Svg/Layout/HorizontalSkyline.cs","105","0.0","if (_pendingPad <= 0.0)","(file-level) LILYPOND-REF: Uses sky = +1 for RIGHT, -1 for LEFT","Yellow"
"Svg/Layout/HorizontalSkyline.cs","109","0.0","_pendingPad = 0.0;","(file-level) LILYPOND-REF: Uses sky = +1 for RIGHT, -1 for LEFT","Yellow"
"Svg/Layout/HorizontalSkyline.cs","118","0.0","if (_pendingPad <= 0.0)","(file-level) LILYPOND-REF: Uses sky = +1 for RIGHT, -1 for LEFT","Yellow"
"Svg/Layout/HorizontalSkyline.cs","243","0.0","target._pendingPad = 0.0;","(file-level) LILYPOND-REF: Uses sky = +1 for RIGHT, -1 for LEFT","Yellow"
"Svg/Layout/HorizontalSkyline.cs","258","0.0","_pendingPad = 0.0;","(file-level) LILYPOND-REF: Uses sky = +1 for RIGHT, -1 for LEFT","Yellow"
"Svg/Layout/HorizontalSkyline.cs","342","0.0","target._pendingPad = 0.0;","(file-level) LILYPOND-REF: Uses sky = +1 for RIGHT, -1 for LEFT","Yellow"
"Svg/Layout/HorizontalSkyline.cs","467","0.0","if (other._pendingPad > 0.0)","(file-level) LILYPOND-REF: Uses sky = +1 for RIGHT, -1 for LEFT","Yellow"
"Svg/Layout/HorizontalSkyline.cs","502","0.0","if (horizonPadding <= 0.0)","(file-level) LILYPOND-REF: Uses sky = +1 for RIGHT, -1 for LEFT","Yellow"
"Svg/Layout/HorizontalSkyline.cs","518","0.0","=> horizonPadding <= 0.0","LILYPOND-REF: lily/skyline.cc:558-615 Skyline::padded (horizon_padding) — LilyPond returns a","Green"
"Svg/Layout/HorizontalSkyline.cs","595","0.0","bool pad = horizonPadding > 0.0;","LILYPOND-REF: lily/skyline.cc:558-615 Skyline::padded — no padding, no pad buildings (as PaddedCopy).","Green"
"Svg/Layout/HorizontalSkyline.cs","603","0.0","return new HorizontalSkyline(buildings, direction, pad ? horizonPadding : 0.0);","(file-level) LILYPOND-REF: Uses sky = +1 for RIGHT, -1 for LEFT","Yellow"
"Svg/Layout/VerticalSkyline.cs","72","10","private const double ContinuityEpsilon = 1e-10;","(file-level) LILYPOND-REF: flower/include/direction.hh — UP = +1, DOWN = -1.","Yellow"
"Svg/Layout/VerticalSkyline.cs","1173","0.0, 1.0","? (double.IsPositiveInfinity(right) ? 0.0 : right - 1.0)","(file-level) LILYPOND-REF: flower/include/direction.hh — UP = +1, DOWN = -1.","Yellow"
"Svg/Layout/VerticalSkyline.cs","1174","1.0",": double.IsPositiveInfinity(right) ? left + 1.0","(file-level) LILYPOND-REF: flower/include/direction.hh — UP = +1, DOWN = -1.","Yellow"
"Svg/Layout/VerticalSkyline.cs","1439","0.0","if (horizonPadding <= 0.0)","(file-level) LILYPOND-REF: flower/include/direction.hh — UP = +1, DOWN = -1.","Yellow"
"Svg/Layout/VerticalSkyline.cs","1663","0.0","if (horizonPadding <= 0.0)","(file-level) LILYPOND-REF: flower/include/direction.hh — UP = +1, DOWN = -1.","Yellow"
"Svg/Layout/AccidentalPlacement.cs","90","1.0","double length = EngravingDefaults.MinStemLength * (headFont?.Magnification ?? 1.0);","(file-level) LILYPOND-REF: lily/accidental-placement.cc:348-351 extract_heads_and_stems — ""Now that we","Yellow"
"Svg/Layout/AccidentalPlacement.cs","92","2.0, 2.0","? new(true, lowestPosition / 2.0, highestPosition / 2.0 + length, x - half, x + half)","(file-level) LILYPOND-REF: lily/accidental-placement.cc:348-351 extract_heads_and_stems — ""Now that we","Yellow"
"Svg/Layout/AccidentalPlacement.cs","93","2.0, 2.0",": new(true, lowestPosition / 2.0 - length, highestPosition / 2.0, x - half, x + half);","(file-level) LILYPOND-REF: lily/accidental-placement.cc:348-351 extract_heads_and_stems — ""Now that we","Yellow"
"Svg/Layout/AccidentalPlacement.cs","142","0.2","public double Padding { get; init; } = 0.2;","LILYPOND-REF: accidental-placement.cc:398,505 (hardcoded 0.2)</remarks>","Green"
"Svg/Layout/AccidentalPlacement.cs","146","0.15","public double RightPadding { get; init; } = 0.15;","LILYPOND-REF: define-grobs.scm:85 AccidentalPlacement.right-padding</remarks>","Green"
"Svg/Layout/AccidentalPlacement.cs","150","0.1","public double HorizonPadding { get; init; } = 0.1;","LILYPOND-REF: accidental-placement.cc:413 horizon_padding</remarks>","Green"
"Svg/Layout/AccidentalPlacement.cs","390","0.375","bbox.Bottom, bbox.Top, bbox.Left, bbox.Right * 0.375,","(file-level) LILYPOND-REF: lily/accidental-placement.cc:348-351 extract_heads_and_stems — ""Now that we","Yellow"
"Svg/Layout/AccidentalPlacement.cs","395","1.0","if (font.Magnification != 1.0)","(file-level) LILYPOND-REF: lily/accidental-placement.cc:348-351 extract_heads_and_stems — ""Now that we","Yellow"
"Svg/Layout/AccidentalPlacement.cs","467","2.0","double yCenterSS = n.StaffPosition / 2.0;","(file-level) LILYPOND-REF: lily/accidental-placement.cc:348-351 extract_heads_and_stems — ""Now that we","Yellow"
"Svg/Layout/AccidentalPlacement.cs","519","2.0","double yCenterSS = allNotes[i].StaffPosition / 2.0;","(file-level) LILYPOND-REF: lily/accidental-placement.cc:348-351 extract_heads_and_stems — ""Now that we","Yellow"
"Svg/Layout/AccidentalPlacement.cs","555","0.0","double lastOffset = 0.0;","(file-level) LILYPOND-REF: lily/accidental-placement.cc:348-351 extract_heads_and_stems — ""Now that we","Yellow"
"Svg/Layout/AccidentalPlacement.cs","562","2.0","double yCenterSS = entry.StaffPosition / 2.0;","LILYPOND-REF: accidental-placement.cc:292-295 set_ape_skylines.","Green"
"Svg/Layout/NoteCollision.cs","239","0.52","public double CloseHalfShift { get; init; } = 0.52;","LILYPOND-REF: lily/note-collision.cc:325-326 close_half_collide","Green"
"Svg/Layout/NoteCollision.cs","247","0.4","public double DistantHalfShift { get; init; } = 0.4;","LILYPOND-REF: lily/note-collision.cc:329-330 distant_half_collide","Green"
"Svg/Layout/NoteCollision.cs","255","0.5","public double FullCollideShift { get; init; } = 0.5;","LILYPOND-REF: lily/note-collision.cc:327-328 full_collide","Green"
"Svg/Layout/NoteCollision.cs","264","0.5","public double TouchShift { get; init; } = 0.5;","LILYPOND-REF: lily/note-collision.cc:324 touch — multiplier 0.5.","Green"
"Svg/Layout/NoteCollision.cs","276","0.65","public double StemToStemShift { get; init; } = 0.65;","LILYPOND-REF: lily/note-collision.cc:321-322 stem_to_stem — multiplier 0.65.","Green"
"Svg/Layout/NoteCollision.cs","286","0.17","public double MeshingGeneralShift { get; init; } = 0.17;","LILYPOND-REF: lily/note-collision.cc:180-230 check_meshing_chords()","Green"
"Svg/Layout/NoteCollision.cs","298","0.1","public double MeshingDottedShift { get; init; } = 0.1;","LILYPOND-REF: lily/note-collision.cc:180-230 check_meshing_chords()","Green"
"Svg/Layout/NoteCollision.cs","522","0.0, 0.0","double upLeft = 0.0, downLeft = 0.0;","(file-level) LILYPOND-REF: lily/note-collision.cc:332-337</remarks>","Yellow"
"Svg/Layout/NoteCollision.cs","897","1.0","offset += 1.0;","(file-level) LILYPOND-REF: lily/note-collision.cc:332-337</remarks>","Yellow"
"Svg/Layout/NoteCollision.cs","904","1.0, 0.5","offset += validStem[g][i - 1] ? 1.0 : 0.5;","(file-level) LILYPOND-REF: lily/note-collision.cc:332-337</remarks>","Yellow"
"Svg/Layout/NoteCollision.cs","909","0.5","offset += 0.5;","(file-level) LILYPOND-REF: lily/note-collision.cc:332-337</remarks>","Yellow"
"Svg/Layout/NoteCollision.cs","919","0.5","offset = Math.Max(offset, 0.5);","(file-level) LILYPOND-REF: lily/note-collision.cc:332-337</remarks>","Yellow"
"Svg/Layout/NoteCollision.cs","921","1.0","offset = Math.Max(offset, 1.0);","(file-level) LILYPOND-REF: lily/note-collision.cc:332-337</remarks>","Yellow"
"Svg/Layout/NoteCollision.cs","946","0.0","double pin = Math.Min(0.0, raw.Min(r => r.Offset));","(file-level) LILYPOND-REF: lily/note-collision.cc:332-337</remarks>","Yellow"
"Svg/Layout/NoteCollision.cs","1027","1.1","const double headBandHalfPositions = 1.1;","(file-level) LILYPOND-REF: lily/note-collision.cc:332-337</remarks>","Yellow"
"Svg/Layout/NoteCollision.cs","1134","1.1","const double headBandHalfPositions = 1.1;","LILYPOND-REF: lily/dot-column.cc:117-118 calc_positioning_done — Interval (-1.1, 1.1)","Green"
"Svg/Layout/NoteCollision.cs","1220","0.0","if (offsets[i] == 0.0)","(file-level) LILYPOND-REF: lily/note-collision.cc:332-337</remarks>","Yellow"
"Svg/Layout/BeamScoringProblem.cs","198","2.2","private const double BeamGapFudgeFactor = 2.2;   // beam-edge inset when testing gaps","LILYPOND-REF: lily/beam-quanting.cc:1280-1322","Green"
"Svg/Layout/BeamScoringProblem.cs","199","0.39","private const double BeamGapFixedDemerit = 0.39; // baseline demerit for a line in the gap","LILYPOND-REF: lily/beam-quanting.cc:1280-1322","Green"
"Svg/Layout/BeamScoringProblem.cs","202","0.6","private const double BeamSlopeDampingFactor = 0.6;","LILYPOND-REF: lily/beam-quanting.cc:766 slope_damping.","Green"
"Svg/Layout/BeamScoringProblem.cs","271","1.0","double lengthFraction = 1.0,","(file-level) LILYPOND-REF: lily/beam-quanting.cc (full file)","Yellow"
"Svg/Layout/BeamScoringProblem.cs","348","1.0","double lengthFraction = 1.0,","(file-level) LILYPOND-REF: lily/beam-quanting.cc (full file)","Yellow"
"Svg/Layout/BeamScoringProblem.cs","646","2.0","double halfBeamOverhang = EngravingDefaults.StemThickness / 2.0;","(file-level) LILYPOND-REF: lily/beam-quanting.cc (full file)","Yellow"
"Svg/Layout/BeamScoringProblem.cs","763","0.48","_beamThickness = beamThickness;                         // 0.48 staff spaces full size","LILYPOND-REF: lily/beam-quanting.cc:232-234","Green"
"Svg/Layout/BeamScoringProblem.cs","764","0.1","_lineThickness = lineThickness;                         // 0.1 staff spaces full size","LILYPOND-REF: lily/beam-quanting.cc:232-234","Green"
"Svg/Layout/BeamScoringProblem.cs","765","2.0, 2.0","_staffRadius = (staffLineCount - 1) / 2.0;              // 2.0 for five lines","LILYPOND-REF: lily/beam-quanting.cc:232-234","Green"
"Svg/Layout/BeamScoringProblem.cs","791","1.0","_stemDetails = lengthFraction == 1.0 && !noStemExtend","(file-level) LILYPOND-REF: lily/beam-quanting.cc (full file)","Yellow"
"Svg/Layout/BeamScoringProblem.cs","928","0.5","beamYMin -= 0.5 * _beamThickness;","LILYPOND-REF: lily/beam-quanting.cc:201 c.beam_y_.widen (0.5 * beam_thickness_) —","Green"
"Svg/Layout/BeamScoringProblem.cs","929","0.5","beamYMax += 0.5 * _beamThickness;","LILYPOND-REF: lily/beam-quanting.cc:201 c.beam_y_.widen (0.5 * beam_thickness_) —","Green"
"Svg/Layout/BeamScoringProblem.cs","962","0.0","return 0.0;","LILYPOND-REF: lily/beam.cc:1082 robust_list_ref (beam_count - 1, shorten_list).","Green"
"Svg/Layout/BeamScoringProblem.cs","964","1.0, 0.5, 0.25","double[] beamedStemShorten = StemDetails.Default.BeamedStemShorten; // (1.0 0.5 0.25)","LILYPOND-REF: lily/beam.cc:1082 robust_list_ref (beam_count - 1, shorten_list).","Green"
"Svg/Layout/BeamScoringProblem.cs","1156","2.0, 2.0","return (leftY * 2.0, rightY * 2.0);","(file-level) LILYPOND-REF: lily/beam-quanting.cc (full file)","Yellow"
"Svg/Layout/BeamScoringProblem.cs","1226","0.0","if (firstIdealY == 0.0 && chordRight != chordLeft && idealCount == 2)","(file-level) LILYPOND-REF: lily/beam-quanting.cc (full file)","Yellow"
"Svg/Layout/BeamScoringProblem.cs","1243","0.001","if (idealCount == 1 || _xSpan < 0.001)","(file-level) LILYPOND-REF: lily/beam-quanting.cc (full file)","Yellow"
"Svg/Layout/BeamScoringProblem.cs","1263","0.0","if (dy != 0.0)","(file-level) LILYPOND-REF: lily/beam-quanting.cc (full file)","Yellow"
"Svg/Layout/BeamScoringProblem.cs","1303","0.5","double y = (_beamDir > 0 ? maxPos : minPos) * 0.5","(file-level) LILYPOND-REF: lily/beam-quanting.cc (full file)","Yellow"
"Svg/Layout/BeamScoringProblem.cs","1320","0.5","return (dir > 0 ? _headMax[i] : _headMin[i]) * 0.5;","(file-level) LILYPOND-REF: lily/beam-quanting.cc (full file)","Yellow"
"Svg/Layout/BeamScoringProblem.cs","1333","0.5","double inter = 0.5;","LILYPOND-REF: lily/beam-quanting.cc:462-482 set_minimum_dy()","Green"
"Svg/Layout/BeamScoringProblem.cs","1334","1.0","double hang = 1.0 - (_beamThickness - _lineThickness) / 2;","(file-level) LILYPOND-REF: lily/beam-quanting.cc (full file)","Yellow"
"Svg/Layout/BeamScoringProblem.cs","1358","10","if (Math.Abs(denom) < 1e-10)","(file-level) LILYPOND-REF: lily/beam-quanting.cc (full file)","Yellow"
"Svg/Layout/BeamScoringProblem.cs","1390","10000, 10000","if (concaveness >= 10000 || damping >= 10000)","LILYPOND-REF: lily/beam-quanting.cc:755-757 slope_damping — unquanted_y_[LEFT]","Green"
"Svg/Layout/BeamScoringProblem.cs","1408","0.001","double slope = (_xSpan > 0.001) ? dy / _xSpan : 0;","LILYPOND-REF: lily/beam-quanting.cc:766 slope_damping — the tanh line itself.","Green"
"Svg/Layout/BeamScoringProblem.cs","1417","0.001","if (Math.Abs(dampedDy) > 0.001)","LILYPOND-REF: lily/beam-quanting.cc:770 (set_minimum_dy).","Green"
"Svg/Layout/BeamScoringProblem.cs","1466","10000","return 10000;","LILYPOND-REF: lily/beam-quanting.cc:729-739 is_concave_single_notes — the bowl check runs on","Green"
"Svg/Layout/BeamScoringProblem.cs","1533","0.0","double concaveness = 0.0;","LILYPOND-REF: lily/beam-quanting.cc:665-687","Green"
"Svg/Layout/BeamScoringProblem.cs","1538","0.0","concaveness += Math.Max(beamDir * (positions[i] - lineY), 0.0);","(file-level) LILYPOND-REF: lily/beam-quanting.cc (full file)","Yellow"
"Svg/Layout/BeamScoringProblem.cs","1543","0.001","if (Math.Abs(dy) > 0.001)","(file-level) LILYPOND-REF: lily/beam-quanting.cc (full file)","Yellow"
"Svg/Layout/BeamScoringProblem.cs","1586","0.001","double slope = _xSpan > 0.001 ? beamDy / _xSpan : 0;","LILYPOND-REF: lily/beam-quanting.cc:790-808 — feasible_left_point, full then","Green"
"Svg/Layout/BeamScoringProblem.cs","1606","2.0","const double minYSize = 2.0;","LILYPOND-REF: lily/beam-quanting.cc:821-854 — the forbidden intervals of the tall","Green"
"Svg/Layout/BeamScoringProblem.cs","1624","10","const double epsilon = 1.0e-10;","LILYPOND-REF: lily/interval-minefield.cc:52-86 Interval_minefield::solve — with","Green"
"Svg/Layout/BeamScoringProblem.cs","1666","2.0","beamLeftY = double.IsNegativeInfinity(feasibleMin) ? feasibleMax - 2.0","LILYPOND-REF: lily/beam-quanting.cc:865-872 + :440-450 point_in_interval (v, 2.0).","Green"
"Svg/Layout/BeamScoringProblem.cs","1667","2.0",": double.IsPositiveInfinity(feasibleMax) ? feasibleMin + 2.0","LILYPOND-REF: lily/beam-quanting.cc:865-872 + :440-450 point_in_interval (v, 2.0).","Green"
"Svg/Layout/BeamScoringProblem.cs","1691","0.0","private double QuantStraddle => 0.0;","LILYPOND-REF: lily/beam-quanting.cc:908-912","Green"
"Svg/Layout/BeamScoringProblem.cs","1693","0.5","private double QuantInter => 0.5;","LILYPOND-REF: lily/beam-quanting.cc:908-912","Green"
"Svg/Layout/BeamScoringProblem.cs","1694","1.0","private double QuantHang => 1.0 - (_beamThickness - _lineThickness) / 2;","(file-level) LILYPOND-REF: lily/beam-quanting.cc (full file)","Yellow"
"Svg/Layout/BeamScoringProblem.cs","1724","0.0","double gridShift = 0.0;","LILYPOND-REF: :917 also requires length_fraction_ == 1.0 — a non-standard beam's","Green"
"Svg/Layout/BeamScoringProblem.cs","1725","1.0","if (!_isKnee && _maxBeamCount > 4 && _beamLengthFraction == 1.0)","LILYPOND-REF: :917 also requires length_fraction_ == 1.0 — a non-standard beam's","Green"
"Svg/Layout/BeamScoringProblem.cs","1726","1.0","gridShift = (_maxBeamCount - 4) * (1.0 - _beamTranslation);","LILYPOND-REF: :917 also requires length_fraction_ == 1.0 — a non-standard beam's","Green"
"Svg/Layout/BeamScoringProblem.cs","1743","2.0","double headSS = BeamSideHead(e == 0 ? 0 : _memberCount - 1) / 2.0;","(file-level) LILYPOND-REF: lily/beam-quanting.cc (full file)","Yellow"
"Svg/Layout/BeamScoringProblem.cs","1744","0.5","double widen = 0.5","(file-level) LILYPOND-REF: lily/beam-quanting.cc (full file)","Yellow"
"Svg/Layout/BeamScoringProblem.cs","1746","0.5","+ _beamThickness * 0.5;","(file-level) LILYPOND-REF: lily/beam-quanting.cc (full file)","Yellow"
"Svg/Layout/BeamScoringProblem.cs","1777","0.0, 2.5","double corr = gridShift != 0.0 && (unquanted + quant) * _edgeDirs[edge] > 2.5","LILYPOND-REF: lily/beam-quanting.cc:933-938 (the shift), :157-158 (the truncation).","Green"
"Svg/Layout/BeamScoringProblem.cs","1779","0.0",": 0.0;","LILYPOND-REF: lily/beam-quanting.cc:943-952 — drop candidates whose edge falls","Green"
"Svg/Layout/BeamScoringProblem.cs","1839","0.0",": 0.0;","(file-level) LILYPOND-REF: lily/beam-quanting.cc (full file)","Yellow"
"Svg/Layout/BeamScoringProblem.cs","1853","1000.0","config.Demerits = startScore / 1000.0 + tieBreak;","(file-level) LILYPOND-REF: lily/beam-quanting.cc (full file)","Yellow"
"Svg/Layout/BeamScoringProblem.cs","1923","10","slopePenalty *= 10;","LILYPOND-REF: lily/beam-quanting.cc:1224-1226 — cross-staff beams tend","Green"
"Svg/Layout/BeamScoringProblem.cs","1927","1.5","double dem = ShrinkExtraWeight(diff, 1.5) * slopePenalty;","LILYPOND-REF: lily/beam-quanting.cc:1228-1230","Green"
"Svg/Layout/BeamScoringProblem.cs","1945","0.0","double dem = 0.0;","LILYPOND-REF: lily/beam-quanting.cc:1176-1197 — staff-spaces. The","Green"
"Svg/Layout/BeamScoringProblem.cs","1950","0.001","if (Math.Abs(dy) < 0.001) // dy == 0 (horizontal candidate)","LILYPOND-REF: lily/beam-quanting.cc:1189-1200","Green"
"Svg/Layout/BeamScoringProblem.cs","1952","0.001","if (Math.Abs(dampedDy / Math.Max(_xSpan, 0.001)) > _parameters.RoundToZeroSlope)","LILYPOND-REF: lily/beam-quanting.cc:1189-1200","Green"
"Svg/Layout/BeamScoringProblem.cs","1978","0.0","* Math.Max(0.0, Math.Abs(dy) - Math.Abs(_musicalDy));","LILYPOND-REF: lily/beam-quanting.cc:1206-1209 — staff-spaces.","Green"
"Svg/Layout/BeamScoringProblem.cs","1998","0.001","if (Math.Abs(dy) < 0.001 && Math.Abs(config.LeftY) < _staffRadius)","LILYPOND-REF: lily/beam-quanting.cc:1247-1252 — staff-spaces","Green"
"Svg/Layout/BeamScoringProblem.cs","2002","0.5","double yShifted = config.LeftY - 0.5;","(file-level) LILYPOND-REF: lily/beam-quanting.cc (full file)","Yellow"
"Svg/Layout/BeamScoringProblem.cs","2004","0.01","if (Math.Abs(rounded - yShifted) < 0.01)","(file-level) LILYPOND-REF: lily/beam-quanting.cc (full file)","Yellow"
"Svg/Layout/BeamScoringProblem.cs","2034","8.0, 1.0","* Math.Exp(-8.0 * Math.Abs(1.0 - _beamLengthFraction))","(file-level) LILYPOND-REF: lily/beam-quanting.cc (full file)","Yellow"
"Svg/Layout/BeamScoringProblem.cs","2037","0.0","double dem = 0.0;","LILYPOND-REF: lily/beam-quanting.cc:1273-1325","Green"
"Svg/Layout/BeamScoringProblem.cs","2063","1.0","for (double k = -_staffRadius; k <= _staffRadius + eps; k += 1.0)","LILYPOND-REF: lily/beam-quanting.cc:1300-1322","Green"
"Svg/Layout/BeamScoringProblem.cs","2079","0.0","dem = 0.0;","LILYPOND-REF: lily/beam-quanting.cc:1327-1366","Green"
"Svg/Layout/BeamScoringProblem.cs","2096","0.5","&& Math.Abs(endYSS - edgeDir * _beamTranslation) < _staffRadius + 0.5)","(file-level) LILYPOND-REF: lily/beam-quanting.cc (full file)","Yellow"
"Svg/Layout/BeamScoringProblem.cs","2107","0.5","&& Math.Abs(endYSS - 2 * edgeDir * _beamTranslation) < _staffRadius + 0.5)","LILYPOND-REF: lily/beam-quanting.cc:1352-1365 — the straddle","Green"
"Svg/Layout/BeamScoringProblem.cs","2147","0.001","double beamY = _xSpan > 0.001","LILYPOND-REF: lily/beam-quanting.cc:1127-1129 — all staff-spaces.","Green"
"Svg/Layout/BeamScoringProblem.cs","2174","0.0","score[d] += limitPenalty * Math.Max(0.0, shortage);","LILYPOND-REF: lily/beam-quanting.cc:1139-1140","Green"
"Svg/Layout/BeamScoringProblem.cs","2179","1.5","double idealScore = ShrinkExtraWeight(idealDiff, 1.5);","LILYPOND-REF: lily/beam-quanting.cc:1142-1143","Green"
"Svg/Layout/BeamScoringProblem.cs","2185","1.1","idealScore = Math.Pow(idealScore, 1.1);","LILYPOND-REF: lily/beam-quanting.cc:1145-1149","Green"
"Svg/Layout/BeamScoringProblem.cs","2206","1.0","if (score[idx] < 1.0)","(file-level) LILYPOND-REF: lily/beam-quanting.cc (full file)","Yellow"
"Svg/Layout/BeamScoringProblem.cs","2207","0.01","score[idx] += 0.01;","(file-level) LILYPOND-REF: lily/beam-quanting.cc (full file)","Yellow"
"Svg/Layout/BeamScoringProblem.cs","2226","0.0","double demerits = 0.0;","LILYPOND-REF: lily/beam-quanting.cc:1378-1379 center_beam_y = y_at (x, config);","Green"
"Svg/Layout/BeamScoringProblem.cs","2241","0.0","dist = 0.0;","LILYPOND-REF: lily/beam-quanting.cc:1381-1386 score_collisions — dist is 0","Green"
"Svg/Layout/BeamScoringProblem.cs","2249","0.0","Math.Max(_collisionPadding - dist, 0.0) / _collisionPadding;","LILYPOND-REF: lily/beam-quanting.cc:1388-1397 scale_free, collision_demerit","Green"
"Svg/Layout/BeamScoringProblem.cs","2277","0.0","return 0.0;","(file-level) LILYPOND-REF: lily/beam-quanting.cc (full file)","Yellow"
"Svg/Layout/BeamScoringProblem.cs","2290","1.0","return Math.Abs(x) * (x < 0 ? fac : 1.0);","LILYPOND-REF: lily/beam-quanting.cc:123-127 shrink_extra_weight()","Green"
"Svg/Layout/BeamConfiguration.cs","49","0.0","Demerits = 0.0;","(file-level) LILYPOND-REF: lily/include/beam-scoring-problem.hh:1-203 Beam_configuration struct","Yellow"
"Svg/Layout/BeamConfiguration.cs","67","0.0","return 0.0;","(file-level) LILYPOND-REF: lily/include/beam-scoring-problem.hh:1-203 Beam_configuration struct","Yellow"
"Svg/Layout/BeamConfiguration.cs","120","1.0","double BasePenalty = 1.0","(file-level) LILYPOND-REF: lily/include/beam-scoring-problem.hh:1-203 Beam_configuration struct","Yellow"
"Svg/Layout/BeamQuantParameters.cs","33","2.0","public double RegionSize { get; init; } = 2.0;","(file-level) LILYPOND-REF: lily/include/beam-scoring-problem.hh:1-203 Beam_quant_parameters struct","Yellow"
"Svg/Layout/BeamQuantParameters.cs","37","10.0","public double SecondaryBeamDemerit { get; init; } = 10.0;","(file-level) LILYPOND-REF: lily/include/beam-scoring-problem.hh:1-203 Beam_quant_parameters struct","Yellow"
"Svg/Layout/BeamQuantParameters.cs","40","5.0","public double StemLengthDemeritFactor { get; init; } = 5.0;","(file-level) LILYPOND-REF: lily/include/beam-scoring-problem.hh:1-203 Beam_quant_parameters struct","Yellow"
"Svg/Layout/BeamQuantParameters.cs","43","5000.0","public double StemLengthLimitPenalty { get; init; } = 5000.0;","(file-level) LILYPOND-REF: lily/include/beam-scoring-problem.hh:1-203 Beam_quant_parameters struct","Yellow"
"Svg/Layout/BeamQuantParameters.cs","47","800.0","public double DampingDirectionPenalty { get; init; } = 800.0;","(file-level) LILYPOND-REF: lily/include/beam-scoring-problem.hh:1-203 Beam_quant_parameters struct","Yellow"
"Svg/Layout/BeamQuantParameters.cs","50","400.0","public double MusicalDirectionFactor { get; init; } = 400.0;","(file-level) LILYPOND-REF: lily/include/beam-scoring-problem.hh:1-203 Beam_quant_parameters struct","Yellow"
"Svg/Layout/BeamQuantParameters.cs","53","20.0","public double HintDirectionPenalty { get; init; } = 20.0;","(file-level) LILYPOND-REF: lily/include/beam-scoring-problem.hh:1-203 Beam_quant_parameters struct","Yellow"
"Svg/Layout/BeamQuantParameters.cs","56","10.0","public double IdealSlopeFactor { get; init; } = 10.0;","(file-level) LILYPOND-REF: lily/include/beam-scoring-problem.hh:1-203 Beam_quant_parameters struct","Yellow"
"Svg/Layout/BeamQuantParameters.cs","59","0.02","public double RoundToZeroSlope { get; init; } = 0.02;","LILYPOND-REF: lily/beam-quanting.cc:754-755","Green"
"Svg/Layout/BeamQuantParameters.cs","66","1.0","public double Damping { get; init; } = 1.0;","LILYPOND-REF: lily/beam-quanting.cc:754-755","Green"
"Svg/Layout/BeamQuantParameters.cs","70","500.0","public double CollisionPenalty { get; init; } = 500.0;","LILYPOND-REF: scm/define-grobs.scm:508 Beam details — the (collision-padding . 0.35)","Green"
"Svg/Layout/BeamQuantParameters.cs","88","0.35","public double CollisionPadding { get; init; } = 0.35;","(file-level) LILYPOND-REF: lily/include/beam-scoring-problem.hh:1-203 Beam_quant_parameters struct","Yellow"
"Svg/Layout/BeamQuantParameters.cs","91","500.0","public double HorizontalInterQuantPenalty { get; init; } = 500.0;","(file-level) LILYPOND-REF: lily/include/beam-scoring-problem.hh:1-203 Beam_quant_parameters struct","Yellow"
"Svg/Layout/BeamQuantParameters.cs","117","0.1","public double StemCollisionFactor { get; init; } = 0.1;","(file-level) LILYPOND-REF: lily/include/beam-scoring-problem.hh:1-203 Beam_quant_parameters struct","Yellow"
"Svg/Layout/SlurScoringProblem.cs","195","0.0","bool HasStem, bool StemUp, bool BeamedInner, bool Beamed, double HeadWidth = 0.0,","(file-level) LILYPOND-REF: lily/include/slur-configuration.hh Slur_scorers enum","Yellow"
"Svg/Layout/SlurScoringProblem.cs","198","0.0","bool OnHead = false, double HeadCenterOffset = 0.0);","(file-level) LILYPOND-REF: lily/include/slur-configuration.hh Slur_scorers enum","Yellow"
"Svg/Layout/SlurScoringProblem.cs","317","1.0","double staffSpace = 1.0,","(file-level) LILYPOND-REF: lily/include/slur-configuration.hh Slur_scorers enum","Yellow"
"Svg/Layout/SlurScoringProblem.cs","354","1.0","double staffSpace = 1.0,","(file-level) LILYPOND-REF: lily/include/slur-configuration.hh Slur_scorers enum","Yellow"
"Svg/Layout/SlurScoringProblem.cs","505","2.0","_musicalDy = musicalDy ?? (slur.EndStaffPosition - slur.StartStaffPosition) / 2.0;","LILYPOND-REF: lily/slur-scoring.cc:334-341 — the difference of the two edge","Green"
"Svg/Layout/SlurScoringProblem.cs","528","2.0","=> ((1 - info.Idx) * info.LeftX + (1 + info.Idx) * info.RightX) / 2.0;","(file-level) LILYPOND-REF: lily/include/slur-configuration.hh Slur_scorers enum","Yellow"
"Svg/Layout/SlurScoringProblem.cs","545","2.0","double pos = (yUp + staffMiddleDown) * 2.0 / staffSpace;","(file-level) LILYPOND-REF: lily/include/slur-configuration.hh Slur_scorers enum","Yellow"
"Svg/Layout/SlurScoringProblem.cs","546","0.5","double roundedUp = Math.Floor(pos + 0.5);","(file-level) LILYPOND-REF: lily/include/slur-configuration.hh Slur_scorers enum","Yellow"
"Svg/Layout/SlurScoringProblem.cs","549","0.2","if (Math.Abs(pos - roundedUp) < 0.2 && onLine)","(file-level) LILYPOND-REF: lily/include/slur-configuration.hh Slur_scorers enum","Yellow"
"Svg/Layout/SlurScoringProblem.cs","550","1.5, 10.0","yUp += 1.5 * staffSpace * dir / 10.0;","(file-level) LILYPOND-REF: lily/include/slur-configuration.hh Slur_scorers enum","Yellow"
"Svg/Layout/SlurScoringProblem.cs","573","1.2, 0.1","const double thickness = 1.2 * 0.1;","(file-level) LILYPOND-REF: lily/include/slur-configuration.hh Slur_scorers enum","Yellow"
"Svg/Layout/SlurScoringProblem.cs","592","2.0","var (zx, zy) = CurvePoint(small, k / 2.0);","(file-level) LILYPOND-REF: lily/include/slur-configuration.hh Slur_scorers enum","Yellow"
"Svg/Layout/SlurScoringProblem.cs","600","0.5","_enclosedSlurMidpoints.Add(CurvePoint(small, 0.5));","(file-level) LILYPOND-REF: lily/include/slur-configuration.hh Slur_scorers enum","Yellow"
"Svg/Layout/SlurScoringProblem.cs","667","2.0","avoid.Add(((e.LeftX + e.RightX) / 2.0, edge));","LILYPOND-REF: lily/slur-scoring.cc:679-694 generate_avoid_offsets — b.curve_point","Green"
"Svg/Layout/SlurScoringProblem.cs","689","0.0","double fit = 0.0;","(file-level) LILYPOND-REF: lily/include/slur-configuration.hh Slur_scorers enum","Yellow"
"Svg/Layout/SlurScoringProblem.cs","692","180.0","curve.Rotate(-Math.Atan2(dzUnit.Y, dzUnit.X) * 180.0 / Math.PI);","(file-level) LILYPOND-REF: lily/include/slur-configuration.hh Slur_scorers enum","Yellow"
"Svg/Layout/SlurScoringProblem.cs","711","0.01","const double eps = 0.01;","(file-level) LILYPOND-REF: lily/include/slur-configuration.hh Slur_scorers enum","Yellow"
"Svg/Layout/SlurScoringProblem.cs","713","1.999","if (hi < lo || hi - lo <= 1.999 * eps)","(file-level) LILYPOND-REF: lily/include/slur-configuration.hh Slur_scorers enum","Yellow"
"Svg/Layout/SlurScoringProblem.cs","717","0.0","if (y != 0.0)","(file-level) LILYPOND-REF: lily/include/slur-configuration.hh Slur_scorers enum","Yellow"
"Svg/Layout/SlurScoringProblem.cs","749","1.2, 0.1","const double slurThickness = 1.2 * 0.1;","(file-level) LILYPOND-REF: lily/include/slur-configuration.hh Slur_scorers enum","Yellow"
"Svg/Layout/SlurScoringProblem.cs","750","0.1","const double lineThickness = 0.1;","(file-level) LILYPOND-REF: lily/include/slur-configuration.hh Slur_scorers enum","Yellow"
"Svg/Layout/SlurScoringProblem.cs","760","3.0, 1.0","double factor = 3.0 * t * (1.0 - t);","(file-level) LILYPOND-REF: lily/include/slur-configuration.hh Slur_scorers enum","Yellow"
"Svg/Layout/SlurScoringProblem.cs","764","0.5","int roundP = (int)Math.Floor(p + 0.5);","(file-level) LILYPOND-REF: lily/include/slur-configuration.hh Slur_scorers enum","Yellow"
"Svg/Layout/SlurScoringProblem.cs","771","2.0","double distance = (p - roundP) * _staffSpace / 2.0;","(file-level) LILYPOND-REF: lily/include/slur-configuration.hh Slur_scorers enum","Yellow"
"Svg/Layout/SlurScoringProblem.cs","774","0.5","double minDistance = 0.5 * slurThickness * factor + lineThickness","(file-level) LILYPOND-REF: lily/include/slur-configuration.hh Slur_scorers enum","Yellow"
"Svg/Layout/SlurScoringProblem.cs","775","0.0","+ ((dir * distance > 0.0)","(file-level) LILYPOND-REF: lily/include/slur-configuration.hh Slur_scorers enum","Yellow"
"Svg/Layout/SlurScoringProblem.cs","780","0.0","int resolutionDir = distance > 0.0 ? 1 : -1;","(file-level) LILYPOND-REF: lily/include/slur-configuration.hh Slur_scorers enum","Yellow"
"Svg/Layout/SlurScoringProblem.cs","786","0.0","bez.Translate(0.0, dy - factor * dy);","(file-level) LILYPOND-REF: lily/include/slur-configuration.hh Slur_scorers enum","Yellow"
"Svg/Layout/SlurScoringProblem.cs","809","0.001","if (len < 0.001)","(file-level) LILYPOND-REF: lily/include/slur-configuration.hh Slur_scorers enum","Yellow"
"Svg/Layout/SlurScoringProblem.cs","810","0.001","len = 0.001;","(file-level) LILYPOND-REF: lily/include/slur-configuration.hh Slur_scorers enum","Yellow"
"Svg/Layout/SlurScoringProblem.cs","817","3.1","double maxIndent = len / 3.1;","(file-level) LILYPOND-REF: lily/include/slur-configuration.hh Slur_scorers enum","Yellow"
"Svg/Layout/SlurScoringProblem.cs","820","3.0","double a1 = len * len / 3.0;","(file-level) LILYPOND-REF: lily/include/slur-configuration.hh Slur_scorers enum","Yellow"
"Svg/Layout/SlurScoringProblem.cs","821","0.75, 3.0, 3.0","double a2 = 0.75 * (indent + len / 3.0) * (indent + len / 3.0);","(file-level) LILYPOND-REF: lily/include/slur-configuration.hh Slur_scorers enum","Yellow"
"Svg/Layout/SlurScoringProblem.cs","823","3.0","maxH = maxH < 0 ? len / 3.0 : Math.Sqrt(maxH);","(file-level) LILYPOND-REF: lily/include/slur-configuration.hh Slur_scorers enum","Yellow"
"Svg/Layout/SlurScoringProblem.cs","857","1.0","if (width < 1.0)","LILYPOND-REF: lily/slur-scoring.cc:438-459 get_best_curve()","Green"
"Svg/Layout/SlurScoringProblem.cs","858","1.0","width = 1.0;","LILYPOND-REF: lily/slur-scoring.cc:438-459","Green"
"Svg/Layout/SlurScoringProblem.cs","924","0.3","return (left ? _startY : _endY) + 0.3 * dir;","(file-level) LILYPOND-REF: lily/include/slur-configuration.hh Slur_scorers enum","Yellow"
"Svg/Layout/SlurScoringProblem.cs","948","1.5","internal const double MinimumLengthSpaces = 1.5;","LILYPOND-REF: scm/define-grobs.scm Slur (minimum-length . 1.5),","Green"
"Svg/Layout/SlurScoringProblem.cs","974","0.25","double lo = Math.Min(edge.StemBeginY, edge.StemTipY) - 0.25 * _staffSpace;","(file-level) LILYPOND-REF: lily/include/slur-configuration.hh Slur_scorers enum","Yellow"
"Svg/Layout/SlurScoringProblem.cs","975","0.25","double hi = Math.Max(edge.StemBeginY, edge.StemTipY) + 0.25 * _staffSpace;","(file-level) LILYPOND-REF: lily/include/slur-configuration.hh Slur_scorers enum","Yellow"
"Svg/Layout/SlurScoringProblem.cs","980","0.3, 0.3","x = left ? edge.StemXHi + 0.3 : edge.StemXLo - 0.3;","(file-level) LILYPOND-REF: lily/include/slur-configuration.hh Slur_scorers enum","Yellow"
"Svg/Layout/SlurScoringProblem.cs","984","2.0","x = (edge.StemXLo + edge.StemXHi) / 2.0;","(file-level) LILYPOND-REF: lily/include/slur-configuration.hh Slur_scorers enum","Yellow"
"Svg/Layout/SlurScoringProblem.cs","1035","0.0","double additional = 0.0;","(file-level) LILYPOND-REF: lily/include/slur-configuration.hh Slur_scorers enum","Yellow"
"Svg/Layout/SlurScoringProblem.cs","1040","2.0","double xc = (info.LeftX + info.RightX) / 2.0;","(file-level) LILYPOND-REF: lily/include/slur-configuration.hh Slur_scorers enum","Yellow"
"Svg/Layout/SlurScoringProblem.cs","1043","0.001, 0.0","double norm = Math.Abs(span) < 0.001 ? 0.0 : (xc - _endX) / span;","(file-level) LILYPOND-REF: lily/include/slur-configuration.hh Slur_scorers enum","Yellow"
"Svg/Layout/SlurScoringProblem.cs","1048","0.0, 1.0","double mult = norm + (dir == -1 ? 0.0 : -1.0);","(file-level) LILYPOND-REF: lily/include/slur-configuration.hh Slur_scorers enum","Yellow"
"Svg/Layout/SlurScoringProblem.cs","1062","0.5","double step = 0.5 * _staffSpace; // half a staff space of THIS staff","LILYPOND-REF: lily/slur-scoring.cc:798-801 enumerate_attachments —","Green"
"Svg/Layout/SlurScoringProblem.cs","1110","0.001","|| (dzX > 0.001 && Math.Abs(dzY / dzX) > _parameters.MaxSlope))","LILYPOND-REF: lily/slur-scoring.cc:763-778; minimum-length 1.5","Green"
"Svg/Layout/SlurScoringProblem.cs","1132","0.001","if (len > 0.001)","LILYPOND-REF: lily/slur-scoring.cc:780-793 slur_head_x_extent field,","Green"
"Svg/Layout/SlurScoringProblem.cs","1136","3.0","startX -= dir * _leftEdge.HeadWidth * unitDy / 3.0;","(file-level) LILYPOND-REF: lily/include/slur-configuration.hh Slur_scorers enum","Yellow"
"Svg/Layout/SlurScoringProblem.cs","1138","3.0","endX -= dir * _rightEdge.HeadWidth * unitDy / 3.0;","(file-level) LILYPOND-REF: lily/include/slur-configuration.hh Slur_scorers enum","Yellow"
"Svg/Layout/SlurScoringProblem.cs","1187","0.001","if (slurDx < 0.001)","LILYPOND-REF: lily/slur-configuration.cc:490-529 score_slopes()","Green"
"Svg/Layout/SlurScoringProblem.cs","1191","0.0","double demerit = 0.0;","LILYPOND-REF: slur-configuration.cc:499-501","Green"
"Svg/Layout/SlurScoringProblem.cs","1195","0.0","demerit += Math.Max(Math.Abs(slurDy / slurDx) - _parameters.MaxSlope, 0.0)","LILYPOND-REF: slur-configuration.cc:499-501","Green"
"Svg/Layout/SlurScoringProblem.cs","1205","0.2, 0.2","double maxDy = Math.Abs(_musicalDy) + 0.2; // 0.2: account for staffline offset","LILYPOND-REF: slur-configuration.cc:501-507","Green"
"Svg/Layout/SlurScoringProblem.cs","1209","1.0","maxDy += 1.0;","LILYPOND-REF: slur-configuration.cc:502-503 — a beamed edge lets the slur be one","Green"
"Svg/Layout/SlurScoringProblem.cs","1212","0.0","* Math.Max(Math.Abs(slurDy) - maxDy, 0.0);","LILYPOND-REF: slur-configuration.cc:509-513","Green"
"Svg/Layout/SlurScoringProblem.cs","1216","0.0","demerit += Math.Max(Math.Abs(slurDy / slurDx) - _parameters.MaxSlope, 0.0)","LILYPOND-REF: slur-configuration.cc:509-513","Green"
"Svg/Layout/SlurScoringProblem.cs","1221","0.01, 0.01","if (Math.Abs(_musicalDy) < 0.01 && Math.Abs(slurDy) > 0.01 && !isBroken)","LILYPOND-REF: slur-configuration.cc:515-518","Green"
"Svg/Layout/SlurScoringProblem.cs","1227","0.01, 0.01","if (Math.Abs(_musicalDy) > 0.01 && Math.Abs(slurDy) > 0.01 && !isBroken","LILYPOND-REF: slur-configuration.cc:519-523 — a beamed edge softens this to 1/10","Green"
"Svg/Layout/SlurScoringProblem.cs","1231","10.0","? _parameters.SameSlopePenalty / 10.0","(file-level) LILYPOND-REF: lily/include/slur-configuration.hh Slur_scorers enum","Yellow"
"Svg/Layout/SlurScoringProblem.cs","1252","0.001","if (slurDx < 0.001)","LILYPOND-REF: lily/slur-configuration.cc:464-488 score_edges()","Green"
"Svg/Layout/SlurScoringProblem.cs","1267","5.0","demerit /= 5.0;","LILYPOND-REF: slur-configuration.cc:473-477 — when the edge note's stem points","Green"
"Svg/Layout/SlurScoringProblem.cs","1280","5.0","demerit /= 5.0;","LILYPOND-REF: slur-configuration.cc:473-477 (stem slurward, not inner-beamed).","Green"
"Svg/Layout/SlurScoringProblem.cs","1302","0.0","double demerit = 0.0;","LILYPOND-REF: lily/slur-configuration.cc:348-459 score_extra_encompass()","Green"
"Svg/Layout/SlurScoringProblem.cs","1345","0.0","double y = 0.0;","(file-level) LILYPOND-REF: lily/include/slur-configuration.hh Slur_scorers enum","Yellow"
"Svg/Layout/SlurScoringProblem.cs","1354","0.001","if (sx < config.StartX || sx > config.EndX || slurWid < 0.001)","LILYPOND-REF: lily/slur-configuration.cc:413-416 as_item is null for it,","Green"
"Svg/Layout/SlurScoringProblem.cs","1362","2.0","&& info.RightX >= _startX + _leftEdge.HeadCenterOffset - _leftEdge.HeadWidth / 2.0","(file-level) LILYPOND-REF: lily/include/slur-configuration.hh Slur_scorers enum","Yellow"
"Svg/Layout/SlurScoringProblem.cs","1363","2.0","&& info.LeftX <= _startX + _leftEdge.HeadCenterOffset + _leftEdge.HeadWidth / 2.0)","(file-level) LILYPOND-REF: lily/include/slur-configuration.hh Slur_scorers enum","Yellow"
"Svg/Layout/SlurScoringProblem.cs","1369","2.0","&& info.RightX >= _endX + _rightEdge.HeadCenterOffset - _rightEdge.HeadWidth / 2.0","(file-level) LILYPOND-REF: lily/include/slur-configuration.hh Slur_scorers enum","Yellow"
"Svg/Layout/SlurScoringProblem.cs","1370","2.0","&& info.LeftX <= _endX + _rightEdge.HeadCenterOffset + _rightEdge.HeadWidth / 2.0)","(file-level) LILYPOND-REF: lily/include/slur-configuration.hh Slur_scorers enum","Yellow"
"Svg/Layout/SlurScoringProblem.cs","1381","0.001","if (x < config.StartX || x > config.EndX || slurWid < 0.001)","LILYPOND-REF: lily/slur-configuration.cc:429 score_extra_encompass —","Green"
"Svg/Layout/SlurScoringProblem.cs","1394","0.0",": 0.0;","(file-level) LILYPOND-REF: lily/include/slur-configuration.hh Slur_scorers enum","Yellow"
"Svg/Layout/SlurScoringProblem.cs","1400","0.0","dist = Math.Max(dist, 0.0);","(file-level) LILYPOND-REF: lily/include/slur-configuration.hh Slur_scorers enum","Yellow"
"Svg/Layout/SlurScoringProblem.cs","1404","0.1","0.1 * _parameters.ExtraEncompassFreeDistance,","(file-level) LILYPOND-REF: lily/include/slur-configuration.hh Slur_scorers enum","Yellow"
"Svg/Layout/SlurScoringProblem.cs","1442","0.001","if (width < 0.001)","(file-level) LILYPOND-REF: lily/include/slur-configuration.hh Slur_scorers enum","Yellow"
"Svg/Layout/SlurScoringProblem.cs","1445","0.0","double demerit = 0.0;","(file-level) LILYPOND-REF: lily/include/slur-configuration.hh Slur_scorers enum","Yellow"
"Svg/Layout/SlurScoringProblem.cs","1476","0.0","convexHeadDistances.Add(0.0);","(file-level) LILYPOND-REF: lily/include/slur-configuration.hh Slur_scorers enum","Yellow"
"Svg/Layout/SlurScoringProblem.cs","1482","0.001","double hd = (absHeadDy > 0.001)","(file-level) LILYPOND-REF: lily/include/slur-configuration.hh Slur_scorers enum","Yellow"
"Svg/Layout/SlurScoringProblem.cs","1483","1.0, 1.0","? (1.0 / absHeadDy - 1.0 / _parameters.FreeHeadDistance)","(file-level) LILYPOND-REF: lily/include/slur-configuration.hh Slur_scorers enum","Yellow"
"Svg/Layout/SlurScoringProblem.cs","1485","0.0","hd = Math.Clamp(hd, 0.0, _parameters.HeadEncompassPenalty);","(file-level) LILYPOND-REF: lily/include/slur-configuration.hh Slur_scorers enum","Yellow"
"Svg/Layout/SlurScoringProblem.cs","1539","0.0","double avgDistance = 0.0;","LILYPOND-REF: slur-configuration.cc:307-349","Green"
"Svg/Layout/SlurScoringProblem.cs","1559","0.0","if (minDist > 0.0)","(file-level) LILYPOND-REF: lily/include/slur-configuration.hh Slur_scorers enum","Yellow"
"Svg/Layout/SlurScoringProblem.cs","1562","1.0","avgDistance / (minDist + _parameters.AbsoluteClosenessMeasure) - 1.0,","(file-level) LILYPOND-REF: lily/include/slur-configuration.hh Slur_scorers enum","Yellow"
"Svg/Layout/SlurScoringProblem.cs","1565","0.0","variancePenalty = Math.Max(variancePenalty, 0.0);","(file-level) LILYPOND-REF: lily/include/slur-configuration.hh Slur_scorers enum","Yellow"
"Svg/Layout/SlurScoreParameters.cs","37","0.333","public static SlurScoreParameters PhrasingDefault { get; } = new() { Ratio = 0.333 };","LILYPOND-REF: scm/define-grobs.scm:2832-2852 default-slur-details — the","Green"
"Svg/Layout/SlurScoreParameters.cs","45","2.0","public double HeightLimit { get; init; } = 2.0;","LILYPOND-REF: define-grobs.scm Slur.height-limit = 2.0","Green"
"Svg/Layout/SlurScoreParameters.cs","52","0.25","public double Ratio { get; init; } = 0.25;","LILYPOND-REF: define-grobs.scm Slur.ratio = 0.25","Green"
"Svg/Layout/SlurScoreParameters.cs","68","1000.0","public double HeadEncompassPenalty { get; init; } = 1000.0;","LILYPOND-REF: layout-slur.scm: head-encompass-penalty = 1000.0","Green"
"Svg/Layout/SlurScoreParameters.cs","74","30.0","public double StemEncompassPenalty { get; init; } = 30.0;","LILYPOND-REF: layout-slur.scm: stem-encompass-penalty = 30.0","Green"
"Svg/Layout/SlurScoreParameters.cs","82","4.0","public double EdgeAttractionFactor { get; init; } = 4.0;","LILYPOND-REF: layout-slur.scm: edge-attraction-factor = 4","Green"
"Svg/Layout/SlurScoreParameters.cs","88","1.7","public double EdgeSlopeExponent { get; init; } = 1.7;","LILYPOND-REF: layout-slur.scm: edge-slope-exponent = 1.7","Green"
"Svg/Layout/SlurScoreParameters.cs","94","2.5","public double CloseToEdgeLength { get; init; } = 2.5;","LILYPOND-REF: layout-slur.scm: close-to-edge-length = 2.5","Green"
"Svg/Layout/SlurScoreParameters.cs","102","20.0","public double SameSlopePenalty { get; init; } = 20.0;","LILYPOND-REF: layout-slur.scm: same-slope-penalty = 20","Green"
"Svg/Layout/SlurScoreParameters.cs","108","50.0","public double SteeperSlopeFactor { get; init; } = 50.0;","LILYPOND-REF: layout-slur.scm: steeper-slope-factor = 50","Green"
"Svg/Layout/SlurScoreParameters.cs","114","15.0","public double NonHorizontalPenalty { get; init; } = 15.0;","LILYPOND-REF: layout-slur.scm: non-horizontal-penalty = 15","Green"
"Svg/Layout/SlurScoreParameters.cs","120","1.1","public double MaxSlope { get; init; } = 1.1;","LILYPOND-REF: layout-slur.scm: max-slope = 1.1","Green"
"Svg/Layout/SlurScoreParameters.cs","126","10.0","public double MaxSlopeFactor { get; init; } = 10.0;","LILYPOND-REF: layout-slur.scm: max-slope-factor = 10","Green"
"Svg/Layout/SlurScoreParameters.cs","134","50.0","public double ExtraObjectCollisionPenalty { get; init; } = 50.0;","LILYPOND-REF: layout-slur.scm: extra-object-collision-penalty = 50","Green"
"Svg/Layout/SlurScoreParameters.cs","140","3.0","public double AccidentalCollision { get; init; } = 3.0;","LILYPOND-REF: layout-slur.scm: accidental-collision = 3","Green"
"Svg/Layout/SlurScoreParameters.cs","146","0.3","public double ExtraEncompassFreeDistance { get; init; } = 0.3;","LILYPOND-REF: layout-slur.scm: extra-encompass-free-distance = 0.3","Green"
"Svg/Layout/SlurScoreParameters.cs","162","0.8","public double FreeSlurDistance { get; init; } = 0.8;","LILYPOND-REF: layout-slur.scm: free-head-distance = 0.3","Green"
"Svg/Layout/SlurScoreParameters.cs","168","0.3","public double FreeHeadDistance { get; init; } = 0.3;","LILYPOND-REF: layout-slur.scm: free-head-distance = 0.3","Green"
"Svg/Layout/SlurScoreParameters.cs","174","3.0","public double HeadSlurDistanceMaxRatio { get; init; } = 3.0;","LILYPOND-REF: layout-slur.scm: head-slur-distance-max-ratio = 3","Green"
"Svg/Layout/SlurScoreParameters.cs","180","10.0","public double HeadSlurDistanceFactor { get; init; } = 10.0;","LILYPOND-REF: layout-slur.scm: head-slur-distance-factor = 10","Green"
"Svg/Layout/SlurScoreParameters.cs","186","0.3","public double AbsoluteClosenessMeasure { get; init; } = 0.3;","LILYPOND-REF: layout-slur.scm: absolute-closeness-measure = 0.3","Green"
"Svg/Layout/SlurScoreParameters.cs","194","0.2","public double GapToStafflineInside { get; init; } = 0.2;","LILYPOND-REF: layout-slur.scm: gap-to-staffline-inside = 0.2","Green"
"Svg/Layout/SlurScoreParameters.cs","200","0.1","public double GapToStafflineOutside { get; init; } = 0.1;","LILYPOND-REF: layout-slur.scm: gap-to-staffline-outside = 0.1","Green"
"Svg/Layout/SlurScoreParameters.cs","208","0.5","public double EncompassObjectRangeOvershoot { get; init; } = 0.5;","LILYPOND-REF: layout-slur.scm: encompass-object-range-overshoot = 0.5","Green"
"Svg/Layout/SlurScoreParameters.cs","214","0.2","public double SlurTieExtremaMinDistance { get; init; } = 0.2;","LILYPOND-REF: layout-slur.scm: slur-tie-extrema-min-distance = 0.2","Green"
"Svg/Layout/SlurScoreParameters.cs","220","2.0","public double SlurTieExtremaMinDistancePenalty { get; init; } = 2.0;","LILYPOND-REF: layout-slur.scm: slur-tie-extrema-min-distance-penalty = 2","Green"
"Svg/Layout/TieFormattingProblem.cs","514","0.5","if (BowHeight(att) < _details.IntraSpaceThreshold * 0.5)","(file-level) LILYPOND-REF: lily/include/tie-specification.hh:26-44 Tie_specification — a note head per","Yellow"
"Svg/Layout/TieFormattingProblem.cs","517","0.25","specIdx, curveYFromMiddle + dir * _details.IntraSpaceThreshold * 0.25);","(file-level) LILYPOND-REF: lily/include/tie-specification.hh:26-44 Tie_specification — a note head per","Yellow"
"Svg/Layout/TieFormattingProblem.cs","580","0.5","=> _specs[specIdx].Y + _specs[specIdx].Position * 0.5;","(file-level) LILYPOND-REF: lily/include/tie-specification.hh:26-44 Tie_specification — a note head per","Yellow"
"Svg/Layout/TieFormattingProblem.cs","609","0.5","=> c.Position * 0.5 + c.DeltaY - StaffMiddleY(c.SpecIndex);","(file-level) LILYPOND-REF: lily/include/tie-specification.hh:26-44 Tie_specification — a note head per","Yellow"
"Svg/Layout/TieFormattingProblem.cs","932","0.5","double y = pos * 0.5;   // sp from middle line, up+","(file-level) LILYPOND-REF: lily/include/tie-specification.hh:26-44 Tie_specification — a note head per","Yellow"
"Svg/Layout/TieFormattingProblem.cs","939","0.25","deltaY += dir * 0.25;","(file-level) LILYPOND-REF: lily/include/tie-specification.hh:26-44 Tie_specification — a note head per","Yellow"
"Svg/Layout/TieFormattingProblem.cs","951","0.25","&& Math.Max(Math.Abs(leftHeadEdge - y), Math.Abs(rightHeadEdge - y)) < 0.25","(file-level) LILYPOND-REF: lily/include/tie-specification.hh:26-44 Tie_specification — a note head per","Yellow"
"Svg/Layout/TieFormattingProblem.cs","973","0.5","if (height < _details.IntraSpaceThreshold * 0.5)","(file-level) LILYPOND-REF: lily/include/tie-specification.hh:26-44 Tie_specification — a note head per","Yellow"
"Svg/Layout/TieFormattingProblem.cs","987","2.0","deltaY = -dir * height / 2.0;","LILYPOND-REF: lily/tie-configuration.cc:36-45 center_tie_vertically.","Green"
"Svg/Layout/TieFormattingProblem.cs","993","0.5","double topPos = topY / 0.5;","(file-level) LILYPOND-REF: lily/include/tie-specification.hh:26-44 Tie_specification — a note head per","Yellow"
"Svg/Layout/TieFormattingProblem.cs","994","0.5","int roundPos = (int)Math.Floor(topPos + 0.5); // round_halfway_up","(file-level) LILYPOND-REF: lily/include/tie-specification.hh:26-44 Tie_specification — a note head per","Yellow"
"Svg/Layout/TieFormattingProblem.cs","1000","0.5","double newY = (roundPos + clearanceHs * dir) * 0.5;","(file-level) LILYPOND-REF: lily/include/tie-specification.hh:26-44 Tie_specification — a note head per","Yellow"
"Svg/Layout/TieFormattingProblem.cs","1080","0.25","const double centerDistanceTolerance = 0.25;","(file-level) LILYPOND-REF: lily/include/tie-specification.hh:26-44 Tie_specification — a note head per","Yellow"
"Svg/Layout/TieFormattingProblem.cs","1082","0.0","double lastCenter = 0.0;","(file-level) LILYPOND-REF: lily/include/tie-specification.hh:26-44 Tie_specification — a note head per","Yellow"
"Svg/Layout/TieFormattingProblem.cs","1177","0.0","double lastEdge = 0.0;","(file-level) LILYPOND-REF: lily/include/tie-specification.hh:26-44 Tie_specification — a note head per","Yellow"
"Svg/Layout/TieFormattingProblem.cs","1178","0.0","double lastCenter = 0.0;","(file-level) LILYPOND-REF: lily/include/tie-specification.hh:26-44 Tie_specification — a note head per","Yellow"
"Svg/Layout/TieFormattingProblem.cs","1193","0.1","0.1 * _details.TieTieCollisionDistance,","(file-level) LILYPOND-REF: lily/include/tie-specification.hh:26-44 Tie_specification — a note head per","Yellow"
"Svg/Layout/TieFormattingProblem.cs","1198","0.1","0.1 * _details.TieTieCollisionDistance,","(file-level) LILYPOND-REF: lily/include/tie-specification.hh:26-44 Tie_specification — a note head per","Yellow"
"Svg/Layout/TieFormattingProblem.cs","1219","0.5, 0.5","_specs[front.SpecIndex].Position * 0.5 - (front.Position * 0.5 + front.DeltaY));","(file-level) LILYPOND-REF: lily/include/tie-specification.hh:26-44 Tie_specification — a note head per","Yellow"
"Svg/Layout/TieFormattingProblem.cs","1221","0.5, 0.5","_specs[back.SpecIndex].Position * 0.5 - (back.Position * 0.5 + back.DeltaY));","(file-level) LILYPOND-REF: lily/include/tie-specification.hh:26-44 Tie_specification — a note head per","Yellow"
"Svg/Layout/TieFormattingProblem.cs","1253","0.33","0.33 * _details.MinLength, _details.MinLength, length);","LILYPOND-REF: tie-formatting-problem.cc:751-754","Green"
"Svg/Layout/TieFormattingProblem.cs","1259","0.5","double tipPos = config.Position + config.DeltaY / 0.5;","LILYPOND-REF: tie-formatting-problem.cc:754-792","Green"
"Svg/Layout/TieFormattingProblem.cs","1260","0.5","double topPos = tipPos + dir * config.Height / 0.5;","LILYPOND-REF: tie-formatting-problem.cc:754-792","Green"
"Svg/Layout/TieFormattingProblem.cs","1274","0.5, 2.0","&& topPos * 0.5 < 2.0)","(file-level) LILYPOND-REF: lily/include/tie-specification.hh:26-44 Tie_specification — a note head per","Yellow"
"Svg/Layout/TieFormattingProblem.cs","1278","0.1","* BezierBow.PeakAround(0.1 * clearanceHs, clearanceHs,","(file-level) LILYPOND-REF: lily/include/tie-specification.hh:26-44 Tie_specification — a note head per","Yellow"
"Svg/Layout/TieFormattingProblem.cs","1297","0.1","* BezierBow.PeakAround(0.1 * clearanceHs, clearanceHs,","LILYPOND-REF: tie-formatting-problem.cc:795-818","Green"
"Svg/Layout/TieFormattingProblem.cs","1345","0.5","double edge = config.Position * 0.5 + config.DeltaY;","(file-level) LILYPOND-REF: lily/include/tie-specification.hh:26-44 Tie_specification — a note head per","Yellow"
"Svg/Layout/TieFormattingProblem.cs","1358","0.1","* BezierBow.PeakAround(0.1 * _details.DotCollisionClearance,","(file-level) LILYPOND-REF: lily/include/tie-specification.hh:26-44 Tie_specification — a note head per","Yellow"
"Svg/Layout/TieFormattingProblem.cs","1359","0.5","_details.DotCollisionClearance, Math.Abs(dotPos * 0.5 - y));","(file-level) LILYPOND-REF: lily/include/tie-specification.hh:26-44 Tie_specification — a note head per","Yellow"
"Svg/Layout/TieFormattingProblem.cs","1377","0.5","double curveY = config.Position * 0.5 + config.DeltaY;","(file-level) LILYPOND-REF: lily/include/tie-specification.hh:26-44 Tie_specification — a note head per","Yellow"
"Svg/Layout/TieFormattingProblem.cs","1378","0.5","double tieY = spec.Position * 0.5;","LILYPOND-REF: tie-formatting-problem.cc:642-653 —","Green"
"Svg/Layout/TieFormattingProblem.cs","1391","0.5, 0.0","double relevantDist = Math.Max(Math.Abs(curveY - tieY) - 0.5, 0.0);","LILYPOND-REF: tie-formatting-problem.cc:655-663","Green"
"Svg/Layout/TieFormattingProblem.cs","1393","1.0, 0.9","* BezierBow.ConvexAmplifier(1.0, 0.9, relevantDist);","LILYPOND-REF: tie-formatting-problem.cc:655-663","Green"
"Svg/Layout/TieFormattingProblem.cs","1444","0.0","return 0.0;   // no head on this side (a broken piece, a tab digit)","(file-level) LILYPOND-REF: lily/include/tie-specification.hh:26-44 Tie_specification — a note head per","Yellow"
"Svg/Layout/TieFormattingProblem.cs","1447","0.0",": 0.0;","(file-level) LILYPOND-REF: lily/include/tie-specification.hh:26-44 Tie_specification — a note head per","Yellow"
"Svg/Layout/TieFormattingProblem.cs","1449","1.25, 1.0","* BezierBow.ConvexAmplifier(1.25, 1.0, distance);","(file-level) LILYPOND-REF: lily/include/tie-specification.hh:26-44 Tie_specification — a note head per","Yellow"
"Svg/Layout/TieDetails.cs","48","1.0","HeightLimit = 1.0,","LILYPOND-REF: lily/tie-formatting-problem.cc:386-396 from_semi_ties — details_.from_grob (semi_ties[0]).","Green"
"Svg/Layout/TieDetails.cs","49","0.333","Ratio = 0.333,","LILYPOND-REF: lily/tie-formatting-problem.cc:386-396 from_semi_ties — details_.from_grob (semi_ties[0]).","Green"
"Svg/Layout/TieDetails.cs","50","0.2","XGap = 0.2,","(file-level) LILYPOND-REF: lily/tie-details.cc:37-93 Tie_details::from_grob()","Yellow"
"Svg/Layout/TieDetails.cs","51","0.3","StemGap = 0.3,","(file-level) LILYPOND-REF: lily/tie-details.cc:37-93 Tie_details::from_grob()","Yellow"
"Svg/Layout/TieDetails.cs","52","1.0","MinLength = 1.0,","(file-level) LILYPOND-REF: lily/tie-details.cc:37-93 Tie_details::from_grob()","Yellow"
"Svg/Layout/TieDetails.cs","53","0.4","TipStaffLineClearance = 0.4 / 2,","(file-level) LILYPOND-REF: lily/tie-details.cc:37-93 Tie_details::from_grob()","Yellow"
"Svg/Layout/TieDetails.cs","54","0.4","CenterStaffLineClearance = 0.4 / 2,","(file-level) LILYPOND-REF: lily/tie-details.cc:37-93 Tie_details::from_grob()","Yellow"
"Svg/Layout/TieDetails.cs","55","5.0","StaffLineCollisionPenalty = 5.0,","(file-level) LILYPOND-REF: lily/tie-details.cc:37-93 Tie_details::from_grob()","Yellow"
"Svg/Layout/TieDetails.cs","56","0.25","DotCollisionClearance = 0.25,","(file-level) LILYPOND-REF: lily/tie-details.cc:37-93 Tie_details::from_grob()","Yellow"
"Svg/Layout/TieDetails.cs","57","0.25","DotCollisionPenalty = 0.25,","(file-level) LILYPOND-REF: lily/tie-details.cc:37-93 Tie_details::from_grob()","Yellow"
"Svg/Layout/TieDetails.cs","58","10.0","WrongDirectionOffsetPenalty = 10.0,","(file-level) LILYPOND-REF: lily/tie-details.cc:37-93 Tie_details::from_grob()","Yellow"
"Svg/Layout/TieDetails.cs","59","20.0","SameDirAsStemPenalty = 20.0,","(file-level) LILYPOND-REF: lily/tie-details.cc:37-93 Tie_details::from_grob()","Yellow"
"Svg/Layout/TieDetails.cs","61","1.0","MinLengthPenaltyFactor = 1.0,","(file-level) LILYPOND-REF: lily/tie-details.cc:37-93 Tie_details::from_grob()","Yellow"
"Svg/Layout/TieDetails.cs","62","0.05","SkylinePadding = 0.05,","(file-level) LILYPOND-REF: lily/tie-details.cc:37-93 Tie_details::from_grob()","Yellow"
"Svg/Layout/TieDetails.cs","63","30.0","TieTieCollisionPenalty = 30.0,","(file-level) LILYPOND-REF: lily/tie-details.cc:37-93 Tie_details::from_grob()","Yellow"
"Svg/Layout/TieDetails.cs","64","0.25","TieTieCollisionDistance = 0.25,","(file-level) LILYPOND-REF: lily/tie-details.cc:37-93 Tie_details::from_grob()","Yellow"
"Svg/Layout/TieDetails.cs","65","5.0","HorizontalDistancePenaltyFactor = 5.0,","(file-level) LILYPOND-REF: lily/tie-details.cc:37-93 Tie_details::from_grob()","Yellow"
"Svg/Layout/TieDetails.cs","66","5.0","VerticalDistancePenaltyFactor = 5.0,","(file-level) LILYPOND-REF: lily/tie-details.cc:37-93 Tie_details::from_grob()","Yellow"
"Svg/Layout/TieDetails.cs","67","1.0","IntraSpaceThreshold = 1.0,","(file-level) LILYPOND-REF: lily/tie-details.cc:37-93 Tie_details::from_grob()","Yellow"
"Svg/Layout/TieDetails.cs","70","100.0","TieColumnMonotonicityPenalty = 100.0,","(file-level) LILYPOND-REF: lily/tie-details.cc:37-93 Tie_details::from_grob()","Yellow"
"Svg/Layout/TieDetails.cs","71","0.15","OuterTieVerticalGap = 0.15,","(file-level) LILYPOND-REF: lily/tie-details.cc:37-93 Tie_details::from_grob()","Yellow"
"Svg/Layout/TieDetails.cs","72","3.0","OuterTieLengthSymmetryPenaltyFactor = 3.0,","(file-level) LILYPOND-REF: lily/tie-details.cc:37-93 Tie_details::from_grob()","Yellow"
"Svg/Layout/TieDetails.cs","73","3.0","OuterTieVerticalDistanceSymmetryPenaltyFactor = 3.0,","(file-level) LILYPOND-REF: lily/tie-details.cc:37-93 Tie_details::from_grob()","Yellow"
"Svg/Layout/TieDetails.cs","82","1.0","public double HeightLimit { get; init; } = 1.0;","LILYPOND-REF: define-grobs.scm: height-limit = 1.0","Green"
"Svg/Layout/TieDetails.cs","88","0.333","public double Ratio { get; init; } = 0.333;","LILYPOND-REF: define-grobs.scm: ratio = 0.333","Green"
"Svg/Layout/TieDetails.cs","94","0.2","public double XGap { get; init; } = 0.2;","LILYPOND-REF: define-grobs.scm: note-head-gap = 0.2","Green"
"Svg/Layout/TieDetails.cs","100","0.35","public double StemGap { get; init; } = 0.35;","LILYPOND-REF: define-grobs.scm: stem-gap = 0.35","Green"
"Svg/Layout/TieDetails.cs","106","1.0","public double MinLength { get; init; } = 1.0;","LILYPOND-REF: tie-details.cc: min-length default = 1.0","Green"
"Svg/Layout/TieDetails.cs","119","0.225","public double TipStaffLineClearance { get; init; } = 0.225;","LILYPOND-REF: define-grobs.scm: tip-staff-line-clearance = 0.45 (half-spaces)","Green"
"Svg/Layout/TieDetails.cs","126","0.3","public double CenterStaffLineClearance { get; init; } = 0.3;","LILYPOND-REF: define-grobs.scm: center-staff-line-clearance = 0.6 (half-spaces)","Green"
"Svg/Layout/TieDetails.cs","132","5.0","public double StaffLineCollisionPenalty { get; init; } = 5.0;","LILYPOND-REF: tie-details.cc: staff-line-collision-penalty default = 5","Green"
"Svg/Layout/TieDetails.cs","140","0.25","public double DotCollisionClearance { get; init; } = 0.25;","LILYPOND-REF: tie-details.cc: dot-collision-clearance default = 0.25","Green"
"Svg/Layout/TieDetails.cs","146","0.25","public double DotCollisionPenalty { get; init; } = 0.25;","LILYPOND-REF: tie-details.cc: dot-collision-penalty default = 0.25","Green"
"Svg/Layout/TieDetails.cs","154","10.0","public double WrongDirectionOffsetPenalty { get; init; } = 10.0;","LILYPOND-REF: tie-details.cc: wrong-direction-offset-penalty default = 10","Green"
"Svg/Layout/TieDetails.cs","160","8.0","public double SameDirAsStemPenalty { get; init; } = 8.0;","LILYPOND-REF: define-grobs.scm: same-dir-as-stem-penalty = 8","Green"
"Svg/Layout/TieDetails.cs","181","26.0","public double MinLengthPenaltyFactor { get; init; } = 26.0;","LILYPOND-REF: define-grobs.scm: min-length-penalty-factor = 26","Green"
"Svg/Layout/TieDetails.cs","189","0.05","public double SkylinePadding { get; init; } = 0.05;","LILYPOND-REF: tie-details.cc: skyline-padding default = 0.05","Green"
"Svg/Layout/TieDetails.cs","197","25.0","public double TieTieCollisionPenalty { get; init; } = 25.0;","LILYPOND-REF: define-grobs.scm: tie-tie-collision-penalty = 25.0","Green"
"Svg/Layout/TieDetails.cs","203","0.45","public double TieTieCollisionDistance { get; init; } = 0.45;","LILYPOND-REF: define-grobs.scm: tie-tie-collision-distance = 0.45","Green"
"Svg/Layout/TieDetails.cs","211","10.0","public double HorizontalDistancePenaltyFactor { get; init; } = 10.0;","LILYPOND-REF: define-grobs.scm: horizontal-distance-penalty-factor = 10","Green"
"Svg/Layout/TieDetails.cs","217","7.0","public double VerticalDistancePenaltyFactor { get; init; } = 7.0;","LILYPOND-REF: define-grobs.scm: vertical-distance-penalty-factor = 7","Green"
"Svg/Layout/TieDetails.cs","225","1.25","public double IntraSpaceThreshold { get; init; } = 1.25;","LILYPOND-REF: define-grobs.scm: intra-space-threshold = 1.25","Green"
"Svg/Layout/TieDetails.cs","247","100.0","public double TieColumnMonotonicityPenalty { get; init; } = 100.0;","LILYPOND-REF: tie-details.cc: tie-column-monotonicity-penalty default = 100","Green"
"Svg/Layout/TieDetails.cs","253","0.25","public double OuterTieVerticalGap { get; init; } = 0.25;","LILYPOND-REF: define-grobs.scm: outer-tie-vertical-gap = 0.25","Green"
"Svg/Layout/TieDetails.cs","266","10.0","public double OuterTieLengthSymmetryPenaltyFactor { get; init; } = 10.0;","LILYPOND-REF: scm/define-grobs.scm:3882 outer-tie-vertical-distance-symmetry-penalty-factor","Green"
"Svg/Layout/TieDetails.cs","273","10.0","public double OuterTieVerticalDistanceSymmetryPenaltyFactor { get; init; } = 10.0;","LILYPOND-REF: scm/define-grobs.scm:3882 outer-tie-vertical-distance-symmetry-penalty-factor","Green"
"Svg/Layout/BreakAlignSpacing.cs","156","0.0","BreakAlignSymbol.LeftEdge => new SpacingEntry(SpacingStyle.ExtraSpace, 0.0),","(file-level) LILYPOND-REF: scm/define-grobs.scm break-align-orders","Yellow"
"Svg/Layout/BreakAlignSpacing.cs","158","1.0","_ => new SpacingEntry(SpacingStyle.ExtraSpace, 1.0)","(file-level) LILYPOND-REF: scm/define-grobs.scm break-align-orders","Yellow"
"Svg/Layout/BreakAlignSpacing.cs","179","0.82","new SpacingEntry(SpacingStyle.ExtraSpace, 0.82),","(file-level) LILYPOND-REF: scm/define-grobs.scm break-align-orders","Yellow"
"Svg/Layout/BreakAlignSpacing.cs","182","0.82","new SpacingEntry(SpacingStyle.ExtraSpace, 0.82),","(file-level) LILYPOND-REF: scm/define-grobs.scm break-align-orders","Yellow"
"Svg/Layout/BreakAlignSpacing.cs","185","1.52","new SpacingEntry(SpacingStyle.ExtraSpace, 1.52),","(file-level) LILYPOND-REF: scm/define-grobs.scm break-align-orders","Yellow"
"Svg/Layout/BreakAlignSpacing.cs","188","5.0","new SpacingEntry(SpacingStyle.MinimumFixedSpace, 5.0),","(file-level) LILYPOND-REF: scm/define-grobs.scm break-align-orders","Yellow"
"Svg/Layout/BreakAlignSpacing.cs","191","0.5","new SpacingEntry(SpacingStyle.ExtraSpace, 0.5),","(file-level) LILYPOND-REF: scm/define-grobs.scm break-align-orders","Yellow"
"Svg/Layout/BreakAlignSpacing.cs","194","0.7","new SpacingEntry(SpacingStyle.ExtraSpace, 0.7),","(file-level) LILYPOND-REF: scm/define-grobs.scm break-align-orders","Yellow"
"Svg/Layout/BreakAlignSpacing.cs","195","1.0","_ => new SpacingEntry(SpacingStyle.ExtraSpace, 1.0)","(file-level) LILYPOND-REF: scm/define-grobs.scm break-align-orders","Yellow"
"Svg/Layout/BreakAlignSpacing.cs","208","0.5","new SpacingEntry(SpacingStyle.ExtraSpace, 0.5),","(file-level) LILYPOND-REF: scm/define-grobs.scm break-align-orders","Yellow"
"Svg/Layout/BreakAlignSpacing.cs","211","1.25","new SpacingEntry(SpacingStyle.ExtraSpace, 1.25),","(file-level) LILYPOND-REF: scm/define-grobs.scm break-align-orders","Yellow"
"Svg/Layout/BreakAlignSpacing.cs","214","2.5","new SpacingEntry(SpacingStyle.ShrinkSpace, 2.5),","(file-level) LILYPOND-REF: scm/define-grobs.scm break-align-orders","Yellow"
"Svg/Layout/BreakAlignSpacing.cs","217","0.6","new SpacingEntry(SpacingStyle.ExtraSpace, 0.6),","(file-level) LILYPOND-REF: scm/define-grobs.scm break-align-orders","Yellow"
"Svg/Layout/BreakAlignSpacing.cs","220","0.5","new SpacingEntry(SpacingStyle.ExtraSpace, 0.5),","(file-level) LILYPOND-REF: scm/define-grobs.scm break-align-orders","Yellow"
"Svg/Layout/BreakAlignSpacing.cs","221","0.5","_ => new SpacingEntry(SpacingStyle.ExtraSpace, 0.5)","(file-level) LILYPOND-REF: scm/define-grobs.scm break-align-orders","Yellow"
"Svg/Layout/BreakAlignSpacing.cs","234","1.15","new SpacingEntry(SpacingStyle.ExtraSpace, 1.15),","(file-level) LILYPOND-REF: scm/define-grobs.scm break-align-orders","Yellow"
"Svg/Layout/BreakAlignSpacing.cs","237","2.5","new SpacingEntry(SpacingStyle.ShrinkSpace, 2.5),","(file-level) LILYPOND-REF: scm/define-grobs.scm break-align-orders","Yellow"
"Svg/Layout/BreakAlignSpacing.cs","240","1.1","new SpacingEntry(SpacingStyle.ExtraSpace, 1.1),","(file-level) LILYPOND-REF: scm/define-grobs.scm break-align-orders","Yellow"
"Svg/Layout/BreakAlignSpacing.cs","243","0.5","new SpacingEntry(SpacingStyle.ExtraSpace, 0.5),","(file-level) LILYPOND-REF: scm/define-grobs.scm break-align-orders","Yellow"
"Svg/Layout/BreakAlignSpacing.cs","244","1.0","_ => new SpacingEntry(SpacingStyle.ExtraSpace, 1.0)","(file-level) LILYPOND-REF: scm/define-grobs.scm break-align-orders","Yellow"
"Svg/Layout/BreakAlignSpacing.cs","257","2.0","new SpacingEntry(SpacingStyle.SemiShrinkSpace, 2.0),","(file-level) LILYPOND-REF: scm/define-grobs.scm break-align-orders","Yellow"
"Svg/Layout/BreakAlignSpacing.cs","260","0.5","new SpacingEntry(SpacingStyle.ExtraSpace, 0.5),","(file-level) LILYPOND-REF: scm/define-grobs.scm break-align-orders","Yellow"
"Svg/Layout/BreakAlignSpacing.cs","263","1.0","new SpacingEntry(SpacingStyle.ExtraSpace, 1.0),","(file-level) LILYPOND-REF: scm/define-grobs.scm break-align-orders","Yellow"
"Svg/Layout/BreakAlignSpacing.cs","264","1.0","_ => new SpacingEntry(SpacingStyle.ExtraSpace, 1.0)","(file-level) LILYPOND-REF: scm/define-grobs.scm break-align-orders","Yellow"
"Svg/Layout/BreakAlignSpacing.cs","285","0.75","new SpacingEntry(SpacingStyle.ExtraSpace, 0.75),","(file-level) LILYPOND-REF: scm/define-grobs.scm break-align-orders","Yellow"
"Svg/Layout/BreakAlignSpacing.cs","288","1.0","new SpacingEntry(SpacingStyle.ExtraSpace, 1.0),","(file-level) LILYPOND-REF: scm/define-grobs.scm break-align-orders","Yellow"
"Svg/Layout/BreakAlignSpacing.cs","291","1.0","new SpacingEntry(SpacingStyle.ExtraSpace, 1.0),","(file-level) LILYPOND-REF: scm/define-grobs.scm break-align-orders","Yellow"
"Svg/Layout/BreakAlignSpacing.cs","294","1.0","new SpacingEntry(SpacingStyle.ExtraSpace, 1.0),","(file-level) LILYPOND-REF: scm/define-grobs.scm break-align-orders","Yellow"
"Svg/Layout/BreakAlignSpacing.cs","297","1.0","new SpacingEntry(SpacingStyle.ExtraSpace, 1.0),","(file-level) LILYPOND-REF: scm/define-grobs.scm break-align-orders","Yellow"
"Svg/Layout/BreakAlignSpacing.cs","300","1.3","new SpacingEntry(SpacingStyle.SemiShrinkSpace, 1.3),","(file-level) LILYPOND-REF: scm/define-grobs.scm break-align-orders","Yellow"
"Svg/Layout/BreakAlignSpacing.cs","303","0.0","new SpacingEntry(SpacingStyle.ExtraSpace, 0.0),","(file-level) LILYPOND-REF: scm/define-grobs.scm break-align-orders","Yellow"
"Svg/Layout/BreakAlignSpacing.cs","304","1.0","_ => new SpacingEntry(SpacingStyle.ExtraSpace, 1.0)","(file-level) LILYPOND-REF: scm/define-grobs.scm break-align-orders","Yellow"
"Svg/Layout/BreakAlignSpacing.cs","364","0.0, 0.0","double prevLeft = 0.0, prevWidth = 0.0;","(file-level) LILYPOND-REF: scm/define-grobs.scm break-align-orders","Yellow"
"Svg/Layout/BreakAlignSpacing.cs","367","0.0","if (width <= 0.0)","(file-level) LILYPOND-REF: scm/define-grobs.scm break-align-orders","Yellow"
"Svg/Layout/BreakAlignSpacing.cs","466","0.0, 0.0","double BarX = 0.0, double BarWidth = 0.0)","(file-level) LILYPOND-REF: scm/define-grobs.scm break-align-orders","Yellow"
"Svg/Layout/BreakAlignSpacing.cs","469","0.0","public bool HasBar => BarWidth > 0.0;","(file-level) LILYPOND-REF: scm/define-grobs.scm break-align-orders","Yellow"
"Svg/Layout/BreakAlignSpacing.cs","477","0.0","public double BarGap => HasBar ? BarX - Right : 0.0;","(file-level) LILYPOND-REF: scm/define-grobs.scm break-align-orders","Yellow"
"Svg/Layout/BreakAlignSpacing.cs","513","0.0","double staffBarWidth = 0.0)","(file-level) LILYPOND-REF: scm/define-grobs.scm break-align-orders","Yellow"
"Svg/Layout/BreakAlignSpacing.cs","515","0.0","bool hasKey = keyInkWidth > 0.0;","LILYPOND-REF LeftEdge.space-alist (clef . (extra-space .","Green"
"Svg/Layout/BreakAlignSpacing.cs","535","0.0","bool prefatory = clefWidth > 0.0 || hasKey || includeTimeSignature;","LILYPOND-REF: scm/define-grobs.scm:668-683 break-align-orders, begin of line","Green"
"Svg/Layout/BreakAlignSpacing.cs","536","0.0","if (staffBarWidth > 0.0)","LILYPOND-REF: scm/define-grobs.scm:668-683 break-align-orders, begin of line","Green"
"Svg/Layout/BreakAlignSpacing.cs","544","0.0","SolveColumns(items, prefatory ? EngravingDefaults.ClefGlyphXOffset : 0.0, placed);","LILYPOND-REF: scm/define-grobs.scm:2080-2104 LeftEdge, break-align-symbol left-edge,","Green"
"Svg/Layout/BreakAlignSpacing.cs","548","0.0, 0.0, 0.0, 0.0, 0.0","double clefX = 0.0, keyX = 0.0, timeX = 0.0, barX = 0.0, barWidth = 0.0;","(file-level) LILYPOND-REF: scm/define-grobs.scm break-align-orders","Yellow"
"Svg/Layout/BreakAlignSpacing.cs","561","0.0","double right = 0.0;","LILYPOND-REF LeftEdge.space-alist (clef . (extra-space . 0.8))); with no clef","Green"
"Svg/Layout/BreakAlignSpacing.cs","637","1.0","double ideal = fixed_ + 1.0;","(file-level) LILYPOND-REF: scm/define-grobs.scm break-align-orders","Yellow"
"Svg/Layout/ElementCoordinator.cs","178","0.001","if (Math.Abs(effectiveOffset) <= 0.001)","(file-level) LILYPOND-REF: lily/beam.cc, lily/tie.cc, lily/slur.cc","Yellow"
"Svg/Layout/ElementCoordinator.cs","734","0.5","double lineY = g.line * 0.5;","(file-level) LILYPOND-REF: lily/beam.cc, lily/tie.cc, lily/slur.cc","Yellow"
"Svg/Layout/ElementCoordinator.cs","750","0.5","double gx = x + dx, gy = pos * 0.5;","(file-level) LILYPOND-REF: lily/beam.cc, lily/tie.cc, lily/slur.cc","Yellow"
"Svg/Layout/ElementCoordinator.cs","888","0.5","double chordStartY = chordStartPosition * 0.5;","(file-level) LILYPOND-REF: lily/beam.cc, lily/tie.cc, lily/slur.cc","Yellow"
"Svg/Layout/ElementCoordinator.cs","894","1.0","beamed ? stemCollisionFactor : 1.0));","(file-level) LILYPOND-REF: lily/beam.cc, lily/tie.cc, lily/slur.cc","Yellow"
"Svg/Layout/ElementCoordinator.cs","903","0.5","double centreSs = staffPosition * 0.5;","(file-level) LILYPOND-REF: lily/beam.cc, lily/tie.cc, lily/slur.cc","Yellow"
"Svg/Layout/ElementCoordinator.cs","1003","1.0","ref collisions, singleLayout, itemX, note.IsCue ? CueAccidentalScale : 1.0,","(file-level) LILYPOND-REF: lily/beam.cc, lily/tie.cc, lily/slur.cc","Yellow"
"Svg/Layout/ElementCoordinator.cs","1012","1.0","AddAccidentalCollision(ref collisions, al, itemX, 1.0,","LILYPOND-REF: lily/accidental-placement.cc position_apes.","Green"
"Svg/Layout/ElementCoordinator.cs","1097","0.5","double headSs = layout.StaffPosition * 0.5;","(file-level) LILYPOND-REF: lily/beam.cc, lily/tie.cc, lily/slur.cc","Yellow"
"Svg/Layout/ElementCoordinator.cs","1193","4.0, 4.0","var staffSpan = (Low: -4.0, High: 4.0);","LILYPOND-REF: beam.cc:2860 StaffSymbol has 5 lines -> positions [-4, 4].","Green"
"Svg/Layout/ElementCoordinator.cs","1272","2.0, 0.0","double restOrigin = (rest.NoteValue == 1 ? 2.0 : 0.0) + prior;","LILYPOND-REF: beam.cc:1393-1399 shift = d*min(d*(beam_y - d*min - rest_dim), 0),","Green"
"Svg/Layout/ElementCoordinator.cs","1281","0.0","double shift = d * Math.Min(d * (beamY - d * minimumDistance - restDim), 0.0);","LILYPOND-REF: beam.cc:1393-1399 shift = d*min(d*(beam_y - d*min - rest_dim), 0),","Green"
"Svg/Layout/ElementCoordinator.cs","1282","0.0","if (shift == 0.0)","LILYPOND-REF: beam.cc:1393-1399 shift = d*min(d*(beam_y - d*min - rest_dim), 0),","Green"
"Svg/Layout/ElementCoordinator.cs","1297","2.0, 2.0","shift = Math.Ceiling(Math.Abs(shift) / 2.0) * 2.0 * Math.Sign(shift);","LILYPOND-REF: beam.cc:1414 return offset + staff_space * shift — the","Green"
"Svg/Layout/ElementCoordinator.cs","1479","2.0","double restLow = basePos + box.Bottom * 2.0;","(file-level) LILYPOND-REF: lily/beam.cc, lily/tie.cc, lily/slur.cc","Yellow"
"Svg/Layout/ElementCoordinator.cs","1480","2.0","double restHigh = basePos + box.Top * 2.0;","(file-level) LILYPOND-REF: lily/beam.cc, lily/tie.cc, lily/slur.cc","Yellow"
"Svg/Layout/ElementCoordinator.cs","1500","2.0","double half = EngravingDefaults.NoteheadHalfHeight * 2.0;","(file-level) LILYPOND-REF: lily/beam.cc, lily/tie.cc, lily/slur.cc","Yellow"
"Svg/Layout/ElementCoordinator.cs","1517","0.0","double discrete = 0.0;","(file-level) LILYPOND-REF: lily/beam.cc, lily/tie.cc, lily/slur.cc","Yellow"
"Svg/Layout/ElementCoordinator.cs","1520","2.0","double minimumDist = RestCollisionMinimumDistance * 2.0;  // ss → positions","(file-level) LILYPOND-REF: lily/beam.cc, lily/tie.cc, lily/slur.cc","Yellow"
"Svg/Layout/ElementCoordinator.cs","1523","0.0","double y = dir * Math.Max(0.0, -dir * restNear + dir * noteFar + minimumDist);","(file-level) LILYPOND-REF: lily/beam.cc, lily/tie.cc, lily/slur.cc","Yellow"
"Svg/Layout/ElementCoordinator.cs","1530","5.0, 5.0","if (basePos + discrete >= -5.0 && basePos + discrete <= 5.0)","(file-level) LILYPOND-REF: lily/beam.cc, lily/tie.cc, lily/slur.cc","Yellow"
"Svg/Layout/ElementCoordinator.cs","1531","2.0, 2.0","discrete = dir * Math.Ceiling(dir * discrete / 2.0) * 2.0;","(file-level) LILYPOND-REF: lily/beam.cc, lily/tie.cc, lily/slur.cc","Yellow"
"Svg/Layout/ElementCoordinator.cs","1535","0.0","if (shift == 0.0)","(file-level) LILYPOND-REF: lily/beam.cc, lily/tie.cc, lily/slur.cc","Yellow"
"Svg/Layout/ElementCoordinator.cs","1579","0.0","if (GraceRestShift(measures, m, i, staff.Lines) is { } shift && shift != 0.0)","(file-level) LILYPOND-REF: lily/beam.cc, lily/tie.cc, lily/slur.cc","Yellow"
"Svg/Layout/ElementCoordinator.cs","1619","2.0, 2.0","double restNear = dir > 0 ? basePos + box.Bottom * 2.0 : basePos + box.Top * 2.0;","(file-level) LILYPOND-REF: lily/beam.cc, lily/tie.cc, lily/slur.cc","Yellow"
"Svg/Layout/ElementCoordinator.cs","1620","2.0","double half = EngravingDefaults.NoteheadHalfHeight * 2.0;","(file-level) LILYPOND-REF: lily/beam.cc, lily/tie.cc, lily/slur.cc","Yellow"
"Svg/Layout/ElementCoordinator.cs","1624","0.0","double y = dir * Math.Max(0.0,","(file-level) LILYPOND-REF: lily/beam.cc, lily/tie.cc, lily/slur.cc","Yellow"
"Svg/Layout/ElementCoordinator.cs","1625","2.0","-dir * restNear + dir * noteFar + RestCollisionMinimumDistance * 2.0);","(file-level) LILYPOND-REF: lily/beam.cc, lily/tie.cc, lily/slur.cc","Yellow"
"Svg/Layout/ElementCoordinator.cs","1627","5.0, 5.0","if (basePos + discrete >= -5.0 && basePos + discrete <= 5.0)","(file-level) LILYPOND-REF: lily/beam.cc, lily/tie.cc, lily/slur.cc","Yellow"
"Svg/Layout/ElementCoordinator.cs","1628","2.0, 2.0","discrete = dir * Math.Ceiling(dir * discrete / 2.0) * 2.0;","LILYPOND-REF: scm/define-grobs.scm:2981-2984 RestCollision","Green"
"Svg/Layout/ElementCoordinator.cs","1635","0.75","private const double RestCollisionMinimumDistance = 0.75;","LILYPOND-REF: scm/define-grobs.scm:2981-2984 RestCollision","Green"
"Svg/Layout/ElementCoordinator.cs","1653","2.0","? (restValue == 1 ? written + 2.0 : written)","LILYPOND-REF: lily/rest.cc:53-74 staff_position_internal — position_override.","Green"
"Svg/Layout/ElementCoordinator.cs","1688","0.0","return 0.0;","(file-level) LILYPOND-REF: lily/beam.cc, lily/tie.cc, lily/slur.cc","Yellow"
"Svg/Layout/ElementCoordinator.cs","1691","2.0","return lines[0] - 2.0;","(file-level) LILYPOND-REF: lily/beam.cc, lily/tie.cc, lily/slur.cc","Yellow"
"Svg/Layout/ElementCoordinator.cs","1692","0.0","return AlignRestToLine(lines, 0.0, restValue);","(file-level) LILYPOND-REF: lily/beam.cc, lily/tie.cc, lily/slur.cc","Yellow"
"Svg/Layout/ElementCoordinator.cs","1737","4.0","const double VoicedPosition = 4.0;","(file-level) LILYPOND-REF: lily/beam.cc, lily/tie.cc, lily/slur.cc","Yellow"
"Svg/Layout/ElementCoordinator.cs","1952","10.0","const double mid = 10.0;                      // arbitrary device middle","(file-level) LILYPOND-REF: lily/beam.cc, lily/tie.cc, lily/slur.cc","Yellow"
"Svg/Layout/ElementCoordinator.cs","1953","2.0","double deviceNoteY = mid - root / 2.0;","(file-level) LILYPOND-REF: lily/beam.cc, lily/tie.cc, lily/slur.cc","Yellow"
"Svg/Layout/ElementCoordinator.cs","1957","2.0","return (mid - deviceTipY) * 2.0;","(file-level) LILYPOND-REF: lily/beam.cc, lily/tie.cc, lily/slur.cc","Yellow"
"Svg/Layout/ElementCoordinator.cs","2098","0.5, 0.5","positions[i] * 0.5 + headBBox.Bottom, positions[i] * 0.5 + headBBox.Top,","(file-level) LILYPOND-REF: lily/beam.cc, lily/tie.cc, lily/slur.cc","Yellow"
"Svg/Layout/ElementCoordinator.cs","2137","0.5","TipY: stemInfo is { } si ? (stemUp ? si.StemMax : si.StemMin) * 0.5 : 0,","(file-level) LILYPOND-REF: lily/beam.cc, lily/tie.cc, lily/slur.cc","Yellow"
"Svg/Layout/ElementCoordinator.cs","2139","2.0","SupportHeadCentreX: supportLeft + (headLeftInk + headRightInk) / 2.0);","(file-level) LILYPOND-REF: lily/beam.cc, lily/tie.cc, lily/slur.cc","Yellow"
"Svg/Layout/ElementCoordinator.cs","2154","0.5","double dotY = p * 0.5;","(file-level) LILYPOND-REF: lily/beam.cc, lily/tie.cc, lily/slur.cc","Yellow"
"Svg/Layout/ElementCoordinator.cs","2179","0.5","double tipY = (stemUp ? stemInfo.Value.StemMax : stemInfo.Value.StemMin) * 0.5;","(file-level) LILYPOND-REF: lily/beam.cc, lily/tie.cc, lily/slur.cc","Yellow"
"Svg/Layout/ElementCoordinator.cs","2219","0.5","double accY = layout.StaffPosition * 0.5;","(file-level) LILYPOND-REF: lily/beam.cc, lily/tie.cc, lily/slur.cc","Yellow"
"Svg/Layout/ElementCoordinator.cs","2833","0.36, 0.1, 0.54, 2.6","double clearance = 0.36 * TabConstants.FretEm(fonts, geom.StringCount) + 0.1; // ~0.54 sp at font 2.6","(file-level) LILYPOND-REF: lily/beam.cc, lily/tie.cc, lily/slur.cc","Yellow"
"Svg/Layout/ElementCoordinator.cs","2864","2.0","y = staffMiddleDown - tie.StaffPosition / 2.0;","(file-level) LILYPOND-REF: lily/beam.cc, lily/tie.cc, lily/slur.cc","Yellow"
"Svg/Layout/ElementCoordinator.cs","3027","0.5, 0.5","double y = tip + (slur.CurveUp ? -0.5 : 0.5);","(file-level) LILYPOND-REF: lily/beam.cc, lily/tie.cc, lily/slur.cc","Yellow"
"Svg/Layout/ElementCoordinator.cs","3202","2.0","double halfStem = EngravingDefaults.StemThickness / 2.0;","(file-level) LILYPOND-REF: lily/beam.cc, lily/tie.cc, lily/slur.cc","Yellow"
"Svg/Layout/ElementCoordinator.cs","3205","2.0","stemBeginY = staffMiddleDown - col.HeadPositionToward(!stemUp) / 2.0;","(file-level) LILYPOND-REF: lily/beam.cc, lily/tie.cc, lily/slur.cc","Yellow"
"Svg/Layout/ElementCoordinator.cs","3214","2.0","GrobFontSize.GraceStemDetails) / 2.0;","(file-level) LILYPOND-REF: lily/beam.cc, lily/tie.cc, lily/slur.cc","Yellow"
"Svg/Layout/ElementCoordinator.cs","3267","2.0","return BowHeadBox(items[itemIndex], GlyphMetrics.NoteValueOf(dur)).Width / 2.0;","LILYPOND-REF: slur-scoring.cc:594-598 —","Green"
"Svg/Layout/ElementCoordinator.cs","3294","0.5, 0.5","double x = curveUp ? 0.5 : -0.5;","(file-level) LILYPOND-REF: lily/beam.cc, lily/tie.cc, lily/slur.cc","Yellow"
"Svg/Layout/ElementCoordinator.cs","3295","2.0","double upOffset = ((1 - x) * box.Bottom + (1 + x) * box.Top) / 2.0;","(file-level) LILYPOND-REF: lily/beam.cc, lily/tie.cc, lily/slur.cc","Yellow"
"Svg/Layout/ElementCoordinator.cs","3296","2.0","return staffMiddleDown - staffPosition / 2.0 - upOffset;","(file-level) LILYPOND-REF: lily/beam.cc, lily/tie.cc, lily/slur.cc","Yellow"
"Svg/Layout/ElementCoordinator.cs","3394","0.001","const double eps = 0.001;","(file-level) LILYPOND-REF: lily/beam.cc, lily/tie.cc, lily/slur.cc","Yellow"
"Svg/Layout/ElementCoordinator.cs","3447","1.0, 0.0","double originDown = staffMiddleDown - (restValue == 1 ? 1.0 : 0.0);","(file-level) LILYPOND-REF: lily/beam.cc, lily/tie.cc, lily/slur.cc","Yellow"
"Svg/Layout/ElementCoordinator.cs","3491","2.0","double topY = (staffMiddleDown - topPos.Value / 2.0) - headBox.Top;","LILYPOND-REF: slur-scoring.cc:146-158.","Green"
"Svg/Layout/ElementCoordinator.cs","3492","2.0","double bottomY = (staffMiddleDown - bottomPos.Value / 2.0) - headBox.Bottom;","LILYPOND-REF: slur-scoring.cc:146-158.","Green"
"Svg/Layout/ElementCoordinator.cs","3507","0.5, 0.5","stemY = beamTip + (col.StemUp ? -0.5 : 0.5)","(file-level) LILYPOND-REF: lily/beam.cc, lily/tie.cc, lily/slur.cc","Yellow"
"Svg/Layout/ElementCoordinator.cs","3660","0.0","+ (column < geom.Offsets.Length ? geom.Offsets[column] : 0.0);","(file-level) LILYPOND-REF: lily/beam.cc, lily/tie.cc, lily/slur.cc","Yellow"
"Svg/Layout/ElementCoordinator.cs","3696","0.001, 0.0","double t = xR - xL > 0.001 ? (stemX - xL) / (xR - xL) : 0.0;","(file-level) LILYPOND-REF: lily/beam.cc, lily/tie.cc, lily/slur.cc","Yellow"
"Svg/Layout/ElementCoordinator.cs","3697","2.0","double centerUp = (bl + (br - bl) * t) / 2.0;","(file-level) LILYPOND-REF: lily/beam.cc, lily/tie.cc, lily/slur.cc","Yellow"
"Svg/Layout/ElementCoordinator.cs","3698","2.0","return staffMiddleDown - (centerUp + (up ? 1 : -1) * EngravingDefaults.GraceBeamThickness / 2.0);","(file-level) LILYPOND-REF: lily/beam.cc, lily/tie.cc, lily/slur.cc","Yellow"
"Svg/Layout/ElementCoordinator.cs","3730","0.001","const double eps = 0.001;","(file-level) LILYPOND-REF: lily/beam.cc, lily/tie.cc, lily/slur.cc","Yellow"
"Svg/Layout/ElementCoordinator.cs","3767","0.0","groupX + (k < geom.Offsets.Length ? geom.Offsets[k] : 0.0),","(file-level) LILYPOND-REF: lily/beam.cc, lily/tie.cc, lily/slur.cc","Yellow"
"Svg/Layout/ElementCoordinator.cs","3776","0.0","double hx = groupX + (k < geom.Offsets.Length ? geom.Offsets[k] : 0.0);","(file-level) LILYPOND-REF: lily/beam.cc, lily/tie.cc, lily/slur.cc","Yellow"
"Svg/Layout/ElementCoordinator.cs","3796","0.0","double lift = GraceRestShift(voice.Measures, mi, restItem, 5) ?? 0.0;","(file-level) LILYPOND-REF: lily/beam.cc, lily/tie.cc, lily/slur.cc","Yellow"
"Svg/Layout/ElementCoordinator.cs","3797","1.0, 0.0, 2.0","double originDown = staffMiddleDown - (restValue == 1 ? 1.0 : 0.0) - lift / 2.0;","(file-level) LILYPOND-REF: lily/beam.cc, lily/tie.cc, lily/slur.cc","Yellow"
"Svg/Layout/ElementCoordinator.cs","3807","2.0","double headCenterY = staffMiddleDown - headPos / 2.0;","(file-level) LILYPOND-REF: lily/beam.cc, lily/tie.cc, lily/slur.cc","Yellow"
"Svg/Layout/ElementCoordinator.cs","3813","2.0","double obstacleX = hx + font.NoteheadBlackAdvance / 2.0;","(file-level) LILYPOND-REF: lily/beam.cc, lily/tie.cc, lily/slur.cc","Yellow"
"Svg/Layout/ElementCoordinator.cs","3824","0.001, 0.0","double t = xR - xL > 0.001 ? (stemX - xL) / (xR - xL) : 0.0;","(file-level) LILYPOND-REF: lily/beam.cc, lily/tie.cc, lily/slur.cc","Yellow"
"Svg/Layout/ElementCoordinator.cs","3825","2.0","double centerUp = (bl + (br - bl) * t) / 2.0;","(file-level) LILYPOND-REF: lily/beam.cc, lily/tie.cc, lily/slur.cc","Yellow"
"Svg/Layout/ElementCoordinator.cs","3844","2.0","GrobFontSize.GraceStemDetails) / 2.0;","(file-level) LILYPOND-REF: lily/beam.cc, lily/tie.cc, lily/slur.cc","Yellow"
"Svg/Layout/ElementCoordinator.cs","3902","1.2, 0.1","const double slurThickness = 1.2 * 0.1;","LILYPOND-REF: lily/slur-scoring.cc:248-251 line_thickness field.","Green"
"Svg/Layout/ElementCoordinator.cs","3903","0.001","const double eps = 0.001;","LILYPOND-REF: lily/slur-scoring.cc:248-251 line_thickness field.","Green"
"Svg/Layout/ElementCoordinator.cs","3916","0.2, 0.5","double halfH = dotBox.Top + 0.2 + slurThickness * 0.5;","(file-level) LILYPOND-REF: lily/beam.cc, lily/tie.cc, lily/slur.cc","Yellow"
"Svg/Layout/ElementCoordinator.cs","3964","2.0","double centreDown = staffMiddleDown - layout.StaffPosition / 2.0;","(file-level) LILYPOND-REF: lily/beam.cc, lily/tie.cc, lily/slur.cc","Yellow"
"Svg/Layout/ElementCoordinator.cs","3968","0.0","? 0.0","(file-level) LILYPOND-REF: lily/beam.cc, lily/tie.cc, lily/slur.cc","Yellow"
"Svg/Layout/ElementCoordinator.cs","3971","1.0","""flat"" or ""doubleFlat"" => -1.0,","(file-level) LILYPOND-REF: lily/beam.cc, lily/tie.cc, lily/slur.cc","Yellow"
"Svg/Layout/ElementCoordinator.cs","3972","0.5","""sharp"" => 0.5 * dir,","(file-level) LILYPOND-REF: lily/beam.cc, lily/tie.cc, lily/slur.cc","Yellow"
"Svg/Layout/ElementCoordinator.cs","3974","0.0","_ => 0.0,","(file-level) LILYPOND-REF: lily/beam.cc, lily/tie.cc, lily/slur.cc","Yellow"
"Svg/Layout/ElementCoordinator.cs","3978","0.5, 0.5","topDown - slurThickness * 0.5, bottomDown + slurThickness * 0.5,","(file-level) LILYPOND-REF: lily/beam.cc, lily/tie.cc, lily/slur.cc","Yellow"
"Svg/Layout/ElementCoordinator.cs","4021","2.0","AddDotRow(note.Dots, x + dotOffset, staffMiddleDown - p / 2.0);","(file-level) LILYPOND-REF: lily/beam.cc, lily/tie.cc, lily/slur.cc","Yellow"
"Svg/Layout/ElementCoordinator.cs","4034","2.0","AddDotRow(chord.Dots, x + dotOffset, staffMiddleDown - p / 2.0);","(file-level) LILYPOND-REF: lily/beam.cc, lily/tie.cc, lily/slur.cc","Yellow"
"Svg/Layout/ElementCoordinator.cs","4044","2.0","AddDotRow(rest.Dots, x + dotOffset, staffMiddleDown - rows[0] / 2.0);","(file-level) LILYPOND-REF: lily/beam.cc, lily/tie.cc, lily/slur.cc","Yellow"
"Svg/Layout/ElementCoordinator.cs","4093","2.0","Rendering.TextRole.Tuplet, TupletBracketEngraver.NumberStyle(fonts)) / 2.0;","(file-level) LILYPOND-REF: lily/beam.cc, lily/tie.cc, lily/slur.cc","Yellow"
"Svg/Layout/ElementCoordinator.cs","4096","2.0","Rendering.TextRole.Tuplet, TupletBracketEngraver.NumberStyle(fonts)) / 2.0;","(file-level) LILYPOND-REF: lily/beam.cc, lily/tie.cc, lily/slur.cc","Yellow"
"Svg/Layout/ElementCoordinator.cs","4103","0.5","cy - halfH - slurThickness * 0.5,","(file-level) LILYPOND-REF: lily/beam.cc, lily/tie.cc, lily/slur.cc","Yellow"
"Svg/Layout/ElementCoordinator.cs","4104","0.5","cy + halfH + slurThickness * 0.5,","(file-level) LILYPOND-REF: lily/beam.cc, lily/tie.cc, lily/slur.cc","Yellow"
"Svg/Layout/ElementCoordinator.cs","4166","0.5","topDown - slurThickness * 0.5,","(file-level) LILYPOND-REF: lily/beam.cc, lily/tie.cc, lily/slur.cc","Yellow"
"Svg/Layout/ElementCoordinator.cs","4167","0.5","bottomDown + slurThickness * 0.5,","(file-level) LILYPOND-REF: lily/beam.cc, lily/tie.cc, lily/slur.cc","Yellow"
"Svg/Layout/ElementCoordinator.cs","4219","0.5","topDown - slurThickness * 0.5,","(file-level) LILYPOND-REF: lily/beam.cc, lily/tie.cc, lily/slur.cc","Yellow"
"Svg/Layout/ElementCoordinator.cs","4220","0.5","bottomDown + slurThickness * 0.5,","(file-level) LILYPOND-REF: lily/beam.cc, lily/tie.cc, lily/slur.cc","Yellow"
"Svg/Layout/ElementCoordinator.cs","4295","1.0, 0.0","double ux = len > 0 ? dx / len : 1.0, uy = len > 0 ? dy / len : 0.0;","(file-level) LILYPOND-REF: lily/beam.cc, lily/tie.cc, lily/slur.cc","Yellow"
"Svg/Layout/ElementCoordinator.cs","4296","0.5","double half = 0.5 * EngravingDefaults.TieMidThickness;","(file-level) LILYPOND-REF: lily/beam.cc, lily/tie.cc, lily/slur.cc","Yellow"
"Svg/Layout/ElementCoordinator.cs","4308","0.5","double pen = 0.5 * EngravingDefaults.BowEndRounding;","(file-level) LILYPOND-REF: lily/beam.cc, lily/tie.cc, lily/slur.cc","Yellow"
"Svg/Layout/ElementCoordinator.cs","4490","0.5, 0.545, 0.5, 1.045","double slurOffset = GlyphMetrics.NoteheadBlack.Top + 0.5; // 0.545 + 0.5 = 1.045 ss","LILYPOND-REF: lily/slur-scoring.cc:556-557 get_base_attachments —","Green"
"Svg/Layout/ElementCoordinator.cs","4633","2.0","+ _options.StaffHeight / 2.0;","LILYPOND-REF: slur-scoring.cc:549-557 get_base_attachments — the endpoint","Green"
"Svg/Layout/ElementCoordinator.cs","4647","0.5, 0.5","const double stemTipGap = 0.5; // staff-spaces beyond the beam (LP dir_*0.5*staff_space)","(file-level) LILYPOND-REF: lily/beam.cc, lily/tie.cc, lily/slur.cc","Yellow"
"Svg/Layout/ElementCoordinator.cs","4663","1.0, 0.0","double originDown = staffMiddleDown - (rv == 1 ? 1.0 : 0.0);","(file-level) LILYPOND-REF: lily/beam.cc, lily/tie.cc, lily/slur.cc","Yellow"
"Svg/Layout/ElementCoordinator.cs","4665","0.5","? originDown - box.Top - 0.5","LILYPOND-REF: slur-scoring.cc:556-557 — head->extent (Y)[dir_] + dir_ * 0.5.","Green"
"Svg/Layout/ElementCoordinator.cs","4666","0.5",": originDown - box.Bottom + 0.5;","LILYPOND-REF: slur-scoring.cc:556-557 — head->extent (Y)[dir_] + dir_ * 0.5.","Green"
"Svg/Layout/ElementCoordinator.cs","4671","0.5","? BowHeadBox(item, GlyphMetrics.NoteValueOf(item)).Top + 0.5","LILYPOND-REF: slur-scoring.cc:556-557 — head->extent (Y)[dir_] + dir_ * 0.5.","Green"
"Svg/Layout/ElementCoordinator.cs","4688","2.0","leftEdgeInfo.StemXLo + EngravingDefaults.StemThickness / 2.0,","(file-level) LILYPOND-REF: lily/beam.cc, lily/tie.cc, lily/slur.cc","Yellow"
"Svg/Layout/ElementCoordinator.cs","4698","2.0","leftEdgeInfo.StemXLo + EngravingDefaults.StemThickness / 2.0, staffMiddleDown) is { } startFace)","(file-level) LILYPOND-REF: lily/beam.cc, lily/tie.cc, lily/slur.cc","Yellow"
"Svg/Layout/ElementCoordinator.cs","4706","2.0","segStartY = (staffMiddleDown - startStaffPos / 2.0)","(file-level) LILYPOND-REF: lily/beam.cc, lily/tie.cc, lily/slur.cc","Yellow"
"Svg/Layout/ElementCoordinator.cs","4733","2.0","rightEdgeInfo.StemXLo + EngravingDefaults.StemThickness / 2.0,","(file-level) LILYPOND-REF: lily/beam.cc, lily/tie.cc, lily/slur.cc","Yellow"
"Svg/Layout/ElementCoordinator.cs","4739","2.0","rightEdgeInfo.StemXLo + EngravingDefaults.StemThickness / 2.0, staffMiddleDown) is { } endFace)","(file-level) LILYPOND-REF: lily/beam.cc, lily/tie.cc, lily/slur.cc","Yellow"
"Svg/Layout/ElementCoordinator.cs","4746","2.0","segEndY = (staffMiddleDown - endStaffPos / 2.0)","(file-level) LILYPOND-REF: lily/beam.cc, lily/tie.cc, lily/slur.cc","Yellow"
"Svg/Layout/ElementCoordinator.cs","4783","2.0","OnHead: true, HeadCenterOffset: (box.Left + box.Right) / 2.0 - box.Right);","(file-level) LILYPOND-REF: lily/beam.cc, lily/tie.cc, lily/slur.cc","Yellow"
"Svg/Layout/ElementCoordinator.cs","4794","2.0","OnHead: true, HeadCenterOffset: (box.Left + box.Right) / 2.0 - box.Left);","(file-level) LILYPOND-REF: lily/beam.cc, lily/tie.cc, lily/slur.cc","Yellow"
"Svg/Layout/ElementCoordinator.cs","5001","0.001","const double eps = 0.001;","(file-level) LILYPOND-REF: lily/beam.cc, lily/tie.cc, lily/slur.cc","Yellow"
"Svg/Layout/ElementCoordinator.cs","5028","2.0","double staffMiddleDown = staffY + (geom.StringCount - 1) * space / 2.0;","(file-level) LILYPOND-REF: lily/beam.cc, lily/tie.cc, lily/slur.cc","Yellow"
"Svg/Layout/ElementCoordinator.cs","5029","2.0","double halfDigit = TabConstants.FretDigitHeight(fonts, geom.StringCount) / 2.0;","(file-level) LILYPOND-REF: lily/beam.cc, lily/tie.cc, lily/slur.cc","Yellow"
"Svg/Layout/ElementCoordinator.cs","5098","2.0","double halfStem = EngravingDefaults.StemThickness / 2.0;","(file-level) LILYPOND-REF: lily/beam.cc, lily/tie.cc, lily/slur.cc","Yellow"
"Svg/Layout/ElementCoordinator.cs","5162","1.0, 1.0","double outward = curveUp ? -1.0 : 1.0;   // the same direction in DEVICE Y (down)","LILYPOND-REF: lily/slur-scoring.cc:555-557 get_base_attachments (real edge) and","Green"
"Svg/Layout/ElementCoordinator.cs","5173","1.0","double startScale = startGraceItem is not null ? TabConstants.GraceFretScale : 1.0;","(file-level) LILYPOND-REF: lily/beam.cc, lily/tie.cc, lily/slur.cc","Yellow"
"Svg/Layout/ElementCoordinator.cs","5174","1.0","double endScale = endGraceItem is not null ? TabConstants.GraceFretScale : 1.0;","(file-level) LILYPOND-REF: lily/beam.cc, lily/tie.cc, lily/slur.cc","Yellow"
"Svg/Layout/ElementCoordinator.cs","5177","0.5","double startY = startDigitY + outward * (halfDigit * startScale + 0.5 * space);","(file-level) LILYPOND-REF: lily/beam.cc, lily/tie.cc, lily/slur.cc","Yellow"
"Svg/Layout/ElementCoordinator.cs","5178","0.5","double endY = endDigitY + outward * (halfDigit * endScale + 0.5 * space);","(file-level) LILYPOND-REF: lily/beam.cc, lily/tie.cc, lily/slur.cc","Yellow"
"Svg/Layout/ElementCoordinator.cs","5190","0.5","startY = leftStem.StemTipY + outward * 0.5 * space;","LILYPOND-REF: lily/slur-scoring.cc:549-557 get_base_attachments — a stem pointing","Green"
"Svg/Layout/ElementCoordinator.cs","5192","0.5","endY = rightStem.StemTipY + outward * 0.5 * space;","LILYPOND-REF: lily/slur-scoring.cc:549-557 get_base_attachments — a stem pointing","Green"
"Svg/Layout/ElementCoordinator.cs","5204","0.5","if (endX - startX < 0.5)","LILYPOND-REF: lily/slur-scoring.cc:146-158 get_encompass_info — stem_ is the stem's","Green"
"Svg/Layout/ElementCoordinator.cs","5223","0.5, 0.0","+ (stem.Beamed ? outward * 0.5 * EngravingDefaults.BeamThickness : 0.0);","(file-level) LILYPOND-REF: lily/beam.cc, lily/tie.cc, lily/slur.cc","Yellow"
"Svg/Layout/ElementCoordinator.cs","5224","2.0","ox = (stem.StemXLo + stem.StemXHi) / 2.0;","(file-level) LILYPOND-REF: lily/beam.cc, lily/tie.cc, lily/slur.cc","Yellow"
"Svg/Layout/ElementCoordinator.cs","5241","0.0","var leftEdge = leftStem with { HeadWidth = isFirst ? startCol.HalfWidth * 2 * startScale : 0.0 };","(file-level) LILYPOND-REF: lily/beam.cc, lily/tie.cc, lily/slur.cc","Yellow"
"Svg/Layout/ElementCoordinator.cs","5242","0.0","var rightEdge = rightStem with { HeadWidth = isLast ? endCol.HalfWidth * 2 * endScale : 0.0 };","(file-level) LILYPOND-REF: lily/beam.cc, lily/tie.cc, lily/slur.cc","Yellow"
"Svg/Layout/ElementCoordinator.cs","5291","0.35, 0.0","double closer = staff.TabNumbersOnly ? space * dir * 0.35 : 0.0;","LILYPOND-REF: ly/property-init.ly:845 (tabFullNotation) reverts ly/engraver-init.ly:1275 slur::move-closer-to-tab-note-heads.","Green"
"Svg/Layout/ElementCoordinator.cs","5321","0.001","const double eps = 0.001;","(file-level) LILYPOND-REF: lily/beam.cc, lily/tie.cc, lily/slur.cc","Yellow"
"Svg/Layout/ElementCoordinator.cs","5322","2.0","double halfGrace = TabConstants.FretDigitHeight(geom.Fonts, geom.StringCount) * TabConstants.GraceFretScale / 2.0;","(file-level) LILYPOND-REF: lily/beam.cc, lily/tie.cc, lily/slur.cc","Yellow"
"Svg/Layout/ElementCoordinator.cs","5350","0.0","double hx = groupX + (k < cached.Offsets.Length ? cached.Offsets[k] : 0.0);","(file-level) LILYPOND-REF: lily/beam.cc, lily/tie.cc, lily/slur.cc","Yellow"
"Svg/Layout/OutsideStaffStacker.cs","48","4.0","private const double StaffBottom = 4.0;","(file-level) LILYPOND-REF: lily/axis-group-interface.cc:860-985 Axis_group_interface::skyline_spacing","Yellow"
"Svg/Layout/OutsideStaffStacker.cs","73","2.0","return StaffBottom / 2.0;","(file-level) LILYPOND-REF: lily/axis-group-interface.cc:860-985 Axis_group_interface::skyline_spacing","Yellow"
"Svg/Layout/OutsideStaffStacker.cs","77","2.0","return st.RefpointBelowTop ?? StaffBottom / 2.0;","LILYPOND-REF: scm/define-grobs.scm outside-staff-padding = 0.46 — governs stacking a","Green"
"Svg/Layout/OutsideStaffStacker.cs","78","2.0","return StaffBottom / 2.0;","LILYPOND-REF: scm/define-grobs.scm outside-staff-padding = 0.46 — governs stacking a","Green"
"Svg/Layout/OutsideStaffStacker.cs","83","0.46","internal const double OutsideStaffPadding = 0.46;","LILYPOND-REF: scm/define-grobs.scm outside-staff-padding = 0.46 — governs stacking a","Green"
"Svg/Layout/OutsideStaffStacker.cs","96","0.2","internal const double OutsideStaffHorizontalPadding = 0.2;","(file-level) LILYPOND-REF: lily/axis-group-interface.cc:860-985 Axis_group_interface::skyline_spacing","Yellow"
"Svg/Layout/OutsideStaffStacker.cs","577","0.0","dyn.IsExpressiveText ? OutsideStaffHorizontalPadding : 0.0);","(file-level) LILYPOND-REF: lily/axis-group-interface.cc:860-985 Axis_group_interface::skyline_spacing","Yellow"
"Svg/Layout/OutsideStaffStacker.cs","1990","1.0","ClefType.Bass => (GlyphMetrics.ClefF, 1.0),","LILYPOND-REF: lily/page-layout-problem.cc:1173-1177 Page_layout_problem::is_spaceable.","Green"
"Svg/Layout/OutsideStaffStacker.cs","1991","2.0","ClefType.Alto => (GlyphMetrics.ClefC, 2.0),","(file-level) LILYPOND-REF: lily/axis-group-interface.cc:860-985 Axis_group_interface::skyline_spacing","Yellow"
"Svg/Layout/OutsideStaffStacker.cs","1992","1.0","ClefType.Tenor => (GlyphMetrics.ClefC, 1.0),","(file-level) LILYPOND-REF: lily/axis-group-interface.cc:860-985 Axis_group_interface::skyline_spacing","Yellow"
"Svg/Layout/OutsideStaffStacker.cs","1993","3.0","_ => (GlyphMetrics.ClefG, 3.0),","(file-level) LILYPOND-REF: lily/axis-group-interface.cc:860-985 Axis_group_interface::skyline_spacing","Yellow"
"Svg/Layout/OutsideStaffStacker.cs","1998","0.3","double clefX = systems[sys].Indent + 0.3;","(file-level) LILYPOND-REF: lily/axis-group-interface.cc:860-985 Axis_group_interface::skyline_spacing","Yellow"
"Svg/Layout/OutsideStaffStacker.cs","2079","2.0","+ EngravingDefaults.TupletBracketThickness / 2.0;","(file-level) LILYPOND-REF: lily/axis-group-interface.cc:860-985 Axis_group_interface::skyline_spacing","Yellow"
"Svg/Layout/OutsideStaffStacker.cs","2505","0.0","dyn.IsExpressiveText ? OutsideStaffHorizontalPadding : 0.0);","(file-level) LILYPOND-REF: lily/axis-group-interface.cc:860-985 Axis_group_interface::skyline_spacing","Yellow"
"Svg/Layout/OutsideStaffStacker.cs","2544","2.0","+ EngravingDefaults.StaffLineThickness / 2.0","(file-level) LILYPOND-REF: lily/axis-group-interface.cc:860-985 Axis_group_interface::skyline_spacing","Yellow"
"Svg/Layout/OutsideStaffStacker.cs","2553","2.0","double lineHalf = EngravingDefaults.StaffLineThickness / 2.0;","(file-level) LILYPOND-REF: lily/axis-group-interface.cc:860-985 Axis_group_interface::skyline_spacing","Yellow"
"Svg/Layout/OutsideStaffStacker.cs","2815","2.0","double half = VoltaBracketEngraver.LineThickness / 2.0;","(file-level) LILYPOND-REF: lily/axis-group-interface.cc:860-985 Axis_group_interface::skyline_spacing","Yellow"
"Svg/Layout/OutsideStaffStacker.cs","2937","2.0","if (MusicMarkItem.IsSpannerHandled(m.MarkType) || m.YUp < 2.0)","(file-level) LILYPOND-REF: lily/axis-group-interface.cc:860-985 Axis_group_interface::skyline_spacing","Yellow"
"Svg/Layout/OutsideStaffStacker.cs","3237","0.0","return (0.0, ink.Width, ink.Top, -ink.Bottom);","(file-level) LILYPOND-REF: lily/axis-group-interface.cc:860-985 Axis_group_interface::skyline_spacing","Yellow"
"Svg/Layout/OutsideStaffStacker.cs","3252","0.0","return (-pedalWidth / 2, pedalWidth / 2, pedalTop, 0.0);","(file-level) LILYPOND-REF: lily/axis-group-interface.cc:860-985 Axis_group_interface::skyline_spacing","Yellow"
"Svg/Layout/OutsideStaffStacker.cs","3348","0.0, 0.0","_entries.Add((supportUp, supportDown, 0.0, 0.0));","LILYPOND-REF: lily/axis-group-interface.cc:945-950 all_v_skylines / all_paddings","Green"
"Svg/Layout/OutsideStaffStacker.cs","3358","0.0","=> _entries.Add((up, down, padding, 0.0));","(file-level) LILYPOND-REF: lily/axis-group-interface.cc:860-985 Axis_group_interface::skyline_spacing","Yellow"
"Svg/Layout/MeasureLayouter.cs","856","16","Span<double> headOverrides = measuresToScan.Count <= 16","(file-level) LILYPOND-REF: lily/spacing-basic.cc:108-111 Spacing_spanner::note_spacing","Yellow"
"Svg/Layout/MeasureLayouter.cs","1053","0.0, 0.0","spring = spring.WithMinDistance(anyWish ? Math.Max(0.0, maxSkyDist) : 0.0);","LILYPOND-REF: lily/spacing-spanner.cc:380-393 musical_column_spacing —","Green"
"Svg/Layout/MeasureLayouter.cs","1070","0.0","spring = spring.WithIdealDistance(Math.Max(0.0, spring.IdealDistance));","LILYPOND-REF: lily/note-spacing.cc:113 Note_spacing::get_spacing — set_ideal_distance (std::max (0.0, ideal)),","Green"
"Svg/Layout/MeasureLayouter.cs","1204","0.0","endSpring = endSpring.WithMinDistance(Math.Max(0.0, maxSkyDist));","LILYPOND-REF: lily/note-spacing.cc:78-83 Note_spacing::get_spacing —","Green"
"Svg/Layout/MeasureLayouter.cs","1220","0.0","endSpring = endSpring.WithIdealDistance(Math.Max(0.0, endSpring.IdealDistance));","LILYPOND-REF: lily/note-spacing.cc:113 Note_spacing::get_spacing — set_ideal_distance (std::max (0.0, ideal)).","Green"
"Svg/Layout/ScoreLayout.cs","226","0.0",": 0.0;","","Red"
"Svg/Layout/SpringSolver.cs","92","0.0","double result = 0.0;","(file-level) LILYPOND-REF: lily/simple-spacer.cc:1-300 Simple_spacer class","Yellow"
"Svg/Layout/SpringSolver.cs","165","0.0","if (invHooke == 0.0)","(file-level) LILYPOND-REF: lily/simple-spacer.cc:1-300 Simple_spacer class","Yellow"
"Svg/Layout/SpringSolver.cs","185","0.0","double neutralLength = TotalLength(0.0);","(file-level) LILYPOND-REF: lily/simple-spacer.cc:1-300 Simple_spacer class","Yellow"
"Svg/Layout/SpringSolver.cs","188","0.0","double curForce = compressed ? 0.0 : maxBlockForce;","(file-level) LILYPOND-REF: lily/simple-spacer.cc:1-300 Simple_spacer class","Yellow"
"Svg/Layout/SpringSolver.cs","326","0.0","return Math.Max(0.0, lineLength - naturalLength);","(file-level) LILYPOND-REF: lily/simple-spacer.cc:1-300 Simple_spacer class","Yellow"
"Svg/Layout/Spring.cs","295","0.0","Math.Max(0.0, Series[0].IdealDistance + idealDistance - IdealDistance)), MinDistance)","(file-level) LILYPOND-REF: lily/spring.cc:1-237 Spring class","Yellow"
"Svg/Layout/Spring.cs","312","0.0","Math.Max(0.0, Series[0].MinDistance + minDistance - MinDistance)), minDistance)","(file-level) LILYPOND-REF: lily/spring.cc:1-237 Spring class","Yellow"
"Svg/Layout/Spring.cs","427","0.0","effectiveForce = 0.0;","LILYPOND-REF: lily/spring.cc:228-234 - handle +Inf case","Green"
"Svg/Layout/StaffSpacingParameters.cs","62","10.5","BasicDistance = 10.5,","(file-level) LILYPOND-REF: scm/define-grobs.scm:3350-3364 StaffGrouper","Yellow"
"Svg/Layout/StaffSpacingParameters.cs","118","5.5","BasicDistance = 5.5,","LILYPOND-REF: ly/engraver-init.ly:649-652 Lyrics defaults","Green"
"Svg/Layout/StaffSpacingParameters.cs","156","1.0","BasicDistance = 1.0,","(file-level) LILYPOND-REF: scm/define-grobs.scm:3350-3364 StaffGrouper","Yellow"
"Svg/Layout/StaffSpacingParameters.cs","227","1.0","BasicDistance = 1.0,","(file-level) LILYPOND-REF: scm/define-grobs.scm:3350-3364 StaffGrouper","Yellow"
"Svg/Layout/StaffSpacingParameters.cs","229","0.5","Padding = 0.5,","(file-level) LILYPOND-REF: scm/define-grobs.scm:3350-3364 StaffGrouper","Yellow"
"Svg/Layout/StaffSpacingParameters.cs","234","1.0","BasicDistance = 1.0,","(file-level) LILYPOND-REF: scm/define-grobs.scm:3350-3364 StaffGrouper","Yellow"
"Svg/Layout/StaffSpacingParameters.cs","236","0.5","Padding = 0.5,","(file-level) LILYPOND-REF: scm/define-grobs.scm:3350-3364 StaffGrouper","Yellow"
"Svg/Layout/StaffSpacingParameters.cs","241","1.0","BasicDistance = 1.0,","(file-level) LILYPOND-REF: scm/define-grobs.scm:3350-3364 StaffGrouper","Yellow"
"Svg/Layout/StaffSpacingParameters.cs","243","0.5","Padding = 0.5,","(file-level) LILYPOND-REF: scm/define-grobs.scm:3350-3364 StaffGrouper","Yellow"
"Svg/Layout/NoteSpacingParameters.cs","36","1.0","public double KneeSpacingCorrection { get; init; } = 1.0;","LILYPOND-REF: define-grobs.scm:2653 (knee-spacing-correction . 1.0)","Green"
"Svg/Layout/NoteSpacingParameters.cs","43","0.25","public double SameDirectionCorrection { get; init; } = 0.25;","LILYPOND-REF: define-grobs.scm:2654 (same-direction-correction . 0.25)","Green"
"Svg/Layout/NoteSpacingParameters.cs","50","0.5","public double StemSpacingCorrection { get; init; } = 0.5;","LILYPOND-REF: define-grobs.scm:2656 (stem-spacing-correction . 0.5)","Green"
"Svg/Layout/VerticalSpacingParameters.cs","89","12","BasicDistance = 12,","LILYPOND-REF: paper-defaults-init.ly:64-67</remarks>","Green"
"Svg/Layout/VerticalSpacingParameters.cs","92","60","Stretchability = 60","(file-level) LILYPOND-REF: ly/paper-defaults-init.ly:64-89","Yellow"
"Svg/Layout/VerticalSpacingParameters.cs","101","14","BasicDistance = 14,","LILYPOND-REF: paper-defaults-init.ly:68-71</remarks>","Green"
"Svg/Layout/VerticalSpacingParameters.cs","104","120","Stretchability = 120","(file-level) LILYPOND-REF: ly/paper-defaults-init.ly:64-89","Yellow"
"Svg/Layout/VerticalSpacingParameters.cs","115","0.5","Padding = 0.5,","LILYPOND-REF: paper-defaults-init.ly:72-74</remarks>","Green"
"Svg/Layout/VerticalSpacingParameters.cs","116","30","Stretchability = 30","(file-level) LILYPOND-REF: ly/paper-defaults-init.ly:64-89","Yellow"
"Svg/Layout/VerticalSpacingParameters.cs","125","12","BasicDistance = 12,","LILYPOND-REF: paper-defaults-init.ly:75-77</remarks>","Green"
"Svg/Layout/VerticalSpacingParameters.cs","127","0.5","Padding = 0.5,","LILYPOND-REF: paper-defaults-init.ly:75-77</remarks>","Green"
"Svg/Layout/VerticalSpacingParameters.cs","128","60","Stretchability = 60","(file-level) LILYPOND-REF: ly/paper-defaults-init.ly:64-89","Yellow"
"Svg/Layout/VerticalSpacingParameters.cs","153","0.5","Padding = 0.5,","(file-level) LILYPOND-REF: ly/paper-defaults-init.ly:64-89","Yellow"
"Svg/Layout/VerticalSpacingParameters.cs","204","30","Stretchability = 30","(file-level) LILYPOND-REF: ly/paper-defaults-init.ly:64-89","Yellow"
"Svg/Layout/GraceSpacingParameters.cs","36","0.8","public double SpacingIncrement { get; init; } = 0.8;","LILYPOND-REF: define-grobs.scm:1725 (spacing-increment . 0.8)","Green"
"Svg/Layout/GraceSpacingParameters.cs","42","1.6","public double ShortestDurationSpace { get; init; } = 1.6;","LILYPOND-REF: define-grobs.scm:1724 (shortest-duration-space . 1.6)","Green"
"Svg/Layout/GraceSpacingParameters.cs","48","0.125","public double BaseShortestDuration { get; init; } = 0.125;","(file-level) LILYPOND-REF: scm/define-grobs.scm:1721-1732 GraceSpacing","Yellow"
"Svg/Layout/KnuthPlassBreaker.cs","548","200000","penalizedForce = -200000;","(file-level) LILYPOND-REF: lily/simple-spacer.cc — each column's spring contributes to line force","Yellow"
"Svg/Layout/KnuthPlassBreaker.cs","741","0.0","=> (isFirstLine ? 0.0 : springData[i].LineStartPrefixExtra)","(file-level) LILYPOND-REF: lily/simple-spacer.cc — each column's spring contributes to line force","Yellow"
"Svg/Layout/KnuthPlassBreaker.cs","742","0.0","+ (j < n ? springData[j].LineEndCourtesyWidth : 0.0);","(file-level) LILYPOND-REF: lily/simple-spacer.cc — each column's spring contributes to line force","Yellow"
"Svg/Layout/KnuthPlassBreaker.cs","887","0.0","- (isFirstLine ? 0.0 : springData[lineStart].LineStartPrefixExtra);","(file-level) LILYPOND-REF: lily/simple-spacer.cc — each column's spring contributes to line force","Yellow"
"Svg/Layout/ArticulationEngraver.cs","49","0.0","double FontSizeStep = 0.0,","(file-level) LILYPOND-REF: define-grobs.scm:2992-3024 Script grob","Yellow"
"Svg/Layout/ArticulationEngraver.cs","58","0.0","double SkylineHorizontalPadding = 0.0,","(file-level) LILYPOND-REF: define-grobs.scm:2992-3024 Script grob","Yellow"
"Svg/Layout/ArticulationEngraver.cs","122","0.1","private const double ScriptHorizonPadding = 0.1;","LILYPOND-REF: lily/side-position-interface.cc:354-357 aligned_side — spends the","Green"
"Svg/Layout/ArticulationEngraver.cs","134","0.5","private const double BendTabXOffset = 0.5;","(file-level) LILYPOND-REF: define-grobs.scm:2992-3024 Script grob","Yellow"
"Svg/Layout/ArticulationEngraver.cs","136","0.15","private const double BendHeadPadding = 0.15;","LILYPOND-REF there).","Green"
"Svg/Layout/ArticulationEngraver.cs","138","1.55","private const double BendApproachXOffset = 1.55;","LILYPOND-REF there).","Green"
"Svg/Layout/ArticulationEngraver.cs","147","2.0","private const double EditorialFontSizeStep = -2.0;","LILYPOND-REF: scm/define-grobs.scm:101 AccidentalSuggestion (font-size . -2)","Green"
"Svg/Layout/ArticulationEngraver.cs","177","0.55","private const double BreathGap = 0.55;","LILYPOND-REF: lily/breathing-sign.cc offset-callback (top of staff).","Green"
"Svg/Layout/ArticulationEngraver.cs","178","0.5","private const double BreathStaffY = -0.5;","LILYPOND-REF: lily/breathing-sign.cc offset-callback (top of staff).","Green"
"Svg/Layout/ArticulationEngraver.cs","230","256","Span<int> note = n <= 256 ? stackalloc int[n] : new int[n];","(file-level) LILYPOND-REF: define-grobs.scm:2992-3024 Script grob","Yellow"
"Svg/Layout/ArticulationEngraver.cs","231","256","Span<int> priority = n <= 256 ? stackalloc int[n] : new int[n];","(file-level) LILYPOND-REF: define-grobs.scm:2992-3024 Script grob","Yellow"
"Svg/Layout/ArticulationEngraver.cs","690","0.0","closest = Math.Max(closest, myDown.Distance(sUp, 0.0));","(file-level) LILYPOND-REF: define-grobs.scm:2992-3024 Script grob","Yellow"
"Svg/Layout/ArticulationEngraver.cs","692","0.0","double move = Math.Max(0.0, closest + FingeringPadding);","(file-level) LILYPOND-REF: define-grobs.scm:2992-3024 Script grob","Yellow"
"Svg/Layout/ArticulationEngraver.cs","744","0.0","if (slurShift != 0.0)","(file-level) LILYPOND-REF: define-grobs.scm:2992-3024 Script grob","Yellow"
"Svg/Layout/ArticulationEngraver.cs","874","0.5","bendYUp = GetStaffPosition(item) * 0.5;","(file-level) LILYPOND-REF: define-grobs.scm:2992-3024 Script grob","Yellow"
"Svg/Layout/ArticulationEngraver.cs","909","0.0","FontSizeStep: 0.0,","(file-level) LILYPOND-REF: define-grobs.scm:2992-3024 Script grob","Yellow"
"Svg/Layout/ArticulationEngraver.cs","949","2.0","fx = noteX + 2.0 * NoteheadHalfWidth(item) + BendHeadPadding;","(file-level) LILYPOND-REF: define-grobs.scm:2992-3024 Script grob","Yellow"
"Svg/Layout/ArticulationEngraver.cs","951","0.5","fyUp = GetStaffPosition(item) * 0.5;","(file-level) LILYPOND-REF: define-grobs.scm:2992-3024 Script grob","Yellow"
"Svg/Layout/ArticulationEngraver.cs","967","0.0","bendGlyph, true, articulation.SourcePosition, FontSizeStep: 0.0,","(file-level) LILYPOND-REF: define-grobs.scm:2992-3024 Script grob","Yellow"
"Svg/Layout/ArticulationEngraver.cs","983","2.0","+ 2.0 * NoteheadHalfWidth(item)  // twice the half-extent → the head's right edge","(file-level) LILYPOND-REF: define-grobs.scm:2992-3024 Script grob","Yellow"
"Svg/Layout/ArticulationEngraver.cs","996","0.0","FontSizeStep: 0.0,","(file-level) LILYPOND-REF: define-grobs.scm:2992-3024 Script grob","Yellow"
"Svg/Layout/ArticulationEngraver.cs","1041","0.0","double memberStemX = 0.0;","(file-level) LILYPOND-REF: define-grobs.scm:2992-3024 Script grob","Yellow"
"Svg/Layout/ArticulationEngraver.cs","1120","2.0","double fretHalf = TabConstants.FretDigitHeight(fonts, geom.StringCount) / 2.0;","LILYPOND-REF: lily/side-position-interface.cc:273-281 aligned_side — `if (dir == -get_grob_direction (e)) continue;`","Green"
"Svg/Layout/ArticulationEngraver.cs","1129","2.0","TabConstants.FretEm(fonts, geom.StringCount)) / 2.0;","(file-level) LILYPOND-REF: define-grobs.scm:2992-3024 Script grob","Yellow"
"Svg/Layout/ArticulationEngraver.cs","1165","0.0","tabGlyph, tabAbove, articulation.SourcePosition, FontSizeStep: 0.0,","(file-level) LILYPOND-REF: define-grobs.scm:2992-3024 Script grob","Yellow"
"Svg/Layout/ArticulationEngraver.cs","1183","0.0","double fontSizeStep = 0.0;","(file-level) LILYPOND-REF: define-grobs.scm:2992-3024 Script grob","Yellow"
"Svg/Layout/ArticulationEngraver.cs","1196","2.0","x -= accBBox.Left + accBBox.Width / 2.0;","(file-level) LILYPOND-REF: define-grobs.scm:2992-3024 Script grob","Yellow"
"Svg/Layout/ArticulationEngraver.cs","1283","0.0","double tieMove = Math.Max(0.0, closestTie + PaddingFor(effArt.Type));","(file-level) LILYPOND-REF: define-grobs.scm:2992-3024 Script grob","Yellow"
"Svg/Layout/ArticulationEngraver.cs","1326","0.0, 0.001","|| Math.Abs(declaredOsp.Value - (lastScript.InitialOsp ?? 0.0)) < 0.001)","LILYPOND-REF: lily/script-column.cc:178-185 set_property — the","Green"
"Svg/Layout/ArticulationEngraver.cs","1329","0.1","OutsideStaffPriority = moverOsp + 0.1","(file-level) LILYPOND-REF: define-grobs.scm:2992-3024 Script grob","Yellow"
"Svg/Layout/ArticulationEngraver.cs","1348","0.0","double move = Math.Max(0.0, closest + PaddingFor(effArt.Type));","(file-level) LILYPOND-REF: define-grobs.scm:2992-3024 Script grob","Yellow"
"Svg/Layout/ArticulationEngraver.cs","1378","0.0","if (shift != 0.0)","(file-level) LILYPOND-REF: define-grobs.scm:2992-3024 Script grob","Yellow"
"Svg/Layout/ArticulationEngraver.cs","1615","16, 16","Span<int> keys = n <= 16 ? stackalloc int[16] : new int[n];","(file-level) LILYPOND-REF: define-grobs.scm:2992-3024 Script grob","Yellow"
"Svg/Layout/ArticulationEngraver.cs","1642","2.0","X: fg.X - width / 2.0,","(file-level) LILYPOND-REF: define-grobs.scm:2992-3024 Script grob","Yellow"
"Svg/Layout/ArticulationEngraver.cs","1647","5.0","FontSizeStep: -5.0,","(file-level) LILYPOND-REF: define-grobs.scm:2992-3024 Script grob","Yellow"
"Svg/Layout/ArticulationEngraver.cs","1681","0.2","private const double ScriptSlurPadding = 0.2;","LILYPOND-REF: scm/define-grobs.scm Script, the slur-padding declaration (0.2).","Green"
"Svg/Layout/ArticulationEngraver.cs","1786","0.0","return 0.0;","(file-level) LILYPOND-REF: define-grobs.scm:2992-3024 Script grob","Yellow"
"Svg/Layout/ArticulationEngraver.cs","1794","0.0","return 0.0;","(file-level) LILYPOND-REF: define-grobs.scm:2992-3024 Script grob","Yellow"
"Svg/Layout/ArticulationEngraver.cs","1795","1.0, 1.0","double dir = layout.IsAbove ? 1.0 : -1.0;","(file-level) LILYPOND-REF: define-grobs.scm:2992-3024 Script grob","Yellow"
"Svg/Layout/ArticulationEngraver.cs","1801","0.0","return 0.0;","(file-level) LILYPOND-REF: define-grobs.scm:2992-3024 Script grob","Yellow"
"Svg/Layout/ArticulationEngraver.cs","1802","64","const int Samples = 64;","(file-level) LILYPOND-REF: define-grobs.scm:2992-3024 Script grob","Yellow"
"Svg/Layout/ArticulationEngraver.cs","1805","0.0, 0.0","double prevX = 0.0, prevY = 0.0;","(file-level) LILYPOND-REF: define-grobs.scm:2992-3024 Script grob","Yellow"
"Svg/Layout/ArticulationEngraver.cs","1841","0.0","return 0.0;","(file-level) LILYPOND-REF: define-grobs.scm:2992-3024 Script grob","Yellow"
"Svg/Layout/ArticulationEngraver.cs","1867","0.5","0.5 * EngravingDefaults.SlurMidThickness,","(file-level) LILYPOND-REF: define-grobs.scm:2992-3024 Script grob","Yellow"
"Svg/Layout/ArticulationEngraver.cs","1868","0.5","0.5 * EngravingDefaults.BowEndRounding);","(file-level) LILYPOND-REF: define-grobs.scm:2992-3024 Script grob","Yellow"
"Svg/Layout/ArticulationEngraver.cs","1910","100","ArticulationType.Staccato => -100,","LILYPOND-REF: scm/script.scm; scm/define-grobs.scm Script.script-priority = 0.","Green"
"Svg/Layout/ArticulationEngraver.cs","1911","50","ArticulationType.Tenuto => -50,","LILYPOND-REF: scm/script.scm; scm/define-grobs.scm Script.script-priority = 0.","Green"
"Svg/Layout/ArticulationEngraver.cs","1912","50","ArticulationType.Flageolet => 50,","LILYPOND-REF: scm/script.scm; scm/define-grobs.scm Script.script-priority = 0.","Green"
"Svg/Layout/ArticulationEngraver.cs","1913","150","ArticulationType.Trill => 150,","(file-level) LILYPOND-REF: define-grobs.scm:2992-3024 Script grob","Yellow"
"Svg/Layout/ArticulationEngraver.cs","1915","175","or ArticulationType.FermataLong => 175,","(file-level) LILYPOND-REF: define-grobs.scm:2992-3024 Script grob","Yellow"
"Svg/Layout/ArticulationEngraver.cs","1916","180","ArticulationType.UpBow or ArticulationType.DownBow => 180,","(file-level) LILYPOND-REF: define-grobs.scm:2992-3024 Script grob","Yellow"
"Svg/Layout/ArticulationEngraver.cs","2035","1.5","internal const double TabTechniqueFontSize = 1.5;","(file-level) LILYPOND-REF: define-grobs.scm:2992-3024 Script grob","Yellow"
"Svg/Layout/ArticulationEngraver.cs","2077","2.0","TabTechniqueStyle(fonts)) / 2.0;","(file-level) LILYPOND-REF: define-grobs.scm:2992-3024 Script grob","Yellow"
"Svg/Layout/ArticulationEngraver.cs","2121","0.6000, 0.8200, 0.6000, 0.0700","? new GlyphMetrics.BBox(-0.6000, -0.8200, 0.6000, 0.0700)","(file-level) LILYPOND-REF: define-grobs.scm:2992-3024 Script grob","Yellow"
"Svg/Layout/ArticulationEngraver.cs","2122","0.6000, 0.0700, 0.6000, 0.8200",": new GlyphMetrics.BBox(-0.6000, -0.0700, 0.6000, 0.8200),","(file-level) LILYPOND-REF: define-grobs.scm:2992-3024 Script grob","Yellow"
"Svg/Layout/ArticulationEngraver.cs","2149","0.5, 0.5, 0.5, 0.5","_ => new GlyphMetrics.BBox(-0.5, -0.5, 0.5, 0.5) // fallback for the ornament family","(file-level) LILYPOND-REF: define-grobs.scm:2992-3024 Script grob","Yellow"
"Svg/Layout/ArticulationEngraver.cs","2241","1.0, 0.0","double magnification = 1.0, double extraPad = 0.0)","(file-level) LILYPOND-REF: define-grobs.scm:2992-3024 Script grob","Yellow"
"Svg/Layout/ArticulationEngraver.cs","2255","0.0","return extraPad > 0.0 ? box.Padded(extraPad) : box;","(file-level) LILYPOND-REF: define-grobs.scm:2992-3024 Script grob","Yellow"
"Svg/Layout/ArticulationEngraver.cs","2259","1.0","in ArticulationLayout a, double anchorY, double magnification = 1.0,","(file-level) LILYPOND-REF: define-grobs.scm:2992-3024 Script grob","Yellow"
"Svg/Layout/ArticulationEngraver.cs","2260","0.0","double extraPad = 0.0)","(file-level) LILYPOND-REF: define-grobs.scm:2992-3024 Script grob","Yellow"
"Svg/Layout/ArticulationEngraver.cs","2272","0.0","return extraPad > 0.0 ? (bUp.Padded(extraPad), bDown.Padded(extraPad)) : (bUp, bDown);","(file-level) LILYPOND-REF: define-grobs.scm:2992-3024 Script grob","Yellow"
"Svg/Layout/ArticulationEngraver.cs","2328","2.0","double cx = (rest.StartX + rest.EndX) / 2.0;","(file-level) LILYPOND-REF: define-grobs.scm:2992-3024 Script grob","Yellow"
"Svg/Layout/ArticulationEngraver.cs","2329","1.0, 1.0","double dir = a.IsAbove ? 1.0 : -1.0;","(file-level) LILYPOND-REF: define-grobs.scm:2992-3024 Script grob","Yellow"
"Svg/Layout/ArticulationEngraver.cs","2332","0.0","var mine = ScriptSkyline(centred, 0.0, a.IsAbove ? VerticalDirection.Down : VerticalDirection.Up);","(file-level) LILYPOND-REF: define-grobs.scm:2992-3024 Script grob","Yellow"
"Svg/Layout/ArticulationEngraver.cs","2345","0.0","off += dir * Math.Max(DynamicEngraver.StaffExtent + ArticulationSpacing.StaffPadding(type) - dir * off, 0.0);","(file-level) LILYPOND-REF: define-grobs.scm:2992-3024 Script grob","Yellow"
"Svg/Layout/ArticulationEngraver.cs","2362","40.0","internal const double MmrScriptOutsideStaffPriority = 40.0;","LILYPOND-REF: scm/define-grobs.scm:2453-2454 MultiMeasureRestScript outside-staff-padding 0, outside-staff-priority 40.</remarks>","Green"
"Svg/Layout/ArticulationEngraver.cs","2363","0.0","internal const double MmrScriptOutsideStaffPadding = 0.0;","LILYPOND-REF: scm/define-grobs.scm:2453-2454 MultiMeasureRestScript outside-staff-padding 0, outside-staff-priority 40.</remarks>","Green"
"Svg/Layout/ArticulationEngraver.cs","2385","1.0","double magnification = 1.0)","(file-level) LILYPOND-REF: define-grobs.scm:2992-3024 Script grob","Yellow"
"Svg/Layout/ArticulationEngraver.cs","2441","0.0","return pad > 0.0 ? (rawUp.Padded(pad), rawDown.Padded(pad)) : (rawUp, rawDown);","(file-level) LILYPOND-REF: define-grobs.scm:2992-3024 Script grob","Yellow"
"Svg/Layout/ArticulationEngraver.cs","2624","0.0, 0.0","var probe = new ArticulationLayout(a.MeasureIndex, a.ItemIndex, 0.0, 0.0, a.GetGlyph(),","(file-level) LILYPOND-REF: define-grobs.scm:2992-3024 Script grob","Yellow"
"Svg/Layout/ArticulationEngraver.cs","2625","0.0","isAbove, a.SourcePosition, 0.0, GetSeedBBox(a.Type, isAbove),","(file-level) LILYPOND-REF: define-grobs.scm:2992-3024 Script grob","Yellow"
"Svg/Layout/ArticulationEngraver.cs","2627","0.0","var sky = ScriptSkyline(probe, 0.0,","(file-level) LILYPOND-REF: define-grobs.scm:2992-3024 Script grob","Yellow"
"Svg/Layout/ArticulationEngraver.cs","2875","0.5","? Math.Max(anchorUp, tip * 0.5 + clear)","(file-level) LILYPOND-REF: define-grobs.scm:2992-3024 Script grob","Yellow"
"Svg/Layout/ArticulationEngraver.cs","2876","0.5",": Math.Min(anchorUp, tip * 0.5 - clear);","(file-level) LILYPOND-REF: define-grobs.scm:2992-3024 Script grob","Yellow"
"Svg/Layout/ArticulationEngraver.cs","2926","0.5","double noteUp = anchorPosition * 0.5;","LILYPOND-REF: staff-symbol-referencer.cc:76-89 staff_symbol_referencer::get_position","Green"
"Svg/Layout/ArticulationEngraver.cs","2933","1.0","return AlignedSideUp(articulation, isAbove, supportReach, staffSpace: 1.0, staffLines,","(file-level) LILYPOND-REF: define-grobs.scm:2992-3024 Script grob","Yellow"
"Svg/Layout/ArticulationEngraver.cs","3056","0.5","up += (rounded - position) * 0.5 * staffSpace;","(file-level) LILYPOND-REF: define-grobs.scm:2992-3024 Script grob","Yellow"
"Svg/Layout/ArticulationEngraver.cs","3058","0.5","up += dir * 0.5 * staffSpace;","(file-level) LILYPOND-REF: define-grobs.scm:2992-3024 Script grob","Yellow"
"Svg/Layout/ArticulationEngraver.cs","3065","0.0","up += dir * Math.Max(diff, 0.0);","(file-level) LILYPOND-REF: define-grobs.scm:2992-3024 Script grob","Yellow"
"Svg/Layout/HairpinEngraver.cs","91","0.6666","private const double Height = 0.6666;","LILYPOND-REF: scm/define-grobs.scm:1785 (height . 0.6666)</remarks>","Green"
"Svg/Layout/HairpinEngraver.cs","97","1.0","private const double BoundPadding = 1.0;","LILYPOND-REF: scm/define-grobs.scm:1780 (bound-padding . 1.0)</remarks>","Green"
"Svg/Layout/HairpinEngraver.cs","122","2.0, 3.0","private const double ContinuedFraction = 2.0 / 3.0;","LILYPOND-REF: lily/hairpin.cc:300-313 — broken hairpin height fractions</remarks>","Green"
"Svg/Layout/HairpinEngraver.cs","128","1.0, 3.0","private const double ContinuingFraction = 1.0 / 3.0;","LILYPOND-REF: lily/hairpin.cc:300-313 — broken hairpin height fractions</remarks>","Green"
"Svg/Layout/HairpinEngraver.cs","304","0.0","staffOffset: 0.0, staffVoices, staffMeasures, beamMembers, dynamicAt));","(file-level) LILYPOND-REF: lily/hairpin.cc:110-358","Yellow"
"Svg/Layout/HairpinEngraver.cs","337","0.0","double ownEndX = 0.0;","LILYPOND-REF: lily/hairpin.cc:214-218 — Text_interface bound,","Green"
"Svg/Layout/HairpinEngraver.cs","357","2.0","ownEndX = endDyn.X - endW / 2.0 - BoundPadding;","(file-level) LILYPOND-REF: lily/hairpin.cc:110-358","Yellow"
"Svg/Layout/HairpinEngraver.cs","372","0.0","double ownStartX = 0.0;","LILYPOND-REF: lily/hairpin.cc:214-218 — Text_interface bound.","Green"
"Svg/Layout/HairpinEngraver.cs","379","2.0","? startDyn.X + startW / 2.0 + BoundPadding","(file-level) LILYPOND-REF: lily/hairpin.cc:110-358","Yellow"
"Svg/Layout/HairpinEngraver.cs","422","2.0","segEndX -= BoundPadding / 2.0;","LILYPOND-REF: scm/define-grobs.scm:1780-1781 Hairpin — bound-padding 1.0 and the broken-bound-padding callback","Green"
"Svg/Layout/HairpinEngraver.cs","469","1.0","double spannerY = DynamicEngraver.SpannerOffsetY(dir: -1.0, support,","(file-level) LILYPOND-REF: lily/hairpin.cc:110-358","Yellow"
"Svg/Layout/HairpinEngraver.cs","470","0.0","WedgeSkylines(segStartX, segEndX, startOpening, endOpening, 0.0));","(file-level) LILYPOND-REF: lily/hairpin.cc:110-358","Yellow"
"Svg/Layout/HairpinEngraver.cs","522","2.0","double half = EngravingDefaults.StaffLineThickness / 2.0;","(file-level) LILYPOND-REF: lily/hairpin.cc:110-358","Yellow"
"Svg/Layout/HairpinEngraver.cs","661","0.5","return endMeasure.X + endItem.X - BoundPadding * 0.5;","(file-level) LILYPOND-REF: lily/hairpin.cc:110-358","Yellow"
"Svg/Layout/DynamicEngraver.cs","93","0.6","=> 0.6 * LabelEm(fonts) / DynamicFontSize;","(file-level) LILYPOND-REF: define-grobs.scm:1433-1460 DynamicText grob","Yellow"
"Svg/Layout/DynamicEngraver.cs","96","4.0","private const double StaffMiddle = EngravingDefaults.StaffMiddle;  // staff bottom (4.0) / 2","(file-level) LILYPOND-REF: define-grobs.scm:1433-1460 DynamicText grob","Yellow"
"Svg/Layout/DynamicEngraver.cs","102","1.2","private const double FallbackAscent = 1.2;","(file-level) LILYPOND-REF: define-grobs.scm:1433-1460 DynamicText grob","Yellow"
"Svg/Layout/DynamicEngraver.cs","103","0.64","private const double FallbackDescent = 0.64;","(file-level) LILYPOND-REF: define-grobs.scm:1433-1460 DynamicText grob","Yellow"
"Svg/Layout/DynamicEngraver.cs","120","0.3","private const double TextScriptPadding = 0.3;","LILYPOND-REF: lily/text-engraver.cc:84-100 — acknowledge_note_column sets the X parent","Green"
"Svg/Layout/DynamicEngraver.cs","145","0.0, 0.0","return (0.0, 0.0);","(file-level) LILYPOND-REF: define-grobs.scm:1433-1460 DynamicText grob","Yellow"
"Svg/Layout/DynamicEngraver.cs","162","2.0","internal const double StackStep = 2.0;","(file-level) LILYPOND-REF: define-grobs.scm:1433-1460 DynamicText grob","Yellow"
"Svg/Layout/DynamicEngraver.cs","382","0.0","totalOff += dir * Math.Max(diff, 0.0);","(file-level) LILYPOND-REF: define-grobs.scm:1433-1460 DynamicText grob","Yellow"
"Svg/Layout/DynamicEngraver.cs","410","1.0, 1.0","double dir = above ? 1.0 : -1.0;","LILYPOND-REF: lily/side-position-interface.cc:323-330 set_minimum_height (the staff","Green"
"Svg/Layout/DynamicEngraver.cs","412","0.0","var mine = LabelSkylines(fonts, text, true, xLabel, 0.0);","LILYPOND-REF: lily/side-position-interface.cc:323-330 set_minimum_height (the staff","Green"
"Svg/Layout/DynamicEngraver.cs","416","0.0","off += dir * Math.Max(floorDiff, 0.0);","(file-level) LILYPOND-REF: define-grobs.scm:1433-1460 DynamicText grob","Yellow"
"Svg/Layout/DynamicEngraver.cs","425","1.0, 1.0","return SpannerOffsetY(above ? 1.0 : -1.0, support, my) - textOffset;","(file-level) LILYPOND-REF: define-grobs.scm:1433-1460 DynamicText grob","Yellow"
"Svg/Layout/DynamicEngraver.cs","453","0.2, 0.25, 0.2","const double MmrTextPadding = 0.2, MmrTextStaffPadding = 0.25, SkylineHorizontalPadding = 0.2;","(file-level) LILYPOND-REF: define-grobs.scm:1433-1460 DynamicText grob","Yellow"
"Svg/Layout/DynamicEngraver.cs","471","2.0","double cx = (rest.StartX + rest.EndX) / 2.0;","(file-level) LILYPOND-REF: define-grobs.scm:1433-1460 DynamicText grob","Yellow"
"Svg/Layout/DynamicEngraver.cs","472","1.0, 1.0","double dir = d.IsAbove ? 1.0 : -1.0;","(file-level) LILYPOND-REF: define-grobs.scm:1433-1460 DynamicText grob","Yellow"
"Svg/Layout/DynamicEngraver.cs","483","0.0","var mine = LabelSkylines(fonts, d.Text, true, cx, 0.0);","(file-level) LILYPOND-REF: define-grobs.scm:1433-1460 DynamicText grob","Yellow"
"Svg/Layout/DynamicEngraver.cs","487","0.0","off += dir * Math.Max(StaffExtent + MmrTextStaffPadding - dir * off, 0.0);","(file-level) LILYPOND-REF: define-grobs.scm:1433-1460 DynamicText grob","Yellow"
"Svg/Layout/DynamicEngraver.cs","610","0.0","beamInfo?.Beam, beamInfo?.StemX ?? 0.0) is { } col)","LILYPOND-REF: lily/grob.cc:81-85 Grob::simple_vertical_skylines_from_extents_proc — the `vertical-skylines` default a grob that declares none gets","Green"
"Svg/Layout/DynamicEngraver.cs","623","0.5","double headTop = col.TopHeadPosition * 0.5 + ink.Top;","(file-level) LILYPOND-REF: define-grobs.scm:1433-1460 DynamicText grob","Yellow"
"Svg/Layout/DynamicEngraver.cs","624","0.5","double headBottom = col.BottomHeadPosition * 0.5 + ink.Bottom;","(file-level) LILYPOND-REF: define-grobs.scm:1433-1460 DynamicText grob","Yellow"
"Svg/Layout/DynamicEngraver.cs","637","0.5","double anchorUp = col.HeadPositionToward(col.StemUp) * 0.5;","(file-level) LILYPOND-REF: define-grobs.scm:1433-1460 DynamicText grob","Yellow"
"Svg/Layout/DynamicEngraver.cs","664","2.0","&& DynamicOutline.Place(text, xCentre - w / 2.0, yBaseline) is { } outline)","(file-level) LILYPOND-REF: define-grobs.scm:1433-1460 DynamicText grob","Yellow"
"Svg/Layout/DynamicEngraver.cs","700","0.0","return d > 0 ? -d : 0.0;","(file-level) LILYPOND-REF: define-grobs.scm:1433-1460 DynamicText grob","Yellow"
"Svg/Layout/DynamicEngraver.cs","779","0.0","_ => 0.0,","(file-level) LILYPOND-REF: define-grobs.scm:1433-1460 DynamicText grob","Yellow"
"Svg/Layout/DynamicEngraver.cs","786","2.0","return (box.Left + box.Right) / 2.0;","(file-level) LILYPOND-REF: define-grobs.scm:1433-1460 DynamicText grob","Yellow"
"Svg/Layout/DynamicEngraver.cs","840","2.0","return left <= right ? (left + right) / 2.0 : PaperColumnAlignmentCentre;","LILYPOND-REF: scm/define-grobs.scm:2750 PaperColumn (X-alignment-extent . (0 . 1.35))","Green"
"Svg/Layout/DynamicEngraver.cs","845","1.35, 2.0","private const double PaperColumnAlignmentCentre = 1.35 / 2.0;","LILYPOND-REF: scm/define-grobs.scm:2750 PaperColumn (X-alignment-extent . (0 . 1.35))","Green"
"Svg/Layout/DynamicEngraver.cs","883","2.0","private const double DynamicFontSize = 2.0;","(file-level) LILYPOND-REF: define-grobs.scm:1433-1460 DynamicText grob","Yellow"
"Svg/Layout/DynamicEngraver.cs","937","2.0","return w / 2.0;","(file-level) LILYPOND-REF: define-grobs.scm:1433-1460 DynamicText grob","Yellow"
"Svg/Layout/TextSpannerEngraver.cs","89","3.0","private const double DashPeriod = 3.0;","LILYPOND-REF: scm/define-grobs.scm:3845 (dash-period . 3.0)</remarks>","Green"
"Svg/Layout/TextSpannerEngraver.cs","95","0.2","private const double DashFraction = 0.2;","LILYPOND-REF: scm/define-grobs.scm:3844 (dash-fraction . 0.2)</remarks>","Green"
"Svg/Layout/TextSpannerEngraver.cs","101","0.25","private const double BoundPadding = 0.25;","LILYPOND-REF: scm/define-grobs.scm:3837 (padding . 0.25)</remarks>","Green"
"Svg/Layout/TextSpannerEngraver.cs","126","1.0","private const double MinimumLineLength = 1.0;","(file-level) LILYPOND-REF: scm/define-grobs.scm:3835-3864 TextSpanner grob","Yellow"
"Svg/Layout/TextSpannerEngraver.cs","129","4.0","private const double StaffBottom = 4.0;","LILYPOND-REF lives beside the entry). Consumed here for","Green"
"Svg/Layout/TextSpannerEngraver.cs","142","1.0","private const double TextAscent = 1.0;","(file-level) LILYPOND-REF: scm/define-grobs.scm:3835-3864 TextSpanner grob","Yellow"
"Svg/Layout/TextSpannerEngraver.cs","178","0.46","private const double BetweenLayerPadding = 0.46;","LILYPOND-REF: axis-group-interface.cc default_outside_staff_padding_ = 0.46","Green"
"Svg/Layout/TextSpannerEngraver.cs","183","1.5","private const double HorizontalOverlapTolerance = 1.5;","(file-level) LILYPOND-REF: scm/define-grobs.scm:3835-3864 TextSpanner grob","Yellow"
"Svg/Layout/TextSpannerEngraver.cs","362","2.0","double dynY = staffOffset + (2.0 - dyn.YUp);","(file-level) LILYPOND-REF: scm/define-grobs.scm:3835-3864 TextSpanner grob","Yellow"
"Svg/Layout/TextSpannerEngraver.cs","587","2.0","double lineHalf = EngravingDefaults.StaffLineThickness / 2.0;","(file-level) LILYPOND-REF: scm/define-grobs.scm:3835-3864 TextSpanner grob","Yellow"
"Svg/Layout/TupletBracketEngraver.cs","68","1.0","double LineSpacing = 1.0","LILYPOND-REF: lily/tuplet-bracket.cc:343-347 Tuplet_bracket::print","Green"
"Svg/Layout/TupletBracketEngraver.cs","81","2.0","public double NumberX => (StartX + EndX) / 2.0;","(file-level) LILYPOND-REF: lily/tuplet-bracket.cc:288-443 print method","Yellow"
"Svg/Layout/TupletBracketEngraver.cs","125","0.0","return length > 0 ? BracketOutwardReach * LineSpacing / length * d : 0.0;","(file-level) LILYPOND-REF: lily/tuplet-bracket.cc:288-443 print method","Yellow"
"Svg/Layout/TupletBracketEngraver.cs","138","0.2","internal const double BracketOutwardReach = 0.2;","(file-level) LILYPOND-REF: lily/tuplet-bracket.cc:288-443 print method","Yellow"
"Svg/Layout/TupletBracketEngraver.cs","143","2.0","public double NumberYUp => (StartYUp + EndYUp) / 2.0;","(file-level) LILYPOND-REF: lily/tuplet-bracket.cc:288-443 print method","Yellow"
"Svg/Layout/TupletBracketEngraver.cs","166","1.1","private const double BracketPadding = 1.1;","LILYPOND-REF: scm/define-grobs.scm TupletBracket (padding . 1.1) —","Green"
"Svg/Layout/TupletBracketEngraver.cs","170","0.25","private const double StaffPaddingLP = 0.25;","LILYPOND-REF: scm/define-grobs.scm TupletBracket (staff-padding . 0.25)","Green"
"Svg/Layout/TupletBracketEngraver.cs","171","0.7","private const double EdgeHeight = 0.7;","LILYPOND-REF: scm/define-grobs.scm TupletBracket (staff-padding . 0.25)","Green"
"Svg/Layout/TupletBracketEngraver.cs","189","11.0, 2.0, 2.0, 6.0, 5.0","internal static double NumberFontSize => 11.0 * Math.Pow(2.0, -2.0 / 6.0) / 5.0;","LILYPOND-REF: <c>scm/define-grobs.scm</c> TupletNumber","Green"
"Svg/Layout/TupletBracketEngraver.cs","206","2.0","private const double StaffMiddleDown = 2.0;    // staff-top frame: middle line = StaffHeight/2","LILYPOND-REF: scm/define-grobs.scm TupletBracket (max-slope-factor . 0.5). The","Green"
"Svg/Layout/TupletBracketEngraver.cs","207","2.5","private const double YOffsetAbove = -2.5;  // Above staff","LILYPOND-REF: scm/define-grobs.scm TupletBracket (max-slope-factor . 0.5). The","Green"
"Svg/Layout/TupletBracketEngraver.cs","208","5.5","private const double YOffsetBelow = 5.5;   // Below staff","LILYPOND-REF: scm/define-grobs.scm TupletBracket (max-slope-factor . 0.5). The","Green"
"Svg/Layout/TupletBracketEngraver.cs","213","0.5","private const double MaxSlopeFactor = 0.5;","LILYPOND-REF: scm/define-grobs.scm TupletBracket (max-slope-factor . 0.5). The","Green"
"Svg/Layout/TupletBracketEngraver.cs","223","2.0","private const double NestingDepthOffset = 2.0;","LILYPOND-REF: scm/define-grobs.scm TupletBracket.outside-staff-priority","Green"
"Svg/Layout/TupletBracketEngraver.cs","449","0.0","var staffLocal = new TabStaffGeometry(fonts, tabStaff.Tuning!.Value, 0.0,","(file-level) LILYPOND-REF: lily/tuplet-bracket.cc:288-443 print method","Yellow"
"Svg/Layout/TupletBracketEngraver.cs","543","1.0","LineSpacing: tabStaff != null ? MultiStaffLayouter.LineSpacingOf(tabStaff) : 1.0","(file-level) LILYPOND-REF: lily/tuplet-bracket.cc:288-443 print method","Yellow"
"Svg/Layout/TupletBracketEngraver.cs","640","2.0","double protrudeUp = extUp - 2.0;      // -UP · (staff[UP] − ext[UP])","LILYPOND-REF: lily/tuplet-bracket.cc:816 get_default_dir majority","Green"
"Svg/Layout/TupletBracketEngraver.cs","641","2.0","double protrudeDown = -2.0 - extDown; // -DOWN · (staff[DOWN] − ext[DOWN])","LILYPOND-REF: lily/tuplet-bracket.cc:816 get_default_dir majority","Green"
"Svg/Layout/TupletBracketEngraver.cs","642","813","return protrudeUp <= protrudeDown;    // :813 — UP keeps the final tie","LILYPOND-REF: lily/tuplet-bracket.cc:816 get_default_dir majority","Green"
"Svg/Layout/TupletBracketEngraver.cs","953","0.5","double noteY = StaffMiddleDown - (staffPosition * 0.5);","(file-level) LILYPOND-REF: lily/tuplet-bracket.cc:288-443 print method","Yellow"
"Svg/Layout/TupletBracketEngraver.cs","1097","0.0","? rs : 0.0;","(file-level) LILYPOND-REF: lily/tuplet-bracket.cc:288-443 print method","Yellow"
"Svg/Layout/TupletBracketEngraver.cs","1105","0.0",": 0.0;","(file-level) LILYPOND-REF: lily/tuplet-bracket.cc:288-443 print method","Yellow"
"Svg/Layout/TupletBracketEngraver.cs","1106","2.0, 0.5","double originUp = neutral / 2.0 + shift * 0.5;","(file-level) LILYPOND-REF: lily/tuplet-bracket.cc:288-443 print method","Yellow"
"Svg/Layout/TupletBracketEngraver.cs","1250","2.0","double tipUp = 2.0 - tip;","(file-level) LILYPOND-REF: lily/tuplet-bracket.cc:288-443 print method","Yellow"
"Svg/Layout/TupletBracketEngraver.cs","1281","0.001","if (allRest && !(useRealExtents && !double.IsNaN(bracketStartX) && bracketWidth > 0.001))","LILYPOND-REF: lily/tuplet-bracket.cc:551-552 calc_position_and_height —","Green"
"Svg/Layout/TupletBracketEngraver.cs","1314","0.001","if ((lpPoints.Count > 0 || allRest) && !double.IsNaN(bracketStartX) && bracketWidth > 0.001)","LILYPOND-REF: lily/tuplet-bracket.cc:491-492 calc_position_and_height —","Green"
"Svg/Layout/TupletBracketEngraver.cs","1347","2.3","double staffEdge = 2.3 * dir;","LILYPOND-REF: lily/tuplet-bracket.cc:495-519 calc_position_and_height —","Green"
"Svg/Layout/TupletBracketEngraver.cs","1382","0.0","dy = 0.0;","LILYPOND-REF: lily/tuplet-bracket.cc:551-552 calc_position_and_height.","Green"
"Svg/Layout/TupletBracketEngraver.cs","1398","0.0","dy = 0.0;","(file-level) LILYPOND-REF: lily/tuplet-bracket.cc:288-443 print method","Yellow"
"Svg/Layout/TupletBracketEngraver.cs","1400","0.0","dy = 0.0;","(file-level) LILYPOND-REF: lily/tuplet-bracket.cc:288-443 print method","Yellow"
"Svg/Layout/TupletBracketEngraver.cs","1406","0.0","if (dy != 0.0)","(file-level) LILYPOND-REF: lily/tuplet-bracket.cc:288-443 print method","Yellow"
"Svg/Layout/TupletBracketEngraver.cs","1411","0.0, 0.0","double beamDy = 0.0, subSpan = 0.0;","(file-level) LILYPOND-REF: lily/tuplet-bracket.cc:288-443 print method","Yellow"
"Svg/Layout/TupletBracketEngraver.cs","1421","0.0","if (beamDy != 0.0)","(file-level) LILYPOND-REF: lily/tuplet-bracket.cc:288-443 print method","Yellow"
"Svg/Layout/TupletBracketEngraver.cs","1423","0.001","double beamSlope = Math.Abs(beamDy / (subSpan > 0.001 ? subSpan : span));","(file-level) LILYPOND-REF: lily/tuplet-bracket.cc:288-443 print method","Yellow"
"Svg/Layout/TupletBracketEngraver.cs","1424","0.0","double maxSlope = beamSlope != 0.0","(file-level) LILYPOND-REF: lily/tuplet-bracket.cc:288-443 print method","Yellow"
"Svg/Layout/TupletBracketEngraver.cs","1442","1.0, 1.0","double factor = passPoints.Count > 1 ? 1.0 / span : 1.0;","(file-level) LILYPOND-REF: lily/tuplet-bracket.cc:288-443 print method","Yellow"
"Svg/Layout/TupletBracketEngraver.cs","1458","0.0","Clear(0.0, staffEdge);","(file-level) LILYPOND-REF: lily/tuplet-bracket.cc:288-443 print method","Yellow"
"Svg/Layout/TupletBracketEngraver.cs","1490","690, 692","if (a.OutsideStaffPriority != null)     // LP :690-692","(file-level) LILYPOND-REF: lily/tuplet-bracket.cc:288-443 print method","Yellow"
"Svg/Layout/TupletBracketEngraver.cs","1508","0.01","if (Math.Abs(dy) < 0.01)","(file-level) LILYPOND-REF: lily/tuplet-bracket.cc:288-443 print method","Yellow"
"Svg/Layout/TupletBracketEngraver.cs","1510","0.5","double posQ = offsetUp / 0.5;","(file-level) LILYPOND-REF: lily/tuplet-bracket.cc:288-443 print method","Yellow"
"Svg/Layout/TupletBracketEngraver.cs","1511","5.0, 5.0","if (posQ >= -5.0 && posQ <= 5.0)","(file-level) LILYPOND-REF: lily/tuplet-bracket.cc:288-443 print method","Yellow"
"Svg/Layout/TupletBracketEngraver.cs","1516","0.5","offsetUp = posQ * 0.5;","(file-level) LILYPOND-REF: lily/tuplet-bracket.cc:288-443 print method","Yellow"
"Svg/Layout/TupletBracketEngraver.cs","1521","2.0, 2.0","return (2.0 - offsetUp, 2.0 - (offsetUp + dy));","LILYPOND-REF: lily/tuplet-bracket.cc:566-629 slope calculation","Green"
"Svg/Layout/TupletBracketEngraver.cs","1528","0.5","double positionDiff = (lastPos!.Value - firstPos!.Value) * 0.5;","LILYPOND-REF: lily/tuplet-bracket.cc:566-629 slope calculation","Green"
"Svg/Layout/TupletBracketEngraver.cs","1564","0.5","startY = mid + slopeDir * 0.5;","(file-level) LILYPOND-REF: lily/tuplet-bracket.cc:288-443 print method","Yellow"
"Svg/Layout/TupletBracketEngraver.cs","1565","0.5","endY = mid - slopeDir * 0.5;","(file-level) LILYPOND-REF: lily/tuplet-bracket.cc:288-443 print method","Yellow"
"Svg/Layout/TupletBracketEngraver.cs","1573","4.0","double edge = Math.Max(tipY, 4.0 + StaffPaddingLP)","(file-level) LILYPOND-REF: lily/tuplet-bracket.cc:288-443 print method","Yellow"
"Svg/Layout/TupletBracketEngraver.cs","1576","0.5","startY = mid + slopeDir * 0.5;","(file-level) LILYPOND-REF: lily/tuplet-bracket.cc:288-443 print method","Yellow"
"Svg/Layout/TupletBracketEngraver.cs","1577","0.5","endY = mid - slopeDir * 0.5;","(file-level) LILYPOND-REF: lily/tuplet-bracket.cc:288-443 print method","Yellow"
"Svg/Layout/TupletBracketEngraver.cs","1698","0.0","double half = Math.Max(ArticulationEngraver.TabFretHalfWidth(fonts, tabTuning.Length, fret), hasStem ? halfStem : 0.0);","(file-level) LILYPOND-REF: lily/tuplet-bracket.cc:288-443 print method","Yellow"
"Svg/Layout/TupletBracketEngraver.cs","1760","1.5","double ss = geom.StringSpace;               // the TabStaff's staff-space (1.5)","(file-level) LILYPOND-REF: lily/tuplet-bracket.cc:288-443 print method","Yellow"
"Svg/Layout/TupletBracketEngraver.cs","1763","2.0","double halfDigit = TabConstants.FretDigitHeight(fonts, geom.StringCount) / 2.0;","(file-level) LILYPOND-REF: lily/tuplet-bracket.cc:288-443 print method","Yellow"
"Svg/Layout/TupletBracketEngraver.cs","1766","2.0","double staffReach = (strings - 1) / 2.0 * ss + StaffPaddingLP;","(file-level) LILYPOND-REF: lily/tuplet-bracket.cc:288-443 print method","Yellow"
"Svg/Layout/TupletBracketEngraver.cs","1840","2.0","? hi * ss / 2.0 + halfDigit","(file-level) LILYPOND-REF: lily/tuplet-bracket.cc:288-443 print method","Yellow"
"Svg/Layout/TupletBracketEngraver.cs","1841","2.0",": lo * ss / 2.0 - halfDigit;","(file-level) LILYPOND-REF: lily/tuplet-bracket.cc:288-443 print method","Yellow"
"Svg/Layout/TupletBracketEngraver.cs","1858","2.0","_ => -(box.Top + box.Bottom) / 2.0,","(file-level) LILYPOND-REF: lily/tuplet-bracket.cc:288-443 print method","Yellow"
"Svg/Layout/TupletBracketEngraver.cs","1909","0.0","double dy = 0.0;","(file-level) LILYPOND-REF: lily/tuplet-bracket.cc:288-443 print method","Yellow"
"Svg/Layout/TupletBracketEngraver.cs","1929","0.0","dy = musUp != musDown || Math.Sign(graphicalDy) != musDown ? 0.0 : graphicalDy;","(file-level) LILYPOND-REF: lily/tuplet-bracket.cc:288-443 print method","Yellow"
"Svg/Layout/TupletBracketEngraver.cs","1935","0.0","if (dy != 0.0)","(file-level) LILYPOND-REF: lily/tuplet-bracket.cc:288-443 print method","Yellow"
"Svg/Layout/TupletBracketEngraver.cs","1940","0.0, 0.0","double beamDy = 0.0, subSpan = 0.0;","(file-level) LILYPOND-REF: lily/tuplet-bracket.cc:288-443 print method","Yellow"
"Svg/Layout/TupletBracketEngraver.cs","1952","0.0","if (beamDy != 0.0)","(file-level) LILYPOND-REF: lily/tuplet-bracket.cc:288-443 print method","Yellow"
"Svg/Layout/TupletBracketEngraver.cs","1954","0.0","double beamSlope = Math.Abs(beamDy / (subSpan != 0.0 ? subSpan : span));","(file-level) LILYPOND-REF: lily/tuplet-bracket.cc:288-443 print method","Yellow"
"Svg/Layout/TupletBracketEngraver.cs","1955","0.0","double maxSlope = beamSlope != 0.0 ? Math.Max(beamSlope, MaxSlopeFactor) : MaxSlopeFactor;","(file-level) LILYPOND-REF: lily/tuplet-bracket.cc:288-443 print method","Yellow"
"Svg/Layout/TupletBracketEngraver.cs","1969","0.0","points.Add((0.0, staffEdge));","(file-level) LILYPOND-REF: lily/tuplet-bracket.cc:288-443 print method","Yellow"
"Svg/Layout/TupletBracketEngraver.cs","1980","2.0","double halfThick = EngravingDefaults.TupletBracketThickness / 2.0;","(file-level) LILYPOND-REF: lily/tuplet-bracket.cc:288-443 print method","Yellow"
"Svg/Layout/TupletBracketEngraver.cs","1994","2.0","double y = ((1 - l) * lo + (1 + l) * hi) / 2.0;","(file-level) LILYPOND-REF: lily/tuplet-bracket.cc:288-443 print method","Yellow"
"Svg/Layout/TupletBracketEngraver.cs","2001","2.0","double halfH = fonts.InkHeight(c.NumberText, numberEm, Rendering.TextRole.Tuplet, numberStyle) / 2.0;","(file-level) LILYPOND-REF: lily/tuplet-bracket.cc:288-443 print method","Yellow"
"Svg/Layout/TupletBracketEngraver.cs","2002","2.0","points.Add((c.NumberX - x0, (y0 + y1) / 2.0 + dir * halfH));","(file-level) LILYPOND-REF: lily/tuplet-bracket.cc:288-443 print method","Yellow"
"Svg/Layout/TupletBracketEngraver.cs","2029","1.0, 1.0","double factor = columnCount > 1 ? 1.0 / (x1 - x0) : 1.0;","(file-level) LILYPOND-REF: lily/tuplet-bracket.cc:288-443 print method","Yellow"
"Svg/Layout/TupletBracketEngraver.cs","2040","0.01","if (Math.Abs(dy) < 0.01)","(file-level) LILYPOND-REF: lily/tuplet-bracket.cc:288-443 print method","Yellow"
"Svg/Layout/TupletBracketEngraver.cs","2042","0.5","offset /= 0.5 * ss;","(file-level) LILYPOND-REF: lily/tuplet-bracket.cc:288-443 print method","Yellow"
"Svg/Layout/TupletBracketEngraver.cs","2050","0.5","offset *= 0.5 * ss;","(file-level) LILYPOND-REF: lily/tuplet-bracket.cc:288-443 print method","Yellow"
"Svg/Layout/TupletBracketEngraver.cs","2103","2.0, 2.0","double staffHalf = (geom.StringCount - 1) / 2.0 * geom.StringSpace + EngravingDefaults.StaffLineThickness / 2.0;","(file-level) LILYPOND-REF: lily/tuplet-bracket.cc:288-443 print method","Yellow"
"Svg/Layout/TupletBracketEngraver.cs","2104","811","double upDepth = -(staffHalf - extremeUp);          // :811, d = UP","(file-level) LILYPOND-REF: lily/tuplet-bracket.cc:288-443 print method","Yellow"
"Svg/Layout/TupletBracketEngraver.cs","2105","811","double downDepth = (-staffHalf - extremeDown);      // :811, d = DOWN","(file-level) LILYPOND-REF: lily/tuplet-bracket.cc:288-443 print method","Yellow"
"Svg/Layout/OttavaBracketEngraver.cs","91","0.3","private const double DashFraction = 0.3;","LILYPOND-REF: scm/define-grobs.scm:2710 (dash-fraction . 0.3)</remarks>","Green"
"Svg/Layout/OttavaBracketEngraver.cs","96","2.0","private const double DashPeriod = 2.0;","LILYPOND-REF: scm/define-grobs.scm:2711 (edge-height . (0 . 0.8))</remarks>","Green"
"Svg/Layout/OttavaBracketEngraver.cs","102","0.8","private const double EndEdgeHeight = 0.8;","LILYPOND-REF: scm/define-grobs.scm:2711 (edge-height . (0 . 0.8))</remarks>","Green"
"Svg/Layout/OttavaBracketEngraver.cs","123","2.0","StaffPadding + EngravingDefaults.StaffLineThickness / 2.0;","(file-level) LILYPOND-REF: lily/ottava-bracket.cc Ottava_bracket::print()","Yellow"
"Svg/Layout/OttavaBracketEngraver.cs","136","4.0, 2.0","-(4.0 + StaffPadding + EngravingDefaults.StaffLineThickness / 2.0);","LILYPOND-REF: scm/define-grobs.scm:2717 (shorten-pair . (-0.8 . -0.6))</remarks>","Green"
"Svg/Layout/OttavaBracketEngraver.cs","142","0.8","private const double LeftShorten = -0.8;","LILYPOND-REF: scm/define-grobs.scm:2717 (shorten-pair . (-0.8 . -0.6))</remarks>","Green"
"Svg/Layout/OttavaBracketEngraver.cs","147","0.6","private const double RightShorten = -0.6;","LILYPOND-REF: lily/ottava-bracket.cc:124-135 Ottava_bracket::print —","Green"
"Svg/Layout/OttavaBracketEngraver.cs","158","0.3","private const double LabelLineItalicCorrection = 0.3;","(file-level) LILYPOND-REF: lily/ottava-bracket.cc Ottava_bracket::print()","Yellow"
"Svg/Layout/OttavaBracketEngraver.cs","227","2.0","double half = EngravingDefaults.StaffLineThickness / 2.0;","(file-level) LILYPOND-REF: lily/ottava-bracket.cc Ottava_bracket::print()","Yellow"
"Svg/Layout/OttavaBracketEngraver.cs","259","2.0","return (ink.Top + ink.Bottom) / 2.0;","(file-level) LILYPOND-REF: lily/ottava-bracket.cc Ottava_bracket::print()","Yellow"
"Svg/Layout/OttavaBracketEngraver.cs","375","2.0","double yUp = lineMiddleFrame - 2.0 - staffOffset;","(file-level) LILYPOND-REF: lily/ottava-bracket.cc Ottava_bracket::print()","Yellow"
"Svg/Layout/OttavaBracketEngraver.cs","471","1.0, 1.0","double dir = isAbove ? 1.0 : -1.0;","(file-level) LILYPOND-REF: lily/ottava-bracket.cc Ottava_bracket::print()","Yellow"
"Svg/Layout/OttavaBracketEngraver.cs","477","0.0","endX, edgeHeight, isAbove, 0.0);","(file-level) LILYPOND-REF: lily/ottava-bracket.cc Ottava_bracket::print()","Yellow"
"Svg/Layout/OttavaBracketEngraver.cs","494","0.0","columns.Add((mi, ii, ml.X + (ii < ml.Items.Length ? ml.Items[ii].X : 0.0)));","(file-level) LILYPOND-REF: lily/ottava-bracket.cc Ottava_bracket::print()","Yellow"
"Svg/Layout/OttavaBracketEngraver.cs","517","0.0","totalOff += dir * Math.Max(diff, 0.0);","(file-level) LILYPOND-REF: lily/ottava-bracket.cc Ottava_bracket::print()","Yellow"
"Svg/Layout/PedalEngraver.cs","80","1.0","private const double BoundPadding = 1.0;","LILYPOND-REF: define-grobs.scm:2857 bound-padding = 1.0","Green"
"Svg/Layout/PedalEngraver.cs","83","1.0","private const double EdgeHeight = 1.0;","LILYPOND-REF: define-grobs.scm:2860 edge-height = (1.0 . 1.0)","Green"
"Svg/Layout/PedalEngraver.cs","90","1.2","private const double SpannerPadding = 1.2;","LILYPOND-REF: define-grobs.scm:3593-3606 SustainPedalLineSpanner -- the axis group a","Green"
"Svg/Layout/PedalEngraver.cs","93","0.05","private const double HalfThickness = 0.05;","(file-level) LILYPOND-REF: define-grobs.scm:2855-2873 PianoPedalBracket grob","Yellow"
"Svg/Layout/PedalEngraver.cs","98","0.1","private const double HookWidth = 0.1;","(file-level) LILYPOND-REF: define-grobs.scm:2855-2873 PianoPedalBracket grob","Yellow"
"Svg/Layout/PedalEngraver.cs","222","1.0, 1.0","|| StaffSize.Of(staff).Span(1.0) != 1.0)","(file-level) LILYPOND-REF: define-grobs.scm:2855-2873 PianoPedalBracket grob","Yellow"
"Svg/Layout/PedalEngraver.cs","338","1.0, 1.0","|| StaffSize.Of(staff).Span(1.0) != 1.0)","(file-level) LILYPOND-REF: define-grobs.scm:2855-2873 PianoPedalBracket grob","Yellow"
"Svg/Layout/PedalEngraver.cs","382","2.0","if (endX - startX < 2.0)","(file-level) LILYPOND-REF: define-grobs.scm:2855-2873 PianoPedalBracket grob","Yellow"
"Svg/Layout/PedalEngraver.cs","383","2.0","endX = startX + 2.0; // the same minimum Calculate applies","(file-level) LILYPOND-REF: define-grobs.scm:2855-2873 PianoPedalBracket grob","Yellow"
"Svg/Layout/PedalEngraver.cs","692","4.0","double systemBottom = 4.0;","(file-level) LILYPOND-REF: define-grobs.scm:2855-2873 PianoPedalBracket grob","Yellow"
"Svg/Layout/PedalEngraver.cs","777","2.0","y = topDown + 2.0 - lineYUp;","(file-level) LILYPOND-REF: define-grobs.scm:2855-2873 PianoPedalBracket grob","Yellow"
"Svg/Layout/PedalEngraver.cs","781","2.0","if (!brokenLeft && !brokenRight && endX - startX < 2.0)","(file-level) LILYPOND-REF: define-grobs.scm:2855-2873 PianoPedalBracket grob","Yellow"
"Svg/Layout/PedalEngraver.cs","782","2.0","endX = startX + 2.0;","(file-level) LILYPOND-REF: define-grobs.scm:2855-2873 PianoPedalBracket grob","Yellow"
"Svg/Layout/PedalEngraver.cs","900","2.05, 0.0","-1e9, 1e9, -2.05, 0.0, VerticalDirection.Down);","(file-level) LILYPOND-REF: define-grobs.scm:2855-2873 PianoPedalBracket grob","Yellow"
"Svg/EngravingDefaults.cs","102","12","private static readonly double[]?[] TabLinePositionTables = new double[12][];","LILYPOND-REF: scm/define-grobs.scm:3396 StaffSymbol line-count 5, the staff-symbol-interface default.</remarks>","Green"
"Svg/EngravingDefaults.cs","143","0.0","private static readonly double[] OneLinePositions = { 0.0 };","(file-level) LILYPOND-REF: lily/spacing-options.cc:55-66 Spacing_options constructor (defaults)","Yellow"
"Svg/EngravingDefaults.cs","144","2.0, 2.0","private static readonly double[] TwoLinePositions = { -2.0, 2.0 };","(file-level) LILYPOND-REF: lily/spacing-options.cc:55-66 Spacing_options constructor (defaults)","Yellow"
"Svg/EngravingDefaults.cs","145","2.0, 0.0, 2.0","private static readonly double[] ThreeLinePositions = { -2.0, 0.0, 2.0 };","(file-level) LILYPOND-REF: lily/spacing-options.cc:55-66 Spacing_options constructor (defaults)","Yellow"
"Svg/EngravingDefaults.cs","146","2.0, 0.0, 2.0, 4.0","private static readonly double[] FourLinePositions = { -2.0, 0.0, 2.0, 4.0 };","(file-level) LILYPOND-REF: lily/spacing-options.cc:55-66 Spacing_options constructor (defaults)","Yellow"
"Svg/EngravingDefaults.cs","147","4.0, 2.0, 0.0, 2.0, 4.0","private static readonly double[] FiveLinePositions = { -4.0, -2.0, 0.0, 2.0, 4.0 };","LILYPOND-REF: lily/staff-symbol.cc:372-382 Staff_symbol::on_line, the","Green"
"Svg/EngravingDefaults.cs","167","1.0","public static double StaffLineThickness => 1.0 * LineThickness;","LILYPOND-REF: lily/staff-symbol.cc — StaffSymbol thickness default 1.0","Green"
"Svg/EngravingDefaults.cs","176","0.45","public const double SystemStartBracketThickness = 0.45;","LILYPOND-REF: scm/define-grobs.scm:3685-3699 ly:system-start-delimiter::print — SystemStartBracket's (thickness . 0.45), read by","Green"
"Svg/EngravingDefaults.cs","191","1.0","public const double SystemSkylineHorizontalPadding = 1.0;","LILYPOND-REF: lily/page-layout-problem.cc:618-629 append_system —","Green"
"Svg/EngravingDefaults.cs","202","1.0","EngravingStyle.Current.LedgerLineThicknessLines * StaffLineThickness + EngravingStyle.Current.LedgerLineThicknessSpaces * 1.0;","LILYPOND-REF: lily/staff-symbol.cc:337-344 get_ledger_line_thickness;","Green"
"Svg/EngravingDefaults.cs","234","0.08","public const double BlotDiameter = 0.08;","LILYPOND-REF: lily/flag.cc:183-196 Flag::internal_calc_y_offset — <c>stem_extent[d] - d * blot / 2</c>.","Green"
"Svg/EngravingDefaults.cs","245","2.5","public const double MinStemLength = 2.5;","LILYPOND-REF: lily/stem.cc:481-596 internal_calc_stem_end_position.","Green"
"Svg/EngravingDefaults.cs","246","3.5","public const double DefaultStemLength = 3.5;","LILYPOND-REF: lily/stem.cc:481-596 internal_calc_stem_end_position.","Green"
"Svg/EngravingDefaults.cs","254","2.0, 2.0","public static double BeamTranslation => (2.0 + LineThickness - BeamThickness) / 2.0;","LILYPOND-REF: lily/beam.cc Beam::get_beam_translation — for <4 beams,","Green"
"Svg/EngravingDefaults.cs","260","0.8","public const double TremoloBeamGap = 0.8;","LILYPOND-REF: lily/beam.cc:403-427 get_gaps — reads the gap length.","Green"
"Svg/EngravingDefaults.cs","273","0.384","public const double GraceBeamThickness = 0.384;","LILYPOND-REF: scm/music-functions.scm:635-648 <c>general-grace-settings</c>.","Green"
"Svg/EngravingDefaults.cs","284","0.8","public const double GraceBeamLengthFraction = 0.8;","(file-level) LILYPOND-REF: lily/spacing-options.cc:55-66 Spacing_options constructor (defaults)","Yellow"
"Svg/EngravingDefaults.cs","324","2.0, 2.0","? (2.0 * lengthFraction + (lineThickness ?? LineThickness) * lengthFraction - beamThickness) / 2.0","LILYPOND-REF: scm/define-grobs.scm Beam (beamlet-default-length . (1.1 . 1.1)) —","Green"
"Svg/EngravingDefaults.cs","325","3.0, 3.0",": (3.0 * lengthFraction + (lineThickness ?? LineThickness) * lengthFraction - beamThickness) / 3.0;","LILYPOND-REF: scm/define-grobs.scm Beam (beamlet-default-length . (1.1 . 1.1)) —","Green"
"Svg/EngravingDefaults.cs","328","1.1","public const double BeamletLength = 1.1;","LILYPOND-REF: scm/define-grobs.scm Beam (beamlet-default-length . (1.1 . 1.1)) —","Green"
"Svg/EngravingDefaults.cs","337","0.75","public const double BeamletMaxLengthProportion = 0.75;","(file-level) LILYPOND-REF: lily/spacing-options.cc:55-66 Spacing_options constructor (defaults)","Yellow"
"Svg/EngravingDefaults.cs","359","3.0","public static double BarlineSeparation => 3.0 * PaperLineThickness;","LILYPOND-REF: scm/define-grobs.scm BarLine (kern . 3.0);","Green"
"Svg/EngravingDefaults.cs","375","1.6","public static double TupletBracketThickness => 1.6 * LineThickness;","LILYPOND-REF: scm/define-grobs.scm TupletBracket (thickness . 1.6).</remarks>","Green"
"Svg/EngravingDefaults.cs","382","6.6","public static double MultiMeasureRestThickThickness => 6.6 * PaperLineThickness;","LILYPOND-REF: scm/define-grobs.scm MultiMeasureRest","Green"
"Svg/EngravingDefaults.cs","389","2.0","public static double MultiMeasureRestHairThickness => 2.0 * PaperLineThickness;","LILYPOND-REF: scm/define-grobs.scm MultiMeasureRest","Green"
"Svg/EngravingDefaults.cs","421","4.0","public const double CueFontSizeStep = -4.0;","(file-level) LILYPOND-REF: lily/spacing-options.cc:55-66 Spacing_options constructor (defaults)","Yellow"
"Svg/EngravingDefaults.cs","515","0.35","public const double CueBeamThickness = 0.35;","LILYPOND-REF: ly/engraver-init.ly CueVoice — <c>\override Beam.beam-thickness = #0.35</c>.","Green"
"Svg/EngravingDefaults.cs","539","0.0","public const double RestCenterPosition = 0.0;","LILYPOND-REF: scm/define-grobs.scm Rest (minimum-distance . 0.25) — consumed by","Green"
"Svg/EngravingDefaults.cs","548","0.25","public const double RestMinimumDistance = 0.25;","LILYPOND-REF: scm/define-grobs.scm Rest (minimum-distance . 0.25) — consumed by","Green"
"Svg/EngravingDefaults.cs","553","0.5","public const double PedalBracketFlare = 0.5;","LILYPOND-REF: scm/define-grobs.scm PianoPedalBracket bracket-flare = (0.5 . 0.5).</summary>","Green"
"Svg/EngravingDefaults.cs","571","0.8","public const double ClefGlyphXOffset = 0.8;","(file-level) LILYPOND-REF: lily/spacing-options.cc:55-66 Spacing_options constructor (defaults)","Yellow"
"Svg/EngravingDefaults.cs","602","2.2, 2.0, 1.0, 6.0","public static readonly double LyricTextFontSize = 2.2 * Math.Pow(2.0, 1.0 / 6.0);","(file-level) LILYPOND-REF: lily/spacing-options.cc:55-66 Spacing_options constructor (defaults)","Yellow"
"Svg/EngravingDefaults.cs","623","2.2, 2.0, 1.5, 6.0","public static readonly double ChordNameFontSize = 2.2 * Math.Pow(2.0, 1.5 / 6.0);","(file-level) LILYPOND-REF: lily/spacing-options.cc:55-66 Spacing_options constructor (defaults)","Yellow"
"Svg/EngravingDefaults.cs","652","11.0, 5.0","public static readonly double TextScriptFontSize = 11.0 / 5.0;","LILYPOND-REF: scm/paper.scm:69-77 text-font-size — 11 * (staff-height/20pt), i.e.","Green"
"Svg/EngravingDefaults.cs","694","4.0, 2.0, 5.0, 6.0","public static readonly double FiguredBassFontSize = 4.0 * Math.Pow(2.0, -5.0 / 6.0);","(file-level) LILYPOND-REF: lily/spacing-options.cc:55-66 Spacing_options constructor (defaults)","Yellow"
"Svg/EngravingDefaults.cs","733","2.296","public const double NoteheadDoubleWholeWidth = 2.296;","(file-level) LILYPOND-REF: lily/spacing-options.cc:55-66 Spacing_options constructor (defaults)","Yellow"
"Svg/EngravingDefaults.cs","786","0.5","public const double TabDoubleStemSeparation = 0.5;","(file-level) LILYPOND-REF: lily/spacing-options.cc:55-66 Spacing_options constructor (defaults)","Yellow"
"Svg/EngravingDefaults.cs","803","2.0","public const double StaffMiddle = 2.0;","(file-level) LILYPOND-REF: lily/spacing-options.cc:55-66 Spacing_options constructor (defaults)","Yellow"
"Svg/EngravingDefaults.cs","830","0.5","public const double NoteheadHalfHeight = 0.5;","(file-level) LILYPOND-REF: lily/spacing-options.cc:55-66 Spacing_options constructor (defaults)","Yellow"
"Svg/EngravingDefaults.cs","867","1.0","public const double RestHeight = 1.0;","(file-level) LILYPOND-REF: lily/spacing-options.cc:55-66 Spacing_options constructor (defaults)","Yellow"
"Svg/EngravingDefaults.cs","869","1.0","public const double RestWidth = 1.0;","(file-level) LILYPOND-REF: lily/spacing-options.cc:55-66 Spacing_options constructor (defaults)","Yellow"
"Svg/EngravingDefaults.cs","887","1.35","public const double PaperColumnXAlignmentExtentWidth = 1.35;","(file-level) LILYPOND-REF: lily/spacing-options.cc:55-66 Spacing_options constructor (defaults)","Yellow"
"Svg/EngravingDefaults.cs","968","0.225","public const double RepeatDotRadius = 0.225;","(file-level) LILYPOND-REF: lily/spacing-options.cc:55-66 Spacing_options constructor (defaults)","Yellow"
"Svg/EngravingDefaults.cs","1000","1.0","public static double RepeatDotHalfSpan(int lineCount, double staffSpace = 1.0)","(file-level) LILYPOND-REF: lily/spacing-options.cc:55-66 Spacing_options constructor (defaults)","Yellow"
"Svg/EngravingDefaults.cs","1013","2.0","folded[i] = System.Math.Abs((lineCount - 1) - 2.0 * i);","(file-level) LILYPOND-REF: lily/spacing-options.cc:55-66 Spacing_options constructor (defaults)","Yellow"
"Svg/EngravingDefaults.cs","1041","1.2","public const double SpacingIncrement = 1.2;","LILYPOND-REF: scm/define-grobs.scm SpacingSpanner (spacing-increment . 1.2).","Green"
"Svg/EngravingDefaults.cs","1054","1.3","public const double BarLineToFirstNoteSpace = 1.3;","LILYPOND-REF: scm/define-grobs.scm:300 BarLine space-alist;","Green"
"Svg/EngravingDefaults.cs","1064","0.9","public const double BarLineToNextNoteSpace = 0.9;","LILYPOND-REF: scm/define-grobs.scm:301 BarLine space-alist;","Green"
"Svg/EngravingDefaults.cs","1084","9.0","public const double StaffStaffBasicDistance = 9.0;","(file-level) LILYPOND-REF: lily/spacing-options.cc:55-66 Spacing_options constructor (defaults)","Yellow"
"Svg/EngravingDefaults.cs","1086","7.0","public const double StaffStaffMinimumDistance = 7.0;","(file-level) LILYPOND-REF: lily/spacing-options.cc:55-66 Spacing_options constructor (defaults)","Yellow"
"Svg/EngravingDefaults.cs","1088","1.0","public const double StaffStaffPadding = 1.0;","(file-level) LILYPOND-REF: lily/spacing-options.cc:55-66 Spacing_options constructor (defaults)","Yellow"
"Svg/EngravingDefaults.cs","1111","0.5","public const double TrillSpannerPadding = 0.5;","LILYPOND-REF: scm/define-grobs.scm:4079 TrillSpanner padding, read by aligned_side —","Green"
"Svg/EngravingDefaults.cs","1119","1.0","public const double TrillSpannerStaffPadding = 1.0;","LILYPOND-REF: scm/define-grobs.scm:4081 TrillSpanner staff-padding, read by aligned_side.</remarks>","Green"
"Svg/EngravingDefaults.cs","1126","1.0","public const double TrillSpannerTextOffsetDown = 1.0;","LILYPOND-REF: scm/define-grobs.scm:4068 TrillSpanner stencil-offset, inside its left-bound-info text.</remarks>","Green"
"Svg/EngravingDefaults.cs","1133","0.8","public const double TextSpannerStaffPadding = 0.8;","LILYPOND-REF: scm/define-grobs.scm:3852 TextSpanner staff-padding, read by aligned_side.</remarks>","Green"
"Svg/EngravingDefaults.cs","1141","0.5","public const double TextScriptStaffPadding = 0.5;","LILYPOND-REF: scm/define-grobs.scm:3816 TextScript staff-padding;","Green"
"Svg/EngravingDefaults.cs","1152","1.0","public const double BassFigureStaffPadding = 1.0;","LILYPOND-REF: scm/define-grobs.scm:395 staff-padding of BassFigureAlignmentPositioning (side-position-interface at :407);","Green"
"Svg/EngravingDefaults.cs","1162","0.5","public const double BassFigurePadding = 0.5;","LILYPOND-REF: scm/define-grobs.scm:393 padding of BassFigureAlignmentPositioning (side-position-interface at :407),","Green"
"Svg/EngravingDefaults.cs","1167","2.0","public const double OttavaBracketStaffPadding = 2.0;","LILYPOND-REF: scm/define-grobs.scm:2718 OttavaBracket staff-padding, read by aligned_side.</remarks>","Green"
"Svg/EngravingDefaults.cs","1180","0.5","public const double OttavaBracketPadding = 0.5;","(file-level) LILYPOND-REF: lily/spacing-options.cc:55-66 Spacing_options constructor (defaults)","Yellow"
"Svg/EngravingDefaults.cs","1223","0.6","public const double DynamicLineSpannerPadding = 0.6;","LILYPOND-REF: scm/define-grobs.scm:1408 DynamicLineSpanner padding, read by aligned_side.</remarks>","Green"
"Svg/EngravingDefaults.cs","1228","0.1","public const double DynamicLineSpannerStaffPadding = 0.1;","LILYPOND-REF: scm/define-grobs.scm:1411 DynamicLineSpanner staff-padding, read by aligned_side.</remarks>","Green"
"Svg/EngravingDefaults.cs","1232","1.2","public const double DynamicLineSpannerMinimumSpace = 1.2;","LILYPOND-REF: scm/define-grobs.scm:1406 DynamicLineSpanner minimum-space, read by aligned_side.</remarks>","Green"
"Svg/EngravingDefaults.cs","1243","0.8","public const double MetronomeMarkPadding = 0.8;","LILYPOND-REF: scm/define-grobs.scm:2343 MetronomeMark padding, read by aligned_side;","Green"
"Svg/EngravingDefaults.cs","1259","2.0, 1.0, 6.0","public static readonly double MetronomeMarkNoteMagstep = Math.Pow(2.0, -1.0 / 6.0);","LILYPOND-REF: scm/translation-functions.scm:118-124 metronome-markup make-smaller-markup;","Green"
"Svg/EngravingDefaults.cs","1267","2.0","public const double ShortestDurationSpace = 2.0;","LILYPOND-REF: scm/define-grobs.scm SpacingSpanner (shortest-duration-space . 2.0).","Green"
"Svg/EngravingDefaults.cs","1282","0.1875, 16","public const double BaseShortestDuration = 0.1875; // 3/16","(file-level) LILYPOND-REF: lily/spacing-options.cc:55-66 Spacing_options constructor (defaults)","Yellow"
"Svg/EngravingDefaults.cs","1318","1.5","public static double TabStringSpace(int stringCount) => 1.5;","(file-level) LILYPOND-REF: lily/spacing-options.cc:55-66 Spacing_options constructor (defaults)","Yellow"
"Svg/EngravingDefaults.cs","1406","1.2","public static double TieMidThickness => 1.2 * LineThickness;","LILYPOND-REF: scm/define-grobs.scm:3902 Tie (thickness . 1.2).</remarks>","Green"
"Svg/EngravingDefaults.cs","1410","1.2","public static double SlurMidThickness => 1.2 * LineThickness;","LILYPOND-REF: scm/define-grobs.scm:3180 Slur (thickness . 1.2).</remarks>","Green"
"Svg/EngravingDefaults.cs","1416","0.8","public static double BowEndRounding => 0.8 * LineThickness;","LILYPOND-REF: scm/define-grobs.scm:3175/3898 (line-thickness . 0.8);","Green"
"Svg/PaperSettings.cs","44","210.0","private const double ReferenceWidth = 210.0;  // A4 width in mm","","Red"
"Svg/PaperSettings.cs","45","297.0","private const double ReferenceHeight = 297.0; // A4 height in mm","","Red"
"Svg/PaperSettings.cs","50","210.0","public double PaperWidth { get; set; } = 210.0;","","Red"
"Svg/PaperSettings.cs","55","297.0","public double PaperHeight { get; set; } = 297.0;","","Red"
"Svg/PaperSettings.cs","60","10.0","public double TopMargin { get; set; } = 10.0;","","Red"
"Svg/PaperSettings.cs","65","10.0","public double BottomMargin { get; set; } = 10.0;","","Red"
"Svg/PaperSettings.cs","70","15.0","public double LeftMargin { get; set; } = 15.0;","","Red"
"Svg/PaperSettings.cs","75","15.0","public double RightMargin { get; set; } = 15.0;","","Red"
"Svg/PaperSettings.cs","80","15.0","public double Indent { get; set; } = 15.0;","","Red"
"Svg/PaperSettings.cs","85","0.0","public double ShortIndent { get; set; } = 0.0;","","Red"
"Svg/PaperSettings.cs","90","20.0","public double StaffSize { get; set; } = 20.0;","","Red"
"Svg/PaperSettings.cs","95","4.0","public double StaffSpace => StaffSize / 4.0;","","Red"
"Svg/PaperSettings.cs","128","210.0, 297.0","PaperSize.A4 => (210.0, 297.0),","","Red"
"Svg/PaperSettings.cs","129","148.0, 210.0","PaperSize.A5 => (148.0, 210.0),","","Red"
"Svg/PaperSettings.cs","130","215.9, 279.4","PaperSize.Letter => (215.9, 279.4),","","Red"
"Svg/PaperSettings.cs","131","215.9, 355.6","PaperSize.Legal => (215.9, 355.6),","","Red"
"Svg/PaperSettings.cs","132","176.0, 250.0","PaperSize.B5 => (176.0, 250.0),","","Red"
"Svg/PaperSettings.cs","133","210.0, 297.0","_ => (210.0, 297.0)","","Red"
"Svg/PaperSettings.cs","147","10.0","TopMargin = 10.0 * heightRatio;","","Red"
"Svg/PaperSettings.cs","148","10.0","BottomMargin = 10.0 * heightRatio;","","Red"
"Svg/PaperSettings.cs","151","15.0","LeftMargin = 15.0 * widthRatio;","","Red"
"Svg/PaperSettings.cs","152","15.0","RightMargin = 15.0 * widthRatio;","","Red"
"Svg/PaperSettings.cs","153","15.0","Indent = 15.0 * widthRatio;","","Red"
"Svg/Layout/GlyphMetrics.cs","97","2.0, 6.0","ForFontSizeStep(step).Scaled(System.Math.Pow(2.0, step / 6.0)));","(file-level) LILYPOND-REF: lily/font-select.cc:115-186 select_font — the requested size picks the","Yellow"
"Svg/Layout/GlyphMetrics.cs","115","0.168","public static readonly Anchor StemUpSE = new(NoteheadBlackAdvance, 0.168);","LILYPOND-REF: lily/stem.cc — stem attaches at notehead.extent(X_AXIS)[RIGHT]","Green"
"Svg/Layout/GlyphMetrics.cs","118","0.168","public static readonly Anchor StemDownNW = new(0, -0.168);","(file-level) LILYPOND-REF: lily/font-select.cc:115-186 select_font — the requested size picks the","Yellow"
"Svg/Layout/GlyphMetrics.cs","156","1.8","public const double RestMaximaWidth = 1.8;","LILYPOND-REF: mf/feta-rests.mf — rests.M3.","Green"
"Svg/Layout/GlyphMetrics.cs","193","0.35","? 0.35","(file-level) LILYPOND-REF: lily/font-select.cc:115-186 select_font — the requested size picks the","Yellow"
"Svg/Layout/GlyphMetrics.cs","223","0.4","public const double MinItemGap = 0.4;","(file-level) LILYPOND-REF: lily/font-select.cc:115-186 select_font — the requested size picks the","Yellow"
"Svg/Layout/GlyphMetrics.cs","228","0.8","public const double BarlinePadding = 0.8;","(file-level) LILYPOND-REF: lily/font-select.cc:115-186 select_font — the requested size picks the","Yellow"
"Svg/Layout/GlyphMetrics.cs","574","16","16 => Rest16th,","(file-level) LILYPOND-REF: lily/font-select.cc:115-186 select_font — the requested size picks the","Yellow"
"Svg/Layout/GlyphMetrics.cs","575","32","32 => Rest32nd,","(file-level) LILYPOND-REF: lily/font-select.cc:115-186 select_font — the requested size picks the","Yellow"
"Svg/Layout/GlyphMetrics.cs","576","64","64 => Rest64th,","(file-level) LILYPOND-REF: lily/font-select.cc:115-186 select_font — the requested size picks the","Yellow"
"Svg/Layout/GlyphMetrics.cs","577","128","128 => Rest128th,","(file-level) LILYPOND-REF: lily/font-select.cc:115-186 select_font — the requested size picks the","Yellow"
"Svg/Layout/GlyphMetrics.cs","599","16","16 => Rest16thOutline,","(file-level) LILYPOND-REF: lily/font-select.cc:115-186 select_font — the requested size picks the","Yellow"
"Svg/Layout/GlyphMetrics.cs","600","32","32 => Rest32ndOutline,","(file-level) LILYPOND-REF: lily/font-select.cc:115-186 select_font — the requested size picks the","Yellow"
"Svg/Layout/GlyphMetrics.cs","601","64","64 => Rest64thOutline,","(file-level) LILYPOND-REF: lily/font-select.cc:115-186 select_font — the requested size picks the","Yellow"
"Svg/Layout/GlyphMetrics.cs","602","128","128 => Rest128thOutline,","(file-level) LILYPOND-REF: lily/font-select.cc:115-186 select_font — the requested size picks the","Yellow"
"Svg/Layout/GlyphMetrics.cs","614","0.1","public const double RestoreFirstPad = 0.1;","LILYPOND-REF: lily/accidental.cc:131-142 Accidental_interface::print —","Green"
"Svg/Layout/GlyphMetrics.cs","673","1.0, 1.0","return (-1.0, 1.0);","(file-level) LILYPOND-REF: lily/font-select.cc:115-186 select_font — the requested size picks the","Yellow"
"Svg/Layout/GlyphMetrics.cs","676","0.8, 1.0","""sharp"" => (-0.8, 1.0),","(file-level) LILYPOND-REF: lily/font-select.cc:115-186 select_font — the requested size picks the","Yellow"
"Svg/Layout/GlyphMetrics.cs","677","0.0, 0.8","""flat"" => (0.0, 0.8),","(file-level) LILYPOND-REF: lily/font-select.cc:115-186 select_font — the requested size picks the","Yellow"
"Svg/Layout/GlyphMetrics.cs","678","1.8, 1.0","""natural"" => (-1.8, 1.0),","(file-level) LILYPOND-REF: lily/font-select.cc:115-186 select_font — the requested size picks the","Yellow"
"Svg/Layout/GlyphMetrics.cs","679","0.8, 0.8","""doubleSharp"" => (-0.8, 0.8),","(file-level) LILYPOND-REF: lily/font-select.cc:115-186 select_font — the requested size picks the","Yellow"
"Svg/Layout/GlyphMetrics.cs","680","0.0, 0.8","""doubleFlat"" => (0.0, 0.8),","(file-level) LILYPOND-REF: lily/font-select.cc:115-186 select_font — the requested size picks the","Yellow"
"Svg/Layout/GlyphMetrics.cs","681","0.0, 0.0","_ => (0.0, 0.0),","(file-level) LILYPOND-REF: lily/font-select.cc:115-186 select_font — the requested size picks the","Yellow"
"Svg/Layout/GlyphMetrics.cs","821","1.30","0 => font.NoteheadWholeAdvance * 1.30,","(file-level) LILYPOND-REF: lily/font-select.cc:115-186 select_font — the requested size picks the","Yellow"
"Svg/Layout/GlyphMetrics.cs","944","16","(16, true) => font.Flag16thUp,","(file-level) LILYPOND-REF: lily/font-select.cc:115-186 select_font — the requested size picks the","Yellow"
"Svg/Layout/GlyphMetrics.cs","945","16","(16, false) => font.Flag16thDown,","(file-level) LILYPOND-REF: lily/font-select.cc:115-186 select_font — the requested size picks the","Yellow"
"Svg/Layout/GlyphMetrics.cs","947","32","(>= 32, true) => font.Flag16thUp,","(file-level) LILYPOND-REF: lily/font-select.cc:115-186 select_font — the requested size picks the","Yellow"
"Svg/Layout/GlyphMetrics.cs","948","32","(>= 32, false) => font.Flag16thDown,","(file-level) LILYPOND-REF: lily/font-select.cc:115-186 select_font — the requested size picks the","Yellow"
"Svg/Layout/GlyphMetrics.cs","1069","0.0","_ => ('\0', default, 0.0),","(file-level) LILYPOND-REF: lily/font-select.cc:115-186 select_font — the requested size picks the","Yellow"
"Svg/EmmentalerGlyphs.cs","103","16, 32, 64, 128","16 => Rest16th, 32 => Rest32nd, 64 => Rest64th, 128 => Rest128th,","(file-level) LILYPOND-REF: scm/define-grobs.scm:944-975 (ClefModifier grob)</para>","Yellow"
"Svg/EmmentalerGlyphs.cs","169","16","16 => stemUp ? Flag16thUp : Flag16thDown,","LILYPOND-REF: lily/flag.cc Flag::glyph_name — ""flags."" + (up ? 'u' : 'd') + duration-log.","Green"
"Svg/EmmentalerGlyphs.cs","170","32","32 => stemUp ? Flag32ndUp : Flag32ndDown,","(file-level) LILYPOND-REF: scm/define-grobs.scm:944-975 (ClefModifier grob)</para>","Yellow"
"Svg/EmmentalerGlyphs.cs","171","64","64 => stemUp ? Flag64thUp : Flag64thDown,","(file-level) LILYPOND-REF: scm/define-grobs.scm:944-975 (ClefModifier grob)</para>","Yellow"
"Svg/EmmentalerGlyphs.cs","172","128","128 => stemUp ? Flag128thUp : Flag128thDown,","(file-level) LILYPOND-REF: scm/define-grobs.scm:944-975 (ClefModifier grob)</para>","Yellow"
